{
    "type": "FeatureCollection",
    "features": [
        {
            "type": "Feature",
            "geometry": {
                "type": "Point",
                "coordinates": [
                    112.6241751,
                    -7.9708324
                ]
            },
            "properties": {
                "osm_id": 12325179601,
                "osm_type": "nodes",
                "opening_hours": null,
                "network": null,
                "operator": null,
                "name": "CASA",
                "amenity": "restaurant"
            }
        },
        {
            "type": "Feature",
            "geometry": {
                "type": "Point",
                "coordinates": [
                    112.614269,
                    -7.9746991
                ]
            },
            "properties": {
                "osm_id": 12688071069,
                "osm_type": "nodes",
                "opening_hours": null,
                "network": null,
                "operator": null,
                "name": "Arasseo Cafe",
                "amenity": "cafe"
            }
        },
        {
            "type": "Feature",
            "geometry": {
                "type": "Point",
                "coordinates": [
                    112.6230638,
                    -7.9614566
                ]
            },
            "properties": {
                "osm_id": 9768318582,
                "osm_type": "nodes",
                "opening_hours": null,
                "network": null,
                "operator": "BRI",
                "name": "BRI",
                "amenity": "atm"
            }
        },
        {
            "type": "Feature",
            "geometry": {
                "type": "Point",
                "coordinates": [
                    112.612682,
                    -7.9768169
                ]
            },
            "properties": {
                "osm_id": 12143506820,
                "osm_type": "nodes",
                "opening_hours": null,
                "network": null,
                "operator": null,
                "name": "Sate Ayam Mas Rizal",
                "amenity": "restaurant"
            }
        },
        {
            "type": "Feature",
            "geometry": {
                "type": "Point",
                "coordinates": [
                    112.6139532,
                    -7.9673904
                ]
            },
            "properties": {
                "osm_id": 7180659685,
                "osm_type": "nodes",
                "opening_hours": null,
                "network": null,
                "operator": null,
                "name": "Kayungyun",
                "amenity": "fast_food"
            }
        },
        {
            "type": "Feature",
            "geometry": {
                "type": "Point",
                "coordinates": [
                    112.6087629,
                    -7.9833511
                ]
            },
            "properties": {
                "osm_id": 9768533209,
                "osm_type": "nodes",
                "opening_hours": null,
                "network": null,
                "operator": "Bank Central Asia",
                "name": "BCA",
                "amenity": "atm"
            }
        },
        {
            "type": "Feature",
            "geometry": {
                "type": "Point",
                "coordinates": [
                    112.6128665,
                    -7.9823138
                ]
            },
            "properties": {
                "osm_id": 12797329828,
                "osm_type": "nodes",
                "opening_hours": null,
                "network": null,
                "operator": null,
                "name": null,
                "amenity": "restaurant"
            }
        },
        {
            "type": "Feature",
            "geometry": {
                "type": "Point",
                "coordinates": [
                    112.6084943,
                    -7.9836227
                ]
            },
            "properties": {
                "osm_id": 12744356897,
                "osm_type": "nodes",
                "opening_hours": null,
                "network": null,
                "operator": null,
                "name": null,
                "amenity": "restaurant"
            }
        },
        {
            "type": "Feature",
            "geometry": {
                "type": "Point",
                "coordinates": [
                    112.6101735,
                    -7.9838015
                ]
            },
            "properties": {
                "osm_id": 12736564018,
                "osm_type": "nodes",
                "opening_hours": null,
                "network": null,
                "operator": null,
                "name": "Bakso & Mie Pangsit Okeey",
                "amenity": "restaurant"
            }
        },
        {
            "type": "Feature",
            "geometry": {
                "type": "Point",
                "coordinates": [
                    112.6016736,
                    -7.9855514
                ]
            },
            "properties": {
                "osm_id": 12732581957,
                "osm_type": "nodes",
                "opening_hours": null,
                "network": null,
                "operator": null,
                "name": "Rawon & Pecel Lama",
                "amenity": "restaurant"
            }
        },
        {
            "type": "Feature",
            "geometry": {
                "type": "Point",
                "coordinates": [
                    112.601888,
                    -7.9852302
                ]
            },
            "properties": {
                "osm_id": 12732581958,
                "osm_type": "nodes",
                "opening_hours": null,
                "network": null,
                "operator": "BNI",
                "name": null,
                "amenity": "atm"
            }
        },
        {
            "type": "Feature",
            "geometry": {
                "type": "Point",
                "coordinates": [
                    112.6196355,
                    -8.0182164
                ]
            },
            "properties": {
                "osm_id": 13617869487,
                "osm_type": "nodes",
                "opening_hours": null,
                "network": null,
                "operator": null,
                "name": null,
                "amenity": "atm"
            }
        },
        {
            "type": "Feature",
            "geometry": {
                "type": "Point",
                "coordinates": [
                    112.6032082,
                    -7.964406
                ]
            },
            "properties": {
                "osm_id": 11044231652,
                "osm_type": "nodes",
                "opening_hours": null,
                "network": null,
                "operator": "Bank Central Asia",
                "name": null,
                "amenity": "atm"
            }
        },
        {
            "type": "Feature",
            "geometry": {
                "type": "Point",
                "coordinates": [
                    112.6032549,
                    -7.9641576
                ]
            },
            "properties": {
                "osm_id": 13634742574,
                "osm_type": "nodes",
                "opening_hours": null,
                "network": null,
                "operator": "BNI",
                "name": null,
                "amenity": "atm"
            }
        },
        {
            "type": "Feature",
            "geometry": {
                "type": "Point",
                "coordinates": [
                    112.6032271,
                    -7.964271
                ]
            },
            "properties": {
                "osm_id": 13634742583,
                "osm_type": "nodes",
                "opening_hours": null,
                "network": null,
                "operator": "Maybank",
                "name": null,
                "amenity": "atm"
            }
        },
        {
            "type": "Feature",
            "geometry": {
                "type": "Point",
                "coordinates": [
                    112.5202166,
                    -7.9047218
                ]
            },
            "properties": {
                "osm_id": 6014994785,
                "osm_type": "nodes",
                "opening_hours": null,
                "network": null,
                "operator": null,
                "name": "De Kleine Batu",
                "amenity": "cafe"
            }
        },
        {
            "type": "Feature",
            "geometry": {
                "type": "Point",
                "coordinates": [
                    112.6201816,
                    -7.9441989
                ]
            },
            "properties": {
                "osm_id": 7203058285,
                "osm_type": "nodes",
                "opening_hours": null,
                "network": null,
                "operator": null,
                "name": "Aventree Bbq Resto",
                "amenity": "restaurant"
            }
        },
        {
            "type": "Feature",
            "geometry": {
                "type": "Point",
                "coordinates": [
                    112.5625609,
                    -7.9025846
                ]
            },
            "properties": {
                "osm_id": 7296115085,
                "osm_type": "nodes",
                "opening_hours": null,
                "network": null,
                "operator": null,
                "name": "Warung Wareg",
                "amenity": "restaurant"
            }
        },
        {
            "type": "Feature",
            "geometry": {
                "type": "Point",
                "coordinates": [
                    112.572274,
                    -7.9048505
                ]
            },
            "properties": {
                "osm_id": 7296185385,
                "osm_type": "nodes",
                "opening_hours": null,
                "network": null,
                "operator": null,
                "name": "Bank BRI",
                "amenity": "bank"
            }
        },
        {
            "type": "Feature",
            "geometry": {
                "type": "Point",
                "coordinates": [
                    112.6245727,
                    -7.94016
                ]
            },
            "properties": {
                "osm_id": 7624574585,
                "osm_type": "nodes",
                "opening_hours": null,
                "network": null,
                "operator": null,
                "name": "HokBen Soekarno Hatta Malang",
                "amenity": "fast_food"
            }
        },
        {
            "type": "Feature",
            "geometry": {
                "type": "Point",
                "coordinates": [
                    112.6227432,
                    -7.987514
                ]
            },
            "properties": {
                "osm_id": 7742574785,
                "osm_type": "nodes",
                "opening_hours": null,
                "network": null,
                "operator": null,
                "name": "Warung Malam Pecel Rawon Ngaglik Malang",
                "amenity": "restaurant"
            }
        },
        {
            "type": "Feature",
            "geometry": {
                "type": "Point",
                "coordinates": [
                    112.6039135,
                    -7.9736266
                ]
            },
            "properties": {
                "osm_id": 11235268039,
                "osm_type": "nodes",
                "opening_hours": null,
                "network": null,
                "operator": null,
                "name": "Hidden restaurant garden",
                "amenity": "restaurant"
            }
        },
        {
            "type": "Feature",
            "geometry": {
                "type": "Point",
                "coordinates": [
                    112.6253161,
                    -7.9639522
                ]
            },
            "properties": {
                "osm_id": 9769596813,
                "osm_type": "nodes",
                "opening_hours": null,
                "network": null,
                "operator": "BNI",
                "name": "BNI",
                "amenity": "atm"
            }
        },
        {
            "type": "Feature",
            "geometry": {
                "type": "Point",
                "coordinates": [
                    112.6306604,
                    -7.9811001
                ]
            },
            "properties": {
                "osm_id": 7296299785,
                "osm_type": "nodes",
                "opening_hours": null,
                "network": null,
                "operator": null,
                "name": "KFC",
                "amenity": "fast_food"
            }
        },
        {
            "type": "Feature",
            "geometry": {
                "type": "Point",
                "coordinates": [
                    112.6610516,
                    -7.9664657
                ]
            },
            "properties": {
                "osm_id": 13634848004,
                "osm_type": "nodes",
                "opening_hours": null,
                "network": null,
                "operator": null,
                "name": "Dunkin'",
                "amenity": "fast_food"
            }
        },
        {
            "type": "Feature",
            "geometry": {
                "type": "Point",
                "coordinates": [
                    112.6492943,
                    -7.9421648
                ]
            },
            "properties": {
                "osm_id": 7301331485,
                "osm_type": "nodes",
                "opening_hours": null,
                "network": null,
                "operator": "Bank Mandiri",
                "name": null,
                "amenity": "atm"
            }
        },
        {
            "type": "Feature",
            "geometry": {
                "type": "Point",
                "coordinates": [
                    112.6504675,
                    -7.9364865
                ]
            },
            "properties": {
                "osm_id": 13647800283,
                "osm_type": "nodes",
                "opening_hours": null,
                "network": null,
                "operator": null,
                "name": "House of Wok",
                "amenity": "restaurant"
            }
        },
        {
            "type": "Feature",
            "geometry": {
                "type": "Point",
                "coordinates": [
                    112.6341136,
                    -7.9845199
                ]
            },
            "properties": {
                "osm_id": 5078878924,
                "osm_type": "nodes",
                "opening_hours": null,
                "network": null,
                "operator": null,
                "name": "Hok Lay",
                "amenity": "restaurant"
            }
        },
        {
            "type": "Feature",
            "geometry": {
                "type": "Point",
                "coordinates": [
                    112.6414508,
                    -7.980384
                ]
            },
            "properties": {
                "osm_id": 5418451023,
                "osm_type": "nodes",
                "opening_hours": null,
                "network": null,
                "operator": null,
                "name": "Mr. Oleng",
                "amenity": "cafe"
            }
        },
        {
            "type": "Feature",
            "geometry": {
                "type": "Point",
                "coordinates": [
                    112.638368,
                    -7.954784
                ]
            },
            "properties": {
                "osm_id": 6964299885,
                "osm_type": "nodes",
                "opening_hours": null,
                "network": null,
                "operator": null,
                "name": "Rust Bar and Cafe",
                "amenity": "bar"
            }
        },
        {
            "type": "Feature",
            "geometry": {
                "type": "Point",
                "coordinates": [
                    112.6426002,
                    -7.9413907
                ]
            },
            "properties": {
                "osm_id": 7301332885,
                "osm_type": "nodes",
                "opening_hours": null,
                "network": null,
                "operator": null,
                "name": "Bank Mandiri",
                "amenity": "bank"
            }
        },
        {
            "type": "Feature",
            "geometry": {
                "type": "Point",
                "coordinates": [
                    112.6361493,
                    -7.9758988
                ]
            },
            "properties": {
                "osm_id": 12110770196,
                "osm_type": "nodes",
                "opening_hours": null,
                "network": null,
                "operator": null,
                "name": "Mie Gacoan",
                "amenity": "restaurant"
            }
        },
        {
            "type": "Feature",
            "geometry": {
                "type": "Point",
                "coordinates": [
                    112.6280396,
                    -7.9796152
                ]
            },
            "properties": {
                "osm_id": 12022527048,
                "osm_type": "nodes",
                "opening_hours": null,
                "network": null,
                "operator": null,
                "name": "mera.",
                "amenity": "cafe"
            }
        },
        {
            "type": "Feature",
            "geometry": {
                "type": "Point",
                "coordinates": [
                    112.6288196,
                    -7.9783624
                ]
            },
            "properties": {
                "osm_id": 12022304562,
                "osm_type": "nodes",
                "opening_hours": null,
                "network": null,
                "operator": null,
                "name": "Rumah Jengki",
                "amenity": "restaurant"
            }
        },
        {
            "type": "Feature",
            "geometry": {
                "type": "Point",
                "coordinates": [
                    112.6288045,
                    -7.9789964
                ]
            },
            "properties": {
                "osm_id": 12022201617,
                "osm_type": "nodes",
                "opening_hours": null,
                "network": null,
                "operator": null,
                "name": "Kopi Wojo",
                "amenity": "cafe"
            }
        },
        {
            "type": "Feature",
            "geometry": {
                "type": "Point",
                "coordinates": [
                    112.6282292,
                    -7.9789353
                ]
            },
            "properties": {
                "osm_id": 11998192482,
                "osm_type": "nodes",
                "opening_hours": "Mo-We, Fr-Su 08:00-21:00",
                "network": null,
                "operator": null,
                "name": "Kopi Hamur Mbah Indut",
                "amenity": "cafe"
            }
        },
        {
            "type": "Feature",
            "geometry": {
                "type": "Point",
                "coordinates": [
                    112.6432617,
                    -7.9784361
                ]
            },
            "properties": {
                "osm_id": 3300126476,
                "osm_type": "nodes",
                "opening_hours": "24/7",
                "network": null,
                "operator": null,
                "name": "Sudi Mampir",
                "amenity": "cafe"
            }
        },
        {
            "type": "Feature",
            "geometry": {
                "type": "Point",
                "coordinates": [
                    112.6369455,
                    -7.9774327
                ]
            },
            "properties": {
                "osm_id": 10012604530,
                "osm_type": "nodes",
                "opening_hours": null,
                "network": null,
                "operator": "BNI",
                "name": "Atm Bank BNI",
                "amenity": "atm"
            }
        },
        {
            "type": "Feature",
            "geometry": {
                "type": "Point",
                "coordinates": [
                    112.6295565,
                    -7.9768446
                ]
            },
            "properties": {
                "osm_id": 9768318572,
                "osm_type": "nodes",
                "opening_hours": null,
                "network": null,
                "operator": "BANK SINARMAS",
                "name": "ATM Bank Sinarmas",
                "amenity": "atm"
            }
        },
        {
            "type": "Feature",
            "geometry": {
                "type": "Point",
                "coordinates": [
                    112.6364783,
                    -7.9780478
                ]
            },
            "properties": {
                "osm_id": 10269029632,
                "osm_type": "nodes",
                "opening_hours": null,
                "network": null,
                "operator": null,
                "name": "Warung Cak Bowo",
                "amenity": "fast_food"
            }
        },
        {
            "type": "Feature",
            "geometry": {
                "type": "Point",
                "coordinates": [
                    112.6365325,
                    -7.9785085
                ]
            },
            "properties": {
                "osm_id": 10269017700,
                "osm_type": "nodes",
                "opening_hours": null,
                "network": null,
                "operator": null,
                "name": "Warung P. Mul",
                "amenity": "fast_food"
            }
        },
        {
            "type": "Feature",
            "geometry": {
                "type": "Point",
                "coordinates": [
                    112.6364659,
                    -7.9782811
                ]
            },
            "properties": {
                "osm_id": 10269095853,
                "osm_type": "nodes",
                "opening_hours": null,
                "network": null,
                "operator": null,
                "name": "Warung Mapan 58",
                "amenity": "fast_food"
            }
        },
        {
            "type": "Feature",
            "geometry": {
                "type": "Point",
                "coordinates": [
                    112.636966,
                    -7.9774278
                ]
            },
            "properties": {
                "osm_id": 9769655946,
                "osm_type": "nodes",
                "opening_hours": null,
                "network": null,
                "operator": "Bank Syariah Indonesia",
                "name": "Bank Syariah Indonesia",
                "amenity": "atm"
            }
        },
        {
            "type": "Feature",
            "geometry": {
                "type": "Point",
                "coordinates": [
                    112.6328344,
                    -7.9738884
                ]
            },
            "properties": {
                "osm_id": 13355580101,
                "osm_type": "nodes",
                "opening_hours": "24/7",
                "network": null,
                "operator": null,
                "name": "Bubur Ayam Mangkok Merah",
                "amenity": "restaurant"
            }
        },
        {
            "type": "Feature",
            "geometry": {
                "type": "Point",
                "coordinates": [
                    112.6324768,
                    -7.9769101
                ]
            },
            "properties": {
                "osm_id": 13415554807,
                "osm_type": "nodes",
                "opening_hours": null,
                "network": null,
                "operator": null,
                "name": "SaigonSan Restaurant & Rooftop",
                "amenity": "restaurant"
            }
        },
        {
            "type": "Feature",
            "geometry": {
                "type": "Point",
                "coordinates": [
                    112.647028,
                    -7.9734173
                ]
            },
            "properties": {
                "osm_id": 5418451022,
                "osm_type": "nodes",
                "opening_hours": null,
                "network": null,
                "operator": null,
                "name": "Nasi Goreng",
                "amenity": "fast_food"
            }
        },
        {
            "type": "Feature",
            "geometry": {
                "type": "Point",
                "coordinates": [
                    112.6366394,
                    -7.9780883
                ]
            },
            "properties": {
                "osm_id": 6415433385,
                "osm_type": "nodes",
                "opening_hours": null,
                "network": null,
                "operator": null,
                "name": "Food center",
                "amenity": "restaurant"
            }
        },
        {
            "type": "Feature",
            "geometry": {
                "type": "Point",
                "coordinates": [
                    112.6344532,
                    -7.9741877
                ]
            },
            "properties": {
                "osm_id": 7242713489,
                "osm_type": "nodes",
                "opening_hours": "Mo-Su 08:00-21:00",
                "network": null,
                "operator": null,
                "name": "Mbok Urip",
                "amenity": "restaurant"
            }
        },
        {
            "type": "Feature",
            "geometry": {
                "type": "Point",
                "coordinates": [
                    112.659143,
                    -7.9773897
                ]
            },
            "properties": {
                "osm_id": 7287899685,
                "osm_type": "nodes",
                "opening_hours": null,
                "network": null,
                "operator": null,
                "name": "Warung Es Buah Rumput Laut",
                "amenity": "fast_food"
            }
        },
        {
            "type": "Feature",
            "geometry": {
                "type": "Point",
                "coordinates": [
                    112.6302201,
                    -7.980703
                ]
            },
            "properties": {
                "osm_id": 6440455585,
                "osm_type": "nodes",
                "opening_hours": "Mo-Su 08:00-21:30; PH 08:00-21:30",
                "network": null,
                "operator": null,
                "name": "Toko Oen",
                "amenity": "restaurant"
            }
        },
        {
            "type": "Feature",
            "geometry": {
                "type": "Point",
                "coordinates": [
                    112.6263111,
                    -7.9790643
                ]
            },
            "properties": {
                "osm_id": 12408766841,
                "osm_type": "nodes",
                "opening_hours": null,
                "network": null,
                "operator": "PT Waroeng Steak Indonesia",
                "name": "Waroeng Steak & Shake",
                "amenity": "restaurant"
            }
        },
        {
            "type": "Feature",
            "geometry": {
                "type": "Point",
                "coordinates": [
                    112.6264218,
                    -7.9797007
                ]
            },
            "properties": {
                "osm_id": 12222750650,
                "osm_type": "nodes",
                "opening_hours": null,
                "network": null,
                "operator": "Bank Central Asia",
                "name": null,
                "amenity": "atm"
            }
        },
        {
            "type": "Feature",
            "geometry": {
                "type": "Point",
                "coordinates": [
                    112.6339554,
                    -7.9672043
                ]
            },
            "properties": {
                "osm_id": 12110805195,
                "osm_type": "nodes",
                "opening_hours": "Mo-Su 08:00-22:00",
                "network": null,
                "operator": null,
                "name": "Teman Nongkrong Malang",
                "amenity": "cafe"
            }
        },
        {
            "type": "Feature",
            "geometry": {
                "type": "Point",
                "coordinates": [
                    112.6296551,
                    -7.9781954
                ]
            },
            "properties": {
                "osm_id": 12022776984,
                "osm_type": "nodes",
                "opening_hours": "Mo-Su 16:00-22:00",
                "network": null,
                "operator": null,
                "name": "Hamur Utea",
                "amenity": "cafe"
            }
        },
        {
            "type": "Feature",
            "geometry": {
                "type": "Point",
                "coordinates": [
                    112.6289995,
                    -7.9785864
                ]
            },
            "properties": {
                "osm_id": 12022498852,
                "osm_type": "nodes",
                "opening_hours": null,
                "network": null,
                "operator": null,
                "name": "Cokelat Majapahit",
                "amenity": "cafe"
            }
        },
        {
            "type": "Feature",
            "geometry": {
                "type": "Point",
                "coordinates": [
                    112.6273038,
                    -7.9800621
                ]
            },
            "properties": {
                "osm_id": 12022548026,
                "osm_type": "nodes",
                "opening_hours": null,
                "network": null,
                "operator": null,
                "name": "Bougenville Cafe",
                "amenity": "cafe"
            }
        },
        {
            "type": "Feature",
            "geometry": {
                "type": "Point",
                "coordinates": [
                    112.6290387,
                    -7.9667075
                ]
            },
            "properties": {
                "osm_id": 12022164549,
                "osm_type": "nodes",
                "opening_hours": null,
                "network": null,
                "operator": null,
                "name": "Dapoer Limboek",
                "amenity": "restaurant"
            }
        },
        {
            "type": "Feature",
            "geometry": {
                "type": "Point",
                "coordinates": [
                    112.6273924,
                    -7.980679
                ]
            },
            "properties": {
                "osm_id": 11984969579,
                "osm_type": "nodes",
                "opening_hours": null,
                "network": null,
                "operator": null,
                "name": "Bahari Irish Pub",
                "amenity": "pub"
            }
        },
        {
            "type": "Feature",
            "geometry": {
                "type": "Point",
                "coordinates": [
                    112.6284346,
                    -7.9766066
                ]
            },
            "properties": {
                "osm_id": 13116368732,
                "osm_type": "nodes",
                "opening_hours": null,
                "network": null,
                "operator": null,
                "name": "Kecap Lidah",
                "amenity": "restaurant"
            }
        },
        {
            "type": "Feature",
            "geometry": {
                "type": "Point",
                "coordinates": [
                    112.6242635,
                    -7.9683822
                ]
            },
            "properties": {
                "osm_id": 13435844395,
                "osm_type": "nodes",
                "opening_hours": null,
                "network": null,
                "operator": "Panin Bank",
                "name": null,
                "amenity": "atm"
            }
        },
        {
            "type": "Feature",
            "geometry": {
                "type": "Point",
                "coordinates": [
                    112.6295969,
                    -7.9761491
                ]
            },
            "properties": {
                "osm_id": 9768318569,
                "osm_type": "nodes",
                "opening_hours": null,
                "network": null,
                "operator": "Bank Central Asia",
                "name": "BCA",
                "amenity": "atm"
            }
        },
        {
            "type": "Feature",
            "geometry": {
                "type": "Point",
                "coordinates": [
                    112.632164,
                    -7.9780117
                ]
            },
            "properties": {
                "osm_id": 6784246286,
                "osm_type": "nodes",
                "opening_hours": null,
                "network": null,
                "operator": null,
                "name": "Soto Ayam Lombok",
                "amenity": "restaurant"
            }
        },
        {
            "type": "Feature",
            "geometry": {
                "type": "Point",
                "coordinates": [
                    112.6195751,
                    -7.9751022
                ]
            },
            "properties": {
                "osm_id": 2437451806,
                "osm_type": "nodes",
                "opening_hours": null,
                "network": null,
                "operator": null,
                "name": "KFC",
                "amenity": "fast_food"
            }
        },
        {
            "type": "Feature",
            "geometry": {
                "type": "Point",
                "coordinates": [
                    112.6163745,
                    -7.9738608
                ]
            },
            "properties": {
                "osm_id": 12108831284,
                "osm_type": "nodes",
                "opening_hours": null,
                "network": null,
                "operator": null,
                "name": "Malibu Steak ‘n’ Pizza",
                "amenity": "restaurant"
            }
        },
        {
            "type": "Feature",
            "geometry": {
                "type": "Point",
                "coordinates": [
                    112.6204602,
                    -7.9726931
                ]
            },
            "properties": {
                "osm_id": 11752245661,
                "osm_type": "nodes",
                "opening_hours": null,
                "network": null,
                "operator": null,
                "name": "Resto Putu Sari",
                "amenity": "restaurant"
            }
        },
        {
            "type": "Feature",
            "geometry": {
                "type": "Point",
                "coordinates": [
                    112.6163251,
                    -7.9706768
                ]
            },
            "properties": {
                "osm_id": 11751929315,
                "osm_type": "nodes",
                "opening_hours": null,
                "network": null,
                "operator": null,
                "name": "Bubur Ayam Agus",
                "amenity": "restaurant"
            }
        },
        {
            "type": "Feature",
            "geometry": {
                "type": "Point",
                "coordinates": [
                    112.6177051,
                    -7.9749226
                ]
            },
            "properties": {
                "osm_id": 11005939678,
                "osm_type": "nodes",
                "opening_hours": null,
                "network": null,
                "operator": null,
                "name": "Hot Cui Mie",
                "amenity": "restaurant"
            }
        },
        {
            "type": "Feature",
            "geometry": {
                "type": "Point",
                "coordinates": [
                    112.6176534,
                    -7.974899
                ]
            },
            "properties": {
                "osm_id": 11005939679,
                "osm_type": "nodes",
                "opening_hours": null,
                "network": null,
                "operator": null,
                "name": "Martabak Pecenongan 78",
                "amenity": "restaurant"
            }
        },
        {
            "type": "Feature",
            "geometry": {
                "type": "Point",
                "coordinates": [
                    112.6176117,
                    -7.9748832
                ]
            },
            "properties": {
                "osm_id": 11005939680,
                "osm_type": "nodes",
                "opening_hours": null,
                "network": null,
                "operator": null,
                "name": "Lapis Kukus Tugu Malang",
                "amenity": "restaurant"
            }
        },
        {
            "type": "Feature",
            "geometry": {
                "type": "Point",
                "coordinates": [
                    112.6231466,
                    -7.9682319
                ]
            },
            "properties": {
                "osm_id": 6334709201,
                "osm_type": "nodes",
                "opening_hours": null,
                "network": null,
                "operator": "BRI",
                "name": null,
                "amenity": "atm"
            }
        },
        {
            "type": "Feature",
            "geometry": {
                "type": "Point",
                "coordinates": [
                    112.6170938,
                    -7.9740038
                ]
            },
            "properties": {
                "osm_id": 13392263755,
                "osm_type": "nodes",
                "opening_hours": null,
                "network": null,
                "operator": null,
                "name": "Tahu Campur Pak Kumis",
                "amenity": "restaurant"
            }
        },
        {
            "type": "Feature",
            "geometry": {
                "type": "Point",
                "coordinates": [
                    112.6220117,
                    -7.9751612
                ]
            },
            "properties": {
                "osm_id": 13426478978,
                "osm_type": "nodes",
                "opening_hours": "Mo-Su 07:00-14:00",
                "network": null,
                "operator": null,
                "name": "Depot Cwie Mie Ayam Teras 25",
                "amenity": "restaurant"
            }
        },
        {
            "type": "Feature",
            "geometry": {
                "type": "Point",
                "coordinates": [
                    112.6187184,
                    -7.9723492
                ]
            },
            "properties": {
                "osm_id": 13447841902,
                "osm_type": "nodes",
                "opening_hours": null,
                "network": null,
                "operator": null,
                "name": "Ayam Goreng Karawaci",
                "amenity": "restaurant"
            }
        },
        {
            "type": "Feature",
            "geometry": {
                "type": "Point",
                "coordinates": [
                    112.6386867,
                    -7.9393201
                ]
            },
            "properties": {
                "osm_id": 10974326759,
                "osm_type": "nodes",
                "opening_hours": null,
                "network": null,
                "operator": "CIMB Niaga",
                "name": null,
                "amenity": "atm"
            }
        },
        {
            "type": "Feature",
            "geometry": {
                "type": "Point",
                "coordinates": [
                    112.6386697,
                    -7.9393533
                ]
            },
            "properties": {
                "osm_id": 10974326761,
                "osm_type": "nodes",
                "opening_hours": null,
                "network": null,
                "operator": "Bank Mandiri",
                "name": null,
                "amenity": "atm"
            }
        },
        {
            "type": "Feature",
            "geometry": {
                "type": "Point",
                "coordinates": [
                    112.6384015,
                    -7.9393495
                ]
            },
            "properties": {
                "osm_id": 10974326768,
                "osm_type": "nodes",
                "opening_hours": null,
                "network": null,
                "operator": null,
                "name": "Warung Pak Di",
                "amenity": "restaurant"
            }
        },
        {
            "type": "Feature",
            "geometry": {
                "type": "Point",
                "coordinates": [
                    112.6383615,
                    -7.9399696
                ]
            },
            "properties": {
                "osm_id": 10969371505,
                "osm_type": "nodes",
                "opening_hours": null,
                "network": null,
                "operator": null,
                "name": "BRI",
                "amenity": "bank"
            }
        },
        {
            "type": "Feature",
            "geometry": {
                "type": "Point",
                "coordinates": [
                    112.6305699,
                    -7.9392628
                ]
            },
            "properties": {
                "osm_id": 3958548311,
                "osm_type": "nodes",
                "opening_hours": null,
                "network": null,
                "operator": null,
                "name": "Hobbies Kitchen",
                "amenity": "cafe"
            }
        },
        {
            "type": "Feature",
            "geometry": {
                "type": "Point",
                "coordinates": [
                    112.6373597,
                    -7.9388639
                ]
            },
            "properties": {
                "osm_id": 13098303415,
                "osm_type": "nodes",
                "opening_hours": null,
                "network": null,
                "operator": null,
                "name": "Bakwan Borobudur",
                "amenity": "restaurant"
            }
        },
        {
            "type": "Feature",
            "geometry": {
                "type": "Point",
                "coordinates": [
                    112.6342444,
                    -7.9390809
                ]
            },
            "properties": {
                "osm_id": 13545353935,
                "osm_type": "nodes",
                "opening_hours": null,
                "network": null,
                "operator": null,
                "name": "Kopitiam 99",
                "amenity": "cafe"
            }
        },
        {
            "type": "Feature",
            "geometry": {
                "type": "Point",
                "coordinates": [
                    112.6299472,
                    -7.9333648
                ]
            },
            "properties": {
                "osm_id": 13578781380,
                "osm_type": "nodes",
                "opening_hours": "24/7",
                "network": null,
                "operator": null,
                "name": "Warung Bu Warni",
                "amenity": "restaurant"
            }
        },
        {
            "type": "Feature",
            "geometry": {
                "type": "Point",
                "coordinates": [
                    112.6312494,
                    -7.9380509
                ]
            },
            "properties": {
                "osm_id": 13625256657,
                "osm_type": "nodes",
                "opening_hours": null,
                "network": "ATM Bersama",
                "operator": null,
                "name": null,
                "amenity": "atm"
            }
        },
        {
            "type": "Feature",
            "geometry": {
                "type": "Point",
                "coordinates": [
                    112.6296749,
                    -7.9383663
                ]
            },
            "properties": {
                "osm_id": 6409430585,
                "osm_type": "nodes",
                "opening_hours": null,
                "network": null,
                "operator": null,
                "name": "Calories",
                "amenity": "cafe"
            }
        },
        {
            "type": "Feature",
            "geometry": {
                "type": "Point",
                "coordinates": [
                    112.6385225,
                    -7.9414663
                ]
            },
            "properties": {
                "osm_id": 13541436748,
                "osm_type": "nodes",
                "opening_hours": null,
                "network": null,
                "operator": null,
                "name": "Pangsit Mie 67",
                "amenity": "restaurant"
            }
        },
        {
            "type": "Feature",
            "geometry": {
                "type": "Point",
                "coordinates": [
                    112.6385385,
                    -7.941473
                ]
            },
            "properties": {
                "osm_id": 13541436749,
                "osm_type": "nodes",
                "opening_hours": null,
                "network": null,
                "operator": null,
                "name": "bubur Ayam 67",
                "amenity": "restaurant"
            }
        },
        {
            "type": "Feature",
            "geometry": {
                "type": "Point",
                "coordinates": [
                    112.6396122,
                    -7.9510585
                ]
            },
            "properties": {
                "osm_id": 12203528052,
                "osm_type": "nodes",
                "opening_hours": null,
                "network": null,
                "operator": null,
                "name": "Bakso Kota Cak man",
                "amenity": "restaurant"
            }
        },
        {
            "type": "Feature",
            "geometry": {
                "type": "Point",
                "coordinates": [
                    112.6414032,
                    -7.941558
                ]
            },
            "properties": {
                "osm_id": 7301654185,
                "osm_type": "nodes",
                "opening_hours": null,
                "network": null,
                "operator": "BNI",
                "name": null,
                "amenity": "atm"
            }
        },
        {
            "type": "Feature",
            "geometry": {
                "type": "Point",
                "coordinates": [
                    112.6291258,
                    -7.9840669
                ]
            },
            "properties": {
                "osm_id": 9768686721,
                "osm_type": "nodes",
                "opening_hours": null,
                "network": null,
                "operator": "Bank Mandiri",
                "name": "Bank Mandiri",
                "amenity": "atm"
            }
        },
        {
            "type": "Feature",
            "geometry": {
                "type": "Point",
                "coordinates": [
                    112.6295442,
                    -7.9884645
                ]
            },
            "properties": {
                "osm_id": 3915757684,
                "osm_type": "nodes",
                "opening_hours": "19:00-24:00",
                "network": null,
                "operator": null,
                "name": "Warung Susu Kopi STMJ",
                "amenity": "cafe"
            }
        },
        {
            "type": "Feature",
            "geometry": {
                "type": "Point",
                "coordinates": [
                    112.6287371,
                    -7.9876987
                ]
            },
            "properties": {
                "osm_id": 3919981426,
                "osm_type": "nodes",
                "opening_hours": "11:00-17:00",
                "network": null,
                "operator": null,
                "name": "Tahu Lontong Bu Ita",
                "amenity": "restaurant"
            }
        },
        {
            "type": "Feature",
            "geometry": {
                "type": "Point",
                "coordinates": [
                    112.6336552,
                    -7.9841559
                ]
            },
            "properties": {
                "osm_id": 5078898524,
                "osm_type": "nodes",
                "opening_hours": null,
                "network": null,
                "operator": null,
                "name": "Rumah Makan Gloria",
                "amenity": "restaurant"
            }
        },
        {
            "type": "Feature",
            "geometry": {
                "type": "Point",
                "coordinates": [
                    112.6302077,
                    -7.9835297
                ]
            },
            "properties": {
                "osm_id": 11822275689,
                "osm_type": "nodes",
                "opening_hours": null,
                "network": null,
                "operator": null,
                "name": "Mixue",
                "amenity": "cafe"
            }
        },
        {
            "type": "Feature",
            "geometry": {
                "type": "Point",
                "coordinates": [
                    112.6340493,
                    -7.9939461
                ]
            },
            "properties": {
                "osm_id": 13394500788,
                "osm_type": "nodes",
                "opening_hours": null,
                "network": "ATM Bersama",
                "operator": null,
                "name": null,
                "amenity": "atm"
            }
        },
        {
            "type": "Feature",
            "geometry": {
                "type": "Point",
                "coordinates": [
                    112.6297113,
                    -7.9873273
                ]
            },
            "properties": {
                "osm_id": 3826149726,
                "osm_type": "nodes",
                "opening_hours": null,
                "network": null,
                "operator": "BRI",
                "name": null,
                "amenity": "atm"
            }
        },
        {
            "type": "Feature",
            "geometry": {
                "type": "Point",
                "coordinates": [
                    112.6318434,
                    -7.9821569
                ]
            },
            "properties": {
                "osm_id": 6009368833,
                "osm_type": "nodes",
                "opening_hours": null,
                "network": null,
                "operator": null,
                "name": "Dunkin'",
                "amenity": "fast_food"
            }
        },
        {
            "type": "Feature",
            "geometry": {
                "type": "Point",
                "coordinates": [
                    112.6316093,
                    -7.9838205
                ]
            },
            "properties": {
                "osm_id": 13649199883,
                "osm_type": "nodes",
                "opening_hours": null,
                "network": null,
                "operator": "BRI",
                "name": null,
                "amenity": "atm"
            }
        },
        {
            "type": "Feature",
            "geometry": {
                "type": "Point",
                "coordinates": [
                    112.6319404,
                    -7.9840166
                ]
            },
            "properties": {
                "osm_id": 13649199884,
                "osm_type": "nodes",
                "opening_hours": null,
                "network": null,
                "operator": null,
                "name": "CFC",
                "amenity": "restaurant"
            }
        },
        {
            "type": "Feature",
            "geometry": {
                "type": "Point",
                "coordinates": [
                    112.6341835,
                    -7.9906472
                ]
            },
            "properties": {
                "osm_id": 4771955821,
                "osm_type": "nodes",
                "opening_hours": null,
                "network": null,
                "operator": "BRI",
                "name": null,
                "amenity": "atm"
            }
        },
        {
            "type": "Feature",
            "geometry": {
                "type": "Point",
                "coordinates": [
                    112.63083,
                    -7.9896005
                ]
            },
            "properties": {
                "osm_id": 3914370115,
                "osm_type": "nodes",
                "opening_hours": "10:00-15:00",
                "network": null,
                "operator": "Pak Man",
                "name": "Bakso Bakar Pak Man Malang",
                "amenity": "fast_food"
            }
        },
        {
            "type": "Feature",
            "geometry": {
                "type": "Point",
                "coordinates": [
                    112.6340295,
                    -7.9889263
                ]
            },
            "properties": {
                "osm_id": 4457857293,
                "osm_type": "nodes",
                "opening_hours": null,
                "network": null,
                "operator": null,
                "name": "Aroda Street Food",
                "amenity": "fast_food"
            }
        },
        {
            "type": "Feature",
            "geometry": {
                "type": "Point",
                "coordinates": [
                    112.6311266,
                    -7.9877089
                ]
            },
            "properties": {
                "osm_id": 5418451026,
                "osm_type": "nodes",
                "opening_hours": null,
                "network": null,
                "operator": null,
                "name": "Street food night market",
                "amenity": "restaurant"
            }
        },
        {
            "type": "Feature",
            "geometry": {
                "type": "Point",
                "coordinates": [
                    112.6500888,
                    -7.9812342
                ]
            },
            "properties": {
                "osm_id": 6415431585,
                "osm_type": "nodes",
                "opening_hours": null,
                "network": null,
                "operator": null,
                "name": "Siomay & Bakso Kalimosodo",
                "amenity": "restaurant"
            }
        },
        {
            "type": "Feature",
            "geometry": {
                "type": "Point",
                "coordinates": [
                    112.6507125,
                    -7.9357832
                ]
            },
            "properties": {
                "osm_id": 12429475643,
                "osm_type": "nodes",
                "opening_hours": null,
                "network": null,
                "operator": null,
                "name": "Sushi Tei - The Courtyard Araya",
                "amenity": "restaurant"
            }
        },
        {
            "type": "Feature",
            "geometry": {
                "type": "Point",
                "coordinates": [
                    112.6655349,
                    -7.9299393
                ]
            },
            "properties": {
                "osm_id": 12200717635,
                "osm_type": "nodes",
                "opening_hours": null,
                "network": null,
                "operator": null,
                "name": "Dpalem Warung prasmanan, cafe dan kolam renang",
                "amenity": "restaurant"
            }
        },
        {
            "type": "Feature",
            "geometry": {
                "type": "Point",
                "coordinates": [
                    112.6500589,
                    -7.9316858
                ]
            },
            "properties": {
                "osm_id": 11365636632,
                "osm_type": "nodes",
                "opening_hours": null,
                "network": null,
                "operator": null,
                "name": "Atm BNI",
                "amenity": "atm"
            }
        },
        {
            "type": "Feature",
            "geometry": {
                "type": "Point",
                "coordinates": [
                    112.6613109,
                    -7.9334692
                ]
            },
            "properties": {
                "osm_id": 12958373045,
                "osm_type": "nodes",
                "opening_hours": null,
                "network": null,
                "operator": null,
                "name": "Bakso Bakar Garuda",
                "amenity": "fast_food"
            }
        },
        {
            "type": "Feature",
            "geometry": {
                "type": "Point",
                "coordinates": [
                    112.6591471,
                    -7.9329019
                ]
            },
            "properties": {
                "osm_id": 13381705573,
                "osm_type": "nodes",
                "opening_hours": null,
                "network": null,
                "operator": null,
                "name": "Warmindo Frenkie",
                "amenity": "restaurant"
            }
        },
        {
            "type": "Feature",
            "geometry": {
                "type": "Point",
                "coordinates": [
                    112.6580522,
                    -7.9414956
                ]
            },
            "properties": {
                "osm_id": 7304761985,
                "osm_type": "nodes",
                "opening_hours": null,
                "network": null,
                "operator": null,
                "name": "Mie Ayam Pak Ponidi",
                "amenity": "fast_food"
            }
        },
        {
            "type": "Feature",
            "geometry": {
                "type": "Point",
                "coordinates": [
                    112.650583,
                    -7.9365958
                ]
            },
            "properties": {
                "osm_id": 13649342501,
                "osm_type": "nodes",
                "opening_hours": null,
                "network": null,
                "operator": null,
                "name": "Yoshinoya",
                "amenity": "fast_food"
            }
        },
        {
            "type": "Feature",
            "geometry": {
                "type": "Point",
                "coordinates": [
                    112.6583595,
                    -7.9460095
                ]
            },
            "properties": {
                "osm_id": 7298241185,
                "osm_type": "nodes",
                "opening_hours": null,
                "network": null,
                "operator": null,
                "name": "Sabana Fried Chicken",
                "amenity": "fast_food"
            }
        },
        {
            "type": "Feature",
            "geometry": {
                "type": "Point",
                "coordinates": [
                    112.6566675,
                    -7.9481882
                ]
            },
            "properties": {
                "osm_id": 7298862486,
                "osm_type": "nodes",
                "opening_hours": null,
                "network": null,
                "operator": null,
                "name": "Sego Tempong",
                "amenity": "restaurant"
            }
        },
        {
            "type": "Feature",
            "geometry": {
                "type": "Point",
                "coordinates": [
                    112.6574614,
                    -7.9397848
                ]
            },
            "properties": {
                "osm_id": 7304760285,
                "osm_type": "nodes",
                "opening_hours": null,
                "network": null,
                "operator": null,
                "name": "Nasi Campur Madura Khas Bangkalan",
                "amenity": "restaurant"
            }
        },
        {
            "type": "Feature",
            "geometry": {
                "type": "Point",
                "coordinates": [
                    112.6533842,
                    -7.946307
                ]
            },
            "properties": {
                "osm_id": 7304775686,
                "osm_type": "nodes",
                "opening_hours": null,
                "network": null,
                "operator": null,
                "name": "Martabak Ai Rasa",
                "amenity": "fast_food"
            }
        },
        {
            "type": "Feature",
            "geometry": {
                "type": "Point",
                "coordinates": [
                    112.64993,
                    -7.9445085
                ]
            },
            "properties": {
                "osm_id": 7304777185,
                "osm_type": "nodes",
                "opening_hours": null,
                "network": null,
                "operator": null,
                "name": "Ayam Goreng Pak Maning",
                "amenity": "restaurant"
            }
        },
        {
            "type": "Feature",
            "geometry": {
                "type": "Point",
                "coordinates": [
                    112.6202459,
                    -7.9476084
                ]
            },
            "properties": {
                "osm_id": 12000784358,
                "osm_type": "nodes",
                "opening_hours": null,
                "network": null,
                "operator": null,
                "name": "Kopi Handall",
                "amenity": "cafe"
            }
        },
        {
            "type": "Feature",
            "geometry": {
                "type": "Point",
                "coordinates": [
                    112.6198312,
                    -7.944417
                ]
            },
            "properties": {
                "osm_id": 11246123639,
                "osm_type": "nodes",
                "opening_hours": "Mo-Su 12:00-02:00",
                "network": null,
                "operator": null,
                "name": "Tipsy Lion Malang",
                "amenity": "cafe"
            }
        },
        {
            "type": "Feature",
            "geometry": {
                "type": "Point",
                "coordinates": [
                    112.6280513,
                    -7.9375369
                ]
            },
            "properties": {
                "osm_id": 3958543412,
                "osm_type": "nodes",
                "opening_hours": null,
                "network": null,
                "operator": null,
                "name": "Calories",
                "amenity": "cafe"
            }
        },
        {
            "type": "Feature",
            "geometry": {
                "type": "Point",
                "coordinates": [
                    112.6205294,
                    -7.9429715
                ]
            },
            "properties": {
                "osm_id": 13063349923,
                "osm_type": "nodes",
                "opening_hours": null,
                "network": null,
                "operator": null,
                "name": "BNI",
                "amenity": "bank"
            }
        },
        {
            "type": "Feature",
            "geometry": {
                "type": "Point",
                "coordinates": [
                    112.6186494,
                    -7.9452143
                ]
            },
            "properties": {
                "osm_id": 7130865086,
                "osm_type": "nodes",
                "opening_hours": null,
                "network": null,
                "operator": null,
                "name": "Martabak Pioneer",
                "amenity": "fast_food"
            }
        },
        {
            "type": "Feature",
            "geometry": {
                "type": "Point",
                "coordinates": [
                    112.6201687,
                    -7.9441822
                ]
            },
            "properties": {
                "osm_id": 7130910985,
                "osm_type": "nodes",
                "opening_hours": null,
                "network": null,
                "operator": null,
                "name": "Aventree Bbq Resto",
                "amenity": "restaurant"
            }
        },
        {
            "type": "Feature",
            "geometry": {
                "type": "Point",
                "coordinates": [
                    112.6303077,
                    -7.9332285
                ]
            },
            "properties": {
                "osm_id": 13717778054,
                "osm_type": "nodes",
                "opening_hours": null,
                "network": null,
                "operator": null,
                "name": "Ayam Mandhi Kaki Lima",
                "amenity": "restaurant"
            }
        },
        {
            "type": "Feature",
            "geometry": {
                "type": "Point",
                "coordinates": [
                    112.6306263,
                    -7.9333598
                ]
            },
            "properties": {
                "osm_id": 13717820532,
                "osm_type": "nodes",
                "opening_hours": null,
                "network": null,
                "operator": null,
                "name": "Kopi Paman",
                "amenity": "cafe"
            }
        },
        {
            "type": "Feature",
            "geometry": {
                "type": "Point",
                "coordinates": [
                    112.6041025,
                    -7.9434766
                ]
            },
            "properties": {
                "osm_id": 10980744338,
                "osm_type": "nodes",
                "opening_hours": null,
                "network": null,
                "operator": null,
                "name": "Ayam Geprek Cak Man 5000",
                "amenity": "fast_food"
            }
        },
        {
            "type": "Feature",
            "geometry": {
                "type": "Point",
                "coordinates": [
                    112.6067025,
                    -7.9377422
                ]
            },
            "properties": {
                "osm_id": 9766130973,
                "osm_type": "nodes",
                "opening_hours": null,
                "network": null,
                "operator": "BTN",
                "name": "BTN",
                "amenity": "atm"
            }
        },
        {
            "type": "Feature",
            "geometry": {
                "type": "Point",
                "coordinates": [
                    112.6138694,
                    -7.9479093
                ]
            },
            "properties": {
                "osm_id": 9769655959,
                "osm_type": "nodes",
                "opening_hours": null,
                "network": null,
                "operator": "Bank Mandiri",
                "name": "Bank Mandiri",
                "amenity": "atm"
            }
        },
        {
            "type": "Feature",
            "geometry": {
                "type": "Point",
                "coordinates": [
                    112.6184361,
                    -7.9747981
                ]
            },
            "properties": {
                "osm_id": 12160492409,
                "osm_type": "nodes",
                "opening_hours": null,
                "network": null,
                "operator": null,
                "name": "Sego Sambel Nyi Geni",
                "amenity": "restaurant"
            }
        },
        {
            "type": "Feature",
            "geometry": {
                "type": "Point",
                "coordinates": [
                    112.6198431,
                    -7.9752509
                ]
            },
            "properties": {
                "osm_id": 12116965921,
                "osm_type": "nodes",
                "opening_hours": null,
                "network": null,
                "operator": null,
                "name": "Bank Central Asia",
                "amenity": "bank"
            }
        },
        {
            "type": "Feature",
            "geometry": {
                "type": "Point",
                "coordinates": [
                    112.6164744,
                    -7.9740017
                ]
            },
            "properties": {
                "osm_id": 12108831292,
                "osm_type": "nodes",
                "opening_hours": null,
                "network": null,
                "operator": null,
                "name": "Ayam Bakar KQ - 5",
                "amenity": "restaurant"
            }
        },
        {
            "type": "Feature",
            "geometry": {
                "type": "Point",
                "coordinates": [
                    112.6165613,
                    -7.9740502
                ]
            },
            "properties": {
                "osm_id": 12108831293,
                "osm_type": "nodes",
                "opening_hours": null,
                "network": null,
                "operator": null,
                "name": null,
                "amenity": "restaurant"
            }
        },
        {
            "type": "Feature",
            "geometry": {
                "type": "Point",
                "coordinates": [
                    112.6167524,
                    -7.9741178
                ]
            },
            "properties": {
                "osm_id": 12108831294,
                "osm_type": "nodes",
                "opening_hours": null,
                "network": null,
                "operator": null,
                "name": "Pempek Ny. Kamto",
                "amenity": "restaurant"
            }
        },
        {
            "type": "Feature",
            "geometry": {
                "type": "Point",
                "coordinates": [
                    112.6168478,
                    -7.9741685
                ]
            },
            "properties": {
                "osm_id": 12105697896,
                "osm_type": "nodes",
                "opening_hours": null,
                "network": null,
                "operator": null,
                "name": "Bank Mega",
                "amenity": "bank"
            }
        },
        {
            "type": "Feature",
            "geometry": {
                "type": "Point",
                "coordinates": [
                    112.6167817,
                    -7.9741399
                ]
            },
            "properties": {
                "osm_id": 12105697897,
                "osm_type": "nodes",
                "opening_hours": null,
                "network": null,
                "operator": null,
                "name": "Bank BTN",
                "amenity": "bank"
            }
        },
        {
            "type": "Feature",
            "geometry": {
                "type": "Point",
                "coordinates": [
                    112.6147269,
                    -7.9783987
                ]
            },
            "properties": {
                "osm_id": 13112547965,
                "osm_type": "nodes",
                "opening_hours": null,
                "network": null,
                "operator": null,
                "name": "Rumah Uyut",
                "amenity": "fast_food"
            }
        },
        {
            "type": "Feature",
            "geometry": {
                "type": "Point",
                "coordinates": [
                    112.6184007,
                    -7.9750502
                ]
            },
            "properties": {
                "osm_id": 13690683071,
                "osm_type": "nodes",
                "opening_hours": null,
                "network": null,
                "operator": "Bank Central Asia",
                "name": null,
                "amenity": "atm"
            }
        },
        {
            "type": "Feature",
            "geometry": {
                "type": "Point",
                "coordinates": [
                    112.66111,
                    -7.957926
                ]
            },
            "properties": {
                "osm_id": 11587089628,
                "osm_type": "nodes",
                "opening_hours": "Mo-Su 09:00-15:00",
                "network": null,
                "operator": null,
                "name": "Warung Nasi Campur 14",
                "amenity": "cafe"
            }
        },
        {
            "type": "Feature",
            "geometry": {
                "type": "Point",
                "coordinates": [
                    112.6508979,
                    -7.9452691
                ]
            },
            "properties": {
                "osm_id": 8883250655,
                "osm_type": "nodes",
                "opening_hours": "Mo-Sa 08:00-21:30",
                "network": null,
                "operator": null,
                "name": "D'chareso",
                "amenity": "cafe"
            }
        },
        {
            "type": "Feature",
            "geometry": {
                "type": "Point",
                "coordinates": [
                    112.6653167,
                    -7.9502573
                ]
            },
            "properties": {
                "osm_id": 9753514471,
                "osm_type": "nodes",
                "opening_hours": null,
                "network": null,
                "operator": null,
                "name": "BRI",
                "amenity": "bank"
            }
        },
        {
            "type": "Feature",
            "geometry": {
                "type": "Point",
                "coordinates": [
                    112.6584066,
                    -7.94597
                ]
            },
            "properties": {
                "osm_id": 7298238489,
                "osm_type": "nodes",
                "opening_hours": null,
                "network": null,
                "operator": null,
                "name": "Juragan Juice Jumbo",
                "amenity": "fast_food"
            }
        },
        {
            "type": "Feature",
            "geometry": {
                "type": "Point",
                "coordinates": [
                    112.6478205,
                    -7.9434533
                ]
            },
            "properties": {
                "osm_id": 7304780085,
                "osm_type": "nodes",
                "opening_hours": null,
                "network": null,
                "operator": null,
                "name": "Bank BRI",
                "amenity": "bank"
            }
        },
        {
            "type": "Feature",
            "geometry": {
                "type": "Point",
                "coordinates": [
                    112.639568,
                    -7.9511568
                ]
            },
            "properties": {
                "osm_id": 10060756261,
                "osm_type": "nodes",
                "opening_hours": null,
                "network": null,
                "operator": null,
                "name": "HokBen Kitchen",
                "amenity": "fast_food"
            }
        },
        {
            "type": "Feature",
            "geometry": {
                "type": "Point",
                "coordinates": [
                    112.6354372,
                    -7.9631441
                ]
            },
            "properties": {
                "osm_id": 11187798839,
                "osm_type": "nodes",
                "opening_hours": null,
                "network": null,
                "operator": null,
                "name": "Fat Truck",
                "amenity": "restaurant"
            }
        },
        {
            "type": "Feature",
            "geometry": {
                "type": "Point",
                "coordinates": [
                    112.6327673,
                    -7.9600969
                ]
            },
            "properties": {
                "osm_id": 4085902684,
                "osm_type": "nodes",
                "opening_hours": null,
                "network": null,
                "operator": null,
                "name": "BRI Unit Tawangmangu",
                "amenity": "bank"
            }
        },
        {
            "type": "Feature",
            "geometry": {
                "type": "Point",
                "coordinates": [
                    112.631717,
                    -7.9561138
                ]
            },
            "properties": {
                "osm_id": 3958566694,
                "osm_type": "nodes",
                "opening_hours": null,
                "network": null,
                "operator": null,
                "name": "Justice Corner",
                "amenity": "cafe"
            }
        },
        {
            "type": "Feature",
            "geometry": {
                "type": "Point",
                "coordinates": [
                    112.6363403,
                    -7.9621195
                ]
            },
            "properties": {
                "osm_id": 13650230917,
                "osm_type": "nodes",
                "opening_hours": null,
                "network": null,
                "operator": "CIMB Niaga",
                "name": null,
                "amenity": "atm"
            }
        },
        {
            "type": "Feature",
            "geometry": {
                "type": "Point",
                "coordinates": [
                    112.6257703,
                    -7.9465437
                ]
            },
            "properties": {
                "osm_id": 6467510689,
                "osm_type": "nodes",
                "opening_hours": null,
                "network": null,
                "operator": null,
                "name": "Rocketto",
                "amenity": "cafe"
            }
        },
        {
            "type": "Feature",
            "geometry": {
                "type": "Point",
                "coordinates": [
                    112.6443697,
                    -8.0030981
                ]
            },
            "properties": {
                "osm_id": 11192186668,
                "osm_type": "nodes",
                "opening_hours": null,
                "network": null,
                "operator": null,
                "name": "Kayungyun",
                "amenity": "fast_food"
            }
        },
        {
            "type": "Feature",
            "geometry": {
                "type": "Point",
                "coordinates": [
                    112.6436577,
                    -8.0188018
                ]
            },
            "properties": {
                "osm_id": 10698437441,
                "osm_type": "nodes",
                "opening_hours": null,
                "network": null,
                "operator": "BNI",
                "name": null,
                "amenity": "atm"
            }
        },
        {
            "type": "Feature",
            "geometry": {
                "type": "Point",
                "coordinates": [
                    112.6285447,
                    -8.0197705
                ]
            },
            "properties": {
                "osm_id": 7270974387,
                "osm_type": "nodes",
                "opening_hours": null,
                "network": null,
                "operator": "BNI",
                "name": null,
                "amenity": "atm"
            }
        },
        {
            "type": "Feature",
            "geometry": {
                "type": "Point",
                "coordinates": [
                    112.6270297,
                    -8.0309267
                ]
            },
            "properties": {
                "osm_id": 9738617870,
                "osm_type": "nodes",
                "opening_hours": null,
                "network": null,
                "operator": "BNI",
                "name": null,
                "amenity": "atm"
            }
        },
        {
            "type": "Feature",
            "geometry": {
                "type": "Point",
                "coordinates": [
                    112.6270586,
                    -8.0309366
                ]
            },
            "properties": {
                "osm_id": 10050482074,
                "osm_type": "nodes",
                "opening_hours": null,
                "network": null,
                "operator": null,
                "name": "Dunkin'",
                "amenity": "fast_food"
            }
        },
        {
            "type": "Feature",
            "geometry": {
                "type": "Point",
                "coordinates": [
                    112.6414233,
                    -8.0708631
                ]
            },
            "properties": {
                "osm_id": 13621984601,
                "osm_type": "nodes",
                "opening_hours": "Su-Sa 09:00-23:00",
                "network": null,
                "operator": null,
                "name": "Cetol Chicken",
                "amenity": "restaurant"
            }
        },
        {
            "type": "Feature",
            "geometry": {
                "type": "Point",
                "coordinates": [
                    112.6265,
                    -8.0336256
                ]
            },
            "properties": {
                "osm_id": 13678537557,
                "osm_type": "nodes",
                "opening_hours": null,
                "network": null,
                "operator": null,
                "name": null,
                "amenity": "atm"
            }
        },
        {
            "type": "Feature",
            "geometry": {
                "type": "Point",
                "coordinates": [
                    112.6293698,
                    -7.9878273
                ]
            },
            "properties": {
                "osm_id": 3915744957,
                "osm_type": "nodes",
                "opening_hours": "08:00-15:00",
                "network": null,
                "operator": "Suci",
                "name": "Warung Rujak Scui",
                "amenity": "fast_food"
            }
        },
        {
            "type": "Feature",
            "geometry": {
                "type": "Point",
                "coordinates": [
                    112.6299788,
                    -7.9882839
                ]
            },
            "properties": {
                "osm_id": 3915759332,
                "osm_type": "nodes",
                "opening_hours": "09:00-17:00",
                "network": null,
                "operator": "Bapak Ali",
                "name": "Warung Soto Pak Ali",
                "amenity": "fast_food"
            }
        },
        {
            "type": "Feature",
            "geometry": {
                "type": "Point",
                "coordinates": [
                    112.6272196,
                    -7.9880504
                ]
            },
            "properties": {
                "osm_id": 3923116173,
                "osm_type": "nodes",
                "opening_hours": "11:00-21:00",
                "network": null,
                "operator": null,
                "name": "Mie Pangsit Lezat Cak To",
                "amenity": "restaurant"
            }
        },
        {
            "type": "Feature",
            "geometry": {
                "type": "Point",
                "coordinates": [
                    112.636692,
                    -7.9845938
                ]
            },
            "properties": {
                "osm_id": 13344130343,
                "osm_type": "nodes",
                "opening_hours": null,
                "network": null,
                "operator": null,
                "name": "Bank Central Asia",
                "amenity": "bank"
            }
        },
        {
            "type": "Feature",
            "geometry": {
                "type": "Point",
                "coordinates": [
                    112.6294699,
                    -8.0038553
                ]
            },
            "properties": {
                "osm_id": 7341809586,
                "osm_type": "nodes",
                "opening_hours": null,
                "network": null,
                "operator": "Bank Mandiri",
                "name": "Bank Mandiri",
                "amenity": "atm"
            }
        },
        {
            "type": "Feature",
            "geometry": {
                "type": "Point",
                "coordinates": [
                    112.6034852,
                    -7.9822967
                ]
            },
            "properties": {
                "osm_id": 12112314460,
                "osm_type": "nodes",
                "opening_hours": null,
                "network": null,
                "operator": null,
                "name": "Hisana Fried Chicken",
                "amenity": "fast_food"
            }
        },
        {
            "type": "Feature",
            "geometry": {
                "type": "Point",
                "coordinates": [
                    112.6042987,
                    -7.9823871
                ]
            },
            "properties": {
                "osm_id": 13071727773,
                "osm_type": "nodes",
                "opening_hours": null,
                "network": null,
                "operator": null,
                "name": "Warung Kashimura",
                "amenity": "restaurant"
            }
        },
        {
            "type": "Feature",
            "geometry": {
                "type": "Point",
                "coordinates": [
                    112.6091975,
                    -7.983051
                ]
            },
            "properties": {
                "osm_id": 13484821430,
                "osm_type": "nodes",
                "opening_hours": null,
                "network": null,
                "operator": null,
                "name": "Warung Bu Nur",
                "amenity": "fast_food"
            }
        },
        {
            "type": "Feature",
            "geometry": {
                "type": "Point",
                "coordinates": [
                    112.6196038,
                    -8.0182044
                ]
            },
            "properties": {
                "osm_id": 13436639557,
                "osm_type": "nodes",
                "opening_hours": null,
                "network": null,
                "operator": "BNI",
                "name": "Atm BNI",
                "amenity": "atm"
            }
        },
        {
            "type": "Feature",
            "geometry": {
                "type": "Point",
                "coordinates": [
                    112.6210244,
                    -7.9726345
                ]
            },
            "properties": {
                "osm_id": 5913545785,
                "osm_type": "nodes",
                "opening_hours": null,
                "network": null,
                "operator": null,
                "name": "Cafe Willis",
                "amenity": "cafe"
            }
        },
        {
            "type": "Feature",
            "geometry": {
                "type": "Point",
                "coordinates": [
                    112.6278127,
                    -7.9882907
                ]
            },
            "properties": {
                "osm_id": 3919981259,
                "osm_type": "nodes",
                "opening_hours": "17:00-21:00",
                "network": null,
                "operator": null,
                "name": "Tahu Lontong Lamongan Nusakambangan",
                "amenity": "restaurant"
            }
        },
        {
            "type": "Feature",
            "geometry": {
                "type": "Point",
                "coordinates": [
                    112.6212486,
                    -7.9678514
                ]
            },
            "properties": {
                "osm_id": 12458883409,
                "osm_type": "nodes",
                "opening_hours": null,
                "network": null,
                "operator": null,
                "name": "Luke Artisan Bakery",
                "amenity": "cafe"
            }
        },
        {
            "type": "Feature",
            "geometry": {
                "type": "Point",
                "coordinates": [
                    112.6242539,
                    -7.9855226
                ]
            },
            "properties": {
                "osm_id": 12971177413,
                "osm_type": "nodes",
                "opening_hours": "Mo-Sa 07:00-23:00",
                "network": null,
                "operator": null,
                "name": "Maju Jaya 57",
                "amenity": "restaurant"
            }
        },
        {
            "type": "Feature",
            "geometry": {
                "type": "Point",
                "coordinates": [
                    112.6257597,
                    -7.9879772
                ]
            },
            "properties": {
                "osm_id": 13346903435,
                "osm_type": "nodes",
                "opening_hours": null,
                "network": null,
                "operator": null,
                "name": "Hisana Fried Chicken",
                "amenity": "fast_food"
            }
        },
        {
            "type": "Feature",
            "geometry": {
                "type": "Point",
                "coordinates": [
                    112.6340827,
                    -7.966508
                ]
            },
            "properties": {
                "osm_id": 10142328792,
                "osm_type": "nodes",
                "opening_hours": null,
                "network": null,
                "operator": null,
                "name": "Dunkin'",
                "amenity": "fast_food"
            }
        },
        {
            "type": "Feature",
            "geometry": {
                "type": "Point",
                "coordinates": [
                    112.6594324,
                    -7.9790724
                ]
            },
            "properties": {
                "osm_id": 11264665669,
                "osm_type": "nodes",
                "opening_hours": "Mo-Su 16:00-23:00",
                "network": null,
                "operator": null,
                "name": "Martabak Gudang Rasa",
                "amenity": "fast_food"
            }
        },
        {
            "type": "Feature",
            "geometry": {
                "type": "Point",
                "coordinates": [
                    112.6488361,
                    -7.9600612
                ]
            },
            "properties": {
                "osm_id": 13440405536,
                "osm_type": "nodes",
                "opening_hours": null,
                "network": null,
                "operator": "Bank Central Asia",
                "name": null,
                "amenity": "atm"
            }
        },
        {
            "type": "Feature",
            "geometry": {
                "type": "Point",
                "coordinates": [
                    112.6631409,
                    -7.972563
                ]
            },
            "properties": {
                "osm_id": 13510529814,
                "osm_type": "nodes",
                "opening_hours": null,
                "network": null,
                "operator": "Bank Central Asia",
                "name": null,
                "amenity": "atm"
            }
        },
        {
            "type": "Feature",
            "geometry": {
                "type": "Point",
                "coordinates": [
                    112.6329247,
                    -7.9778445
                ]
            },
            "properties": {
                "osm_id": 4993826523,
                "osm_type": "nodes",
                "opening_hours": "Mo-Su 09:00-22:30",
                "network": null,
                "operator": null,
                "name": "Java Dancer Coffee",
                "amenity": "cafe"
            }
        },
        {
            "type": "Feature",
            "geometry": {
                "type": "Point",
                "coordinates": [
                    112.6150657,
                    -7.9831787
                ]
            },
            "properties": {
                "osm_id": 12747225512,
                "osm_type": "nodes",
                "opening_hours": null,
                "network": null,
                "operator": null,
                "name": "Warung Bu Muna",
                "amenity": "restaurant"
            }
        },
        {
            "type": "Feature",
            "geometry": {
                "type": "Point",
                "coordinates": [
                    112.6150749,
                    -7.9832637
                ]
            },
            "properties": {
                "osm_id": 12747225513,
                "osm_type": "nodes",
                "opening_hours": null,
                "network": null,
                "operator": null,
                "name": "Warung Sederhana Bu Mukri",
                "amenity": "restaurant"
            }
        },
        {
            "type": "Feature",
            "geometry": {
                "type": "Point",
                "coordinates": [
                    112.627022,
                    -7.9797772
                ]
            },
            "properties": {
                "osm_id": 12025366752,
                "osm_type": "nodes",
                "opening_hours": "Mo[2,4]; Mo-Su 10:00-20:30",
                "network": null,
                "operator": null,
                "name": "Coto Makassar",
                "amenity": "restaurant"
            }
        },
        {
            "type": "Feature",
            "geometry": {
                "type": "Point",
                "coordinates": [
                    112.6312901,
                    -7.9796195
                ]
            },
            "properties": {
                "osm_id": 11611895504,
                "osm_type": "nodes",
                "opening_hours": "Mo-Sa 09:00-21:00",
                "network": null,
                "operator": null,
                "name": "H&U Coffee and Eatery",
                "amenity": "cafe"
            }
        },
        {
            "type": "Feature",
            "geometry": {
                "type": "Point",
                "coordinates": [
                    112.6307808,
                    -7.9794963
                ]
            },
            "properties": {
                "osm_id": 11126635715,
                "osm_type": "nodes",
                "opening_hours": null,
                "network": null,
                "operator": null,
                "name": "Pengyu Kopitiam",
                "amenity": "cafe"
            }
        },
        {
            "type": "Feature",
            "geometry": {
                "type": "Point",
                "coordinates": [
                    112.630645,
                    -7.980841
                ]
            },
            "properties": {
                "osm_id": 4506587190,
                "osm_type": "nodes",
                "opening_hours": null,
                "network": null,
                "operator": null,
                "name": "McDonald's",
                "amenity": "fast_food"
            }
        },
        {
            "type": "Feature",
            "geometry": {
                "type": "Point",
                "coordinates": [
                    112.6294924,
                    -7.9829948
                ]
            },
            "properties": {
                "osm_id": 6009303749,
                "osm_type": "nodes",
                "opening_hours": null,
                "network": null,
                "operator": "Bank Mandiri",
                "name": "Bank Mandiri",
                "amenity": "atm"
            }
        },
        {
            "type": "Feature",
            "geometry": {
                "type": "Point",
                "coordinates": [
                    112.631833,
                    -7.9818126
                ]
            },
            "properties": {
                "osm_id": 6009368834,
                "osm_type": "nodes",
                "opening_hours": null,
                "network": null,
                "operator": "BRI",
                "name": null,
                "amenity": "atm"
            }
        },
        {
            "type": "Feature",
            "geometry": {
                "type": "Point",
                "coordinates": [
                    112.6540448,
                    -7.9814114
                ]
            },
            "properties": {
                "osm_id": 11259106458,
                "osm_type": "nodes",
                "opening_hours": "Mo-Su 10:00-23:00",
                "network": null,
                "operator": null,
                "name": "Pizza Hut Delivery",
                "amenity": "fast_food"
            }
        },
        {
            "type": "Feature",
            "geometry": {
                "type": "Point",
                "coordinates": [
                    112.6134295,
                    -7.9801241
                ]
            },
            "properties": {
                "osm_id": 13115190092,
                "osm_type": "nodes",
                "opening_hours": null,
                "network": null,
                "operator": null,
                "name": "Bakwan Babi Genjix",
                "amenity": "restaurant"
            }
        },
        {
            "type": "Feature",
            "geometry": {
                "type": "Point",
                "coordinates": [
                    112.6309784,
                    -7.9816232
                ]
            },
            "properties": {
                "osm_id": 7296301385,
                "osm_type": "nodes",
                "opening_hours": null,
                "network": null,
                "operator": "BNI",
                "name": null,
                "amenity": "atm"
            }
        },
        {
            "type": "Feature",
            "geometry": {
                "type": "Point",
                "coordinates": [
                    112.6309938,
                    -7.9816284
                ]
            },
            "properties": {
                "osm_id": 9768766921,
                "osm_type": "nodes",
                "opening_hours": null,
                "network": null,
                "operator": "BRI",
                "name": "BRI",
                "amenity": "atm"
            }
        },
        {
            "type": "Feature",
            "geometry": {
                "type": "Point",
                "coordinates": [
                    112.6309617,
                    -7.9816195
                ]
            },
            "properties": {
                "osm_id": 9768766922,
                "osm_type": "nodes",
                "opening_hours": null,
                "network": null,
                "operator": "Bank Mandiri",
                "name": "Bank Mandiri",
                "amenity": "atm"
            }
        },
        {
            "type": "Feature",
            "geometry": {
                "type": "Point",
                "coordinates": [
                    112.6310135,
                    -7.9816314
                ]
            },
            "properties": {
                "osm_id": 9768766923,
                "osm_type": "nodes",
                "opening_hours": null,
                "network": null,
                "operator": "BNI",
                "name": "BNI",
                "amenity": "atm"
            }
        },
        {
            "type": "Feature",
            "geometry": {
                "type": "Point",
                "coordinates": [
                    112.6603698,
                    -7.9330701
                ]
            },
            "properties": {
                "osm_id": 12418412389,
                "osm_type": "nodes",
                "opening_hours": null,
                "network": null,
                "operator": null,
                "name": "Cilok VEDC",
                "amenity": "fast_food"
            }
        },
        {
            "type": "Feature",
            "geometry": {
                "type": "Point",
                "coordinates": [
                    112.6511701,
                    -7.9341471
                ]
            },
            "properties": {
                "osm_id": 12252387411,
                "osm_type": "nodes",
                "opening_hours": null,
                "network": null,
                "operator": null,
                "name": "Warung Pecel Blitar Mba Nita",
                "amenity": "fast_food"
            }
        },
        {
            "type": "Feature",
            "geometry": {
                "type": "Point",
                "coordinates": [
                    112.6450386,
                    -7.9354673
                ]
            },
            "properties": {
                "osm_id": 11738956796,
                "osm_type": "nodes",
                "opening_hours": null,
                "network": null,
                "operator": null,
                "name": "Bank BNI Panorama A Yani",
                "amenity": "bank"
            }
        },
        {
            "type": "Feature",
            "geometry": {
                "type": "Point",
                "coordinates": [
                    112.6512013,
                    -7.9339871
                ]
            },
            "properties": {
                "osm_id": 10184954749,
                "osm_type": "nodes",
                "opening_hours": null,
                "network": null,
                "operator": null,
                "name": "Warung Kopi Pak Eko",
                "amenity": "fast_food"
            }
        },
        {
            "type": "Feature",
            "geometry": {
                "type": "Point",
                "coordinates": [
                    112.6591178,
                    -7.9329006
                ]
            },
            "properties": {
                "osm_id": 13381705574,
                "osm_type": "nodes",
                "opening_hours": null,
                "network": null,
                "operator": null,
                "name": "Dapur Ciprut",
                "amenity": "restaurant"
            }
        },
        {
            "type": "Feature",
            "geometry": {
                "type": "Point",
                "coordinates": [
                    112.648952,
                    -7.9423582
                ]
            },
            "properties": {
                "osm_id": 13634866999,
                "osm_type": "nodes",
                "opening_hours": null,
                "network": "ATM Bersama",
                "operator": null,
                "name": null,
                "amenity": "atm"
            }
        },
        {
            "type": "Feature",
            "geometry": {
                "type": "Point",
                "coordinates": [
                    112.6500334,
                    -7.9364575
                ]
            },
            "properties": {
                "osm_id": 13647800279,
                "osm_type": "nodes",
                "opening_hours": null,
                "network": null,
                "operator": null,
                "name": "Dunkin'",
                "amenity": "fast_food"
            }
        },
        {
            "type": "Feature",
            "geometry": {
                "type": "Point",
                "coordinates": [
                    112.6505849,
                    -7.9367008
                ]
            },
            "properties": {
                "osm_id": 13647800284,
                "osm_type": "nodes",
                "opening_hours": null,
                "network": null,
                "operator": null,
                "name": "Excelso",
                "amenity": "fast_food"
            }
        },
        {
            "type": "Feature",
            "geometry": {
                "type": "Point",
                "coordinates": [
                    112.650676,
                    -7.9365585
                ]
            },
            "properties": {
                "osm_id": 13647800285,
                "osm_type": "nodes",
                "opening_hours": null,
                "network": null,
                "operator": null,
                "name": "Hungry Plate",
                "amenity": "restaurant"
            }
        },
        {
            "type": "Feature",
            "geometry": {
                "type": "Point",
                "coordinates": [
                    112.66611,
                    -7.9399462
                ]
            },
            "properties": {
                "osm_id": 9414569031,
                "osm_type": "nodes",
                "opening_hours": null,
                "network": null,
                "operator": "Bank Mandiri",
                "name": null,
                "amenity": "atm"
            }
        },
        {
            "type": "Feature",
            "geometry": {
                "type": "Point",
                "coordinates": [
                    112.6388712,
                    -7.9394861
                ]
            },
            "properties": {
                "osm_id": 12412318290,
                "osm_type": "nodes",
                "opening_hours": "Mo-Su 05:30-20:30",
                "network": null,
                "operator": "Carik Cenik",
                "name": "Crème",
                "amenity": "cafe"
            }
        },
        {
            "type": "Feature",
            "geometry": {
                "type": "Point",
                "coordinates": [
                    112.6215441,
                    -7.9427999
                ]
            },
            "properties": {
                "osm_id": 12054721149,
                "osm_type": "nodes",
                "opening_hours": null,
                "network": null,
                "operator": null,
                "name": "Cowcow Steak - Soekarno Hatta",
                "amenity": "restaurant"
            }
        },
        {
            "type": "Feature",
            "geometry": {
                "type": "Point",
                "coordinates": [
                    112.6358678,
                    -7.9402649
                ]
            },
            "properties": {
                "osm_id": 12020216365,
                "osm_type": "nodes",
                "opening_hours": "Mo-Su 07:00-22:30",
                "network": null,
                "operator": "Jaco Group",
                "name": "Jasa Ayah",
                "amenity": "restaurant"
            }
        },
        {
            "type": "Feature",
            "geometry": {
                "type": "Point",
                "coordinates": [
                    112.6270577,
                    -7.9364885
                ]
            },
            "properties": {
                "osm_id": 12019891476,
                "osm_type": "nodes",
                "opening_hours": null,
                "network": null,
                "operator": null,
                "name": "Warmindo Mami",
                "amenity": "restaurant"
            }
        },
        {
            "type": "Feature",
            "geometry": {
                "type": "Point",
                "coordinates": [
                    112.6376533,
                    -7.9410313
                ]
            },
            "properties": {
                "osm_id": 11752804510,
                "osm_type": "nodes",
                "opening_hours": null,
                "network": null,
                "operator": null,
                "name": "Morning Mate",
                "amenity": "cafe"
            }
        },
        {
            "type": "Feature",
            "geometry": {
                "type": "Point",
                "coordinates": [
                    112.6300516,
                    -7.940719
                ]
            },
            "properties": {
                "osm_id": 11627042566,
                "osm_type": "nodes",
                "opening_hours": "Mo-Su 07:00-21:00",
                "network": null,
                "operator": null,
                "name": "Laoban Kopitiam",
                "amenity": "restaurant"
            }
        },
        {
            "type": "Feature",
            "geometry": {
                "type": "Point",
                "coordinates": [
                    112.6382312,
                    -7.9420122
                ]
            },
            "properties": {
                "osm_id": 11620318463,
                "osm_type": "nodes",
                "opening_hours": null,
                "network": null,
                "operator": null,
                "name": "Warteg Tegal",
                "amenity": "restaurant"
            }
        },
        {
            "type": "Feature",
            "geometry": {
                "type": "Point",
                "coordinates": [
                    112.6386997,
                    -7.9393425
                ]
            },
            "properties": {
                "osm_id": 10974326760,
                "osm_type": "nodes",
                "opening_hours": null,
                "network": null,
                "operator": "Bank Central Asia",
                "name": null,
                "amenity": "atm"
            }
        },
        {
            "type": "Feature",
            "geometry": {
                "type": "Point",
                "coordinates": [
                    112.6383321,
                    -7.94007
                ]
            },
            "properties": {
                "osm_id": 10974326755,
                "osm_type": "nodes",
                "opening_hours": null,
                "network": null,
                "operator": "BRI",
                "name": "BRI",
                "amenity": "atm"
            }
        },
        {
            "type": "Feature",
            "geometry": {
                "type": "Point",
                "coordinates": [
                    112.6384652,
                    -7.9397752
                ]
            },
            "properties": {
                "osm_id": 10969350901,
                "osm_type": "nodes",
                "opening_hours": null,
                "network": null,
                "operator": null,
                "name": "Nasi Bali \"Bale Gede\"",
                "amenity": "restaurant"
            }
        },
        {
            "type": "Feature",
            "geometry": {
                "type": "Point",
                "coordinates": [
                    112.6245666,
                    -7.9360207
                ]
            },
            "properties": {
                "osm_id": 3958540121,
                "osm_type": "nodes",
                "opening_hours": null,
                "network": null,
                "operator": null,
                "name": "Arek-arek Cafe",
                "amenity": "cafe"
            }
        },
        {
            "type": "Feature",
            "geometry": {
                "type": "Point",
                "coordinates": [
                    112.6371776,
                    -7.9387991
                ]
            },
            "properties": {
                "osm_id": 13098303418,
                "osm_type": "nodes",
                "opening_hours": null,
                "network": null,
                "operator": null,
                "name": "Sixteen Corner",
                "amenity": "fast_food"
            }
        },
        {
            "type": "Feature",
            "geometry": {
                "type": "Point",
                "coordinates": [
                    112.6332043,
                    -7.9395112
                ]
            },
            "properties": {
                "osm_id": 13191676637,
                "osm_type": "nodes",
                "opening_hours": "Mo-Sa 24 Hours",
                "network": null,
                "operator": null,
                "name": "Seduhlur",
                "amenity": "cafe"
            }
        },
        {
            "type": "Feature",
            "geometry": {
                "type": "Point",
                "coordinates": [
                    112.6250029,
                    -7.9389697
                ]
            },
            "properties": {
                "osm_id": 13437108622,
                "osm_type": "nodes",
                "opening_hours": null,
                "network": null,
                "operator": "Bank Central Asia",
                "name": null,
                "amenity": "atm"
            }
        },
        {
            "type": "Feature",
            "geometry": {
                "type": "Point",
                "coordinates": [
                    112.6356204,
                    -7.9393519
                ]
            },
            "properties": {
                "osm_id": 13512548997,
                "osm_type": "nodes",
                "opening_hours": null,
                "network": null,
                "operator": "BNI",
                "name": null,
                "amenity": "atm"
            }
        },
        {
            "type": "Feature",
            "geometry": {
                "type": "Point",
                "coordinates": [
                    112.6356438,
                    -7.9392952
                ]
            },
            "properties": {
                "osm_id": 13512548999,
                "osm_type": "nodes",
                "opening_hours": null,
                "network": null,
                "operator": "BTN",
                "name": null,
                "amenity": "atm"
            }
        },
        {
            "type": "Feature",
            "geometry": {
                "type": "Point",
                "coordinates": [
                    112.6247812,
                    -7.9392893
                ]
            },
            "properties": {
                "osm_id": 13748687433,
                "osm_type": "nodes",
                "opening_hours": null,
                "network": null,
                "operator": null,
                "name": "Bakso Tutus",
                "amenity": "restaurant"
            }
        },
        {
            "type": "Feature",
            "geometry": {
                "type": "Point",
                "coordinates": [
                    112.61886,
                    -7.999251
                ]
            },
            "properties": {
                "osm_id": 8856013917,
                "osm_type": "nodes",
                "opening_hours": null,
                "network": null,
                "operator": null,
                "name": "Pizza Hut Delivery",
                "amenity": "fast_food"
            }
        },
        {
            "type": "Feature",
            "geometry": {
                "type": "Point",
                "coordinates": [
                    112.6126518,
                    -7.9811195
                ]
            },
            "properties": {
                "osm_id": 13034341486,
                "osm_type": "nodes",
                "opening_hours": null,
                "network": null,
                "operator": null,
                "name": "Warung Bi Bi",
                "amenity": "fast_food"
            }
        },
        {
            "type": "Feature",
            "geometry": {
                "type": "Point",
                "coordinates": [
                    112.5969896,
                    -7.9821869
                ]
            },
            "properties": {
                "osm_id": 11009742611,
                "osm_type": "nodes",
                "opening_hours": null,
                "network": null,
                "operator": null,
                "name": null,
                "amenity": "restaurant"
            }
        },
        {
            "type": "Feature",
            "geometry": {
                "type": "Point",
                "coordinates": [
                    112.60449,
                    -7.9824026
                ]
            },
            "properties": {
                "osm_id": 12944797116,
                "osm_type": "nodes",
                "opening_hours": null,
                "network": null,
                "operator": null,
                "name": "Warung Lumayan",
                "amenity": "restaurant"
            }
        },
        {
            "type": "Feature",
            "geometry": {
                "type": "Point",
                "coordinates": [
                    112.6070864,
                    -7.9831265
                ]
            },
            "properties": {
                "osm_id": 13105286993,
                "osm_type": "nodes",
                "opening_hours": null,
                "network": null,
                "operator": null,
                "name": "Warung A. Putra Pratama",
                "amenity": "restaurant"
            }
        },
        {
            "type": "Feature",
            "geometry": {
                "type": "Point",
                "coordinates": [
                    112.6065883,
                    -7.981652
                ]
            },
            "properties": {
                "osm_id": 13472627200,
                "osm_type": "nodes",
                "opening_hours": null,
                "network": null,
                "operator": null,
                "name": "Warung Bu Wiratun",
                "amenity": "restaurant"
            }
        },
        {
            "type": "Feature",
            "geometry": {
                "type": "Point",
                "coordinates": [
                    112.6085484,
                    -7.9821851
                ]
            },
            "properties": {
                "osm_id": 13495001216,
                "osm_type": "nodes",
                "opening_hours": null,
                "network": null,
                "operator": null,
                "name": "Bakso Solo Pak Dji",
                "amenity": "restaurant"
            }
        },
        {
            "type": "Feature",
            "geometry": {
                "type": "Point",
                "coordinates": [
                    112.6298374,
                    -7.9833465
                ]
            },
            "properties": {
                "osm_id": 10287247817,
                "osm_type": "nodes",
                "opening_hours": null,
                "network": null,
                "operator": null,
                "name": "Lapidoth",
                "amenity": "cafe"
            }
        },
        {
            "type": "Feature",
            "geometry": {
                "type": "Point",
                "coordinates": [
                    112.6364852,
                    -7.9783212
                ]
            },
            "properties": {
                "osm_id": 10269082414,
                "osm_type": "nodes",
                "opening_hours": null,
                "network": null,
                "operator": null,
                "name": "Warung Sumber Rejeky",
                "amenity": "fast_food"
            }
        },
        {
            "type": "Feature",
            "geometry": {
                "type": "Point",
                "coordinates": [
                    112.6291568,
                    -7.9762435
                ]
            },
            "properties": {
                "osm_id": 10153311616,
                "osm_type": "nodes",
                "opening_hours": "Mo-Su 08:00-22:00",
                "network": null,
                "operator": null,
                "name": "Lafayette Coffee and Eatery",
                "amenity": "cafe"
            }
        },
        {
            "type": "Feature",
            "geometry": {
                "type": "Point",
                "coordinates": [
                    112.6715185,
                    -7.9755247
                ]
            },
            "properties": {
                "osm_id": 9801051597,
                "osm_type": "nodes",
                "opening_hours": null,
                "network": null,
                "operator": "BNI",
                "name": "BNI",
                "amenity": "atm"
            }
        },
        {
            "type": "Feature",
            "geometry": {
                "type": "Point",
                "coordinates": [
                    112.629304,
                    -7.9873621
                ]
            },
            "properties": {
                "osm_id": 3915834493,
                "osm_type": "nodes",
                "opening_hours": "09:00-13:00",
                "network": null,
                "operator": "Lek Mi",
                "name": "Warung Bakso Lek Mi",
                "amenity": "fast_food"
            }
        },
        {
            "type": "Feature",
            "geometry": {
                "type": "Point",
                "coordinates": [
                    112.629437,
                    -7.9885863
                ]
            },
            "properties": {
                "osm_id": 3915733053,
                "osm_type": "nodes",
                "opening_hours": "17:00-22:00",
                "network": null,
                "operator": null,
                "name": "Soto Daging Madura",
                "amenity": "fast_food"
            }
        },
        {
            "type": "Feature",
            "geometry": {
                "type": "Point",
                "coordinates": [
                    112.6297385,
                    -7.9792008
                ]
            },
            "properties": {
                "osm_id": 13114679025,
                "osm_type": "nodes",
                "opening_hours": null,
                "network": null,
                "operator": null,
                "name": "Kho Kopitiam",
                "amenity": "restaurant"
            }
        },
        {
            "type": "Feature",
            "geometry": {
                "type": "Point",
                "coordinates": [
                    112.6559453,
                    -7.9806873
                ]
            },
            "properties": {
                "osm_id": 13439469527,
                "osm_type": "nodes",
                "opening_hours": null,
                "network": null,
                "operator": null,
                "name": "BRI",
                "amenity": "bank"
            }
        },
        {
            "type": "Feature",
            "geometry": {
                "type": "Point",
                "coordinates": [
                    112.6320917,
                    -7.9839773
                ]
            },
            "properties": {
                "osm_id": 11808918677,
                "osm_type": "nodes",
                "opening_hours": null,
                "network": null,
                "operator": null,
                "name": "Madonna Martabak",
                "amenity": "fast_food"
            }
        },
        {
            "type": "Feature",
            "geometry": {
                "type": "Point",
                "coordinates": [
                    112.6220567,
                    -7.9056701
                ]
            },
            "properties": {
                "osm_id": 13681296821,
                "osm_type": "nodes",
                "opening_hours": null,
                "network": null,
                "operator": null,
                "name": null,
                "amenity": "atm"
            }
        },
        {
            "type": "Feature",
            "geometry": {
                "type": "Point",
                "coordinates": [
                    112.6376146,
                    -7.9427454
                ]
            },
            "properties": {
                "osm_id": 12369687079,
                "osm_type": "nodes",
                "opening_hours": "Mo-Su 10:00-22:00",
                "network": null,
                "operator": null,
                "name": "Sego Tempong ABG",
                "amenity": "restaurant"
            }
        },
        {
            "type": "Feature",
            "geometry": {
                "type": "Point",
                "coordinates": [
                    112.6377521,
                    -7.9413358
                ]
            },
            "properties": {
                "osm_id": 10287386134,
                "osm_type": "nodes",
                "opening_hours": "Mo-Su 15:30-22:00",
                "network": null,
                "operator": null,
                "name": "Warung Mbah Riman Barokah",
                "amenity": "restaurant"
            }
        },
        {
            "type": "Feature",
            "geometry": {
                "type": "Point",
                "coordinates": [
                    112.6066725,
                    -7.9377063
                ]
            },
            "properties": {
                "osm_id": 9766130978,
                "osm_type": "nodes",
                "opening_hours": null,
                "network": null,
                "operator": "BNI",
                "name": "BNI",
                "amenity": "atm"
            }
        },
        {
            "type": "Feature",
            "geometry": {
                "type": "Point",
                "coordinates": [
                    112.6339708,
                    -7.9386145
                ]
            },
            "properties": {
                "osm_id": 2440018438,
                "osm_type": "nodes",
                "opening_hours": null,
                "network": null,
                "operator": null,
                "name": "Depot 69",
                "amenity": "restaurant"
            }
        },
        {
            "type": "Feature",
            "geometry": {
                "type": "Point",
                "coordinates": [
                    112.6322109,
                    -7.9392792
                ]
            },
            "properties": {
                "osm_id": 2440022179,
                "osm_type": "nodes",
                "opening_hours": null,
                "network": null,
                "operator": null,
                "name": "Warung Cak Pi'i",
                "amenity": "restaurant"
            }
        },
        {
            "type": "Feature",
            "geometry": {
                "type": "Point",
                "coordinates": [
                    112.6381554,
                    -7.9412827
                ]
            },
            "properties": {
                "osm_id": 2440019564,
                "osm_type": "nodes",
                "opening_hours": null,
                "network": null,
                "operator": null,
                "name": "Bakso Bakar Trowulan",
                "amenity": "restaurant"
            }
        },
        {
            "type": "Feature",
            "geometry": {
                "type": "Point",
                "coordinates": [
                    112.6364586,
                    -7.9392332
                ]
            },
            "properties": {
                "osm_id": 3958555964,
                "osm_type": "nodes",
                "opening_hours": null,
                "network": null,
                "operator": null,
                "name": "Levels",
                "amenity": "cafe"
            }
        },
        {
            "type": "Feature",
            "geometry": {
                "type": "Point",
                "coordinates": [
                    112.6376659,
                    -7.9401682
                ]
            },
            "properties": {
                "osm_id": 3958556485,
                "osm_type": "nodes",
                "opening_hours": null,
                "network": null,
                "operator": null,
                "name": "Vosco Coffee",
                "amenity": "cafe"
            }
        },
        {
            "type": "Feature",
            "geometry": {
                "type": "Point",
                "coordinates": [
                    112.6378438,
                    -7.9367058
                ]
            },
            "properties": {
                "osm_id": 11298188327,
                "osm_type": "nodes",
                "opening_hours": "24/7",
                "network": null,
                "operator": null,
                "name": "Warmindo Sari Rasa",
                "amenity": "restaurant"
            }
        },
        {
            "type": "Feature",
            "geometry": {
                "type": "Point",
                "coordinates": [
                    112.6214094,
                    -7.9429071
                ]
            },
            "properties": {
                "osm_id": 11427726338,
                "osm_type": "nodes",
                "opening_hours": null,
                "network": null,
                "operator": null,
                "name": "Yoshinoya",
                "amenity": "fast_food"
            }
        },
        {
            "type": "Feature",
            "geometry": {
                "type": "Point",
                "coordinates": [
                    112.6373028,
                    -7.9383342
                ]
            },
            "properties": {
                "osm_id": 13038936348,
                "osm_type": "nodes",
                "opening_hours": null,
                "network": null,
                "operator": null,
                "name": "Depot Nasi Kuning Hwa Ind",
                "amenity": "restaurant"
            }
        },
        {
            "type": "Feature",
            "geometry": {
                "type": "Point",
                "coordinates": [
                    112.6203671,
                    -7.9431567
                ]
            },
            "properties": {
                "osm_id": 13063349924,
                "osm_type": "nodes",
                "opening_hours": null,
                "network": null,
                "operator": null,
                "name": "Maybank",
                "amenity": "bank"
            }
        },
        {
            "type": "Feature",
            "geometry": {
                "type": "Point",
                "coordinates": [
                    112.6342032,
                    -7.9387545
                ]
            },
            "properties": {
                "osm_id": 13512548986,
                "osm_type": "nodes",
                "opening_hours": null,
                "network": null,
                "operator": null,
                "name": "Panin Bank",
                "amenity": "bank"
            }
        },
        {
            "type": "Feature",
            "geometry": {
                "type": "Point",
                "coordinates": [
                    112.6356324,
                    -7.9393233
                ]
            },
            "properties": {
                "osm_id": 13512548998,
                "osm_type": "nodes",
                "opening_hours": null,
                "network": null,
                "operator": "BRI",
                "name": null,
                "amenity": "atm"
            }
        },
        {
            "type": "Feature",
            "geometry": {
                "type": "Point",
                "coordinates": [
                    112.635086,
                    -7.9393418
                ]
            },
            "properties": {
                "osm_id": 13545353966,
                "osm_type": "nodes",
                "opening_hours": null,
                "network": null,
                "operator": "Bank Central Asia",
                "name": null,
                "amenity": "atm"
            }
        },
        {
            "type": "Feature",
            "geometry": {
                "type": "Point",
                "coordinates": [
                    112.6098355,
                    -7.9713561
                ]
            },
            "properties": {
                "osm_id": 13644889919,
                "osm_type": "nodes",
                "opening_hours": null,
                "network": null,
                "operator": null,
                "name": "Warung Kuning Cak Sur",
                "amenity": "restaurant"
            }
        },
        {
            "type": "Feature",
            "geometry": {
                "type": "Point",
                "coordinates": [
                    112.6109181,
                    -7.9769265
                ]
            },
            "properties": {
                "osm_id": 13781648461,
                "osm_type": "nodes",
                "opening_hours": null,
                "network": null,
                "operator": null,
                "name": "Warung Sejahtera",
                "amenity": "restaurant"
            }
        },
        {
            "type": "Feature",
            "geometry": {
                "type": "Point",
                "coordinates": [
                    112.5261121,
                    -7.8712869
                ]
            },
            "properties": {
                "osm_id": 12477900413,
                "osm_type": "nodes",
                "opening_hours": null,
                "network": null,
                "operator": null,
                "name": "Olidina Snack Crepes & Taiyaki",
                "amenity": "fast_food"
            }
        },
        {
            "type": "Feature",
            "geometry": {
                "type": "Point",
                "coordinates": [
                    112.5314153,
                    -7.8756365
                ]
            },
            "properties": {
                "osm_id": 4057452913,
                "osm_type": "nodes",
                "opening_hours": null,
                "network": null,
                "operator": null,
                "name": "Bank Jatim",
                "amenity": "bank"
            }
        },
        {
            "type": "Feature",
            "geometry": {
                "type": "Point",
                "coordinates": [
                    112.5237618,
                    -7.8701366
                ]
            },
            "properties": {
                "osm_id": 1543930841,
                "osm_type": "nodes",
                "opening_hours": null,
                "network": null,
                "operator": null,
                "name": "BCA",
                "amenity": "bank"
            }
        },
        {
            "type": "Feature",
            "geometry": {
                "type": "Point",
                "coordinates": [
                    112.5141607,
                    -7.8885534
                ]
            },
            "properties": {
                "osm_id": 6785687185,
                "osm_type": "nodes",
                "opening_hours": null,
                "network": null,
                "operator": null,
                "name": "15 Celcius The Skylounge",
                "amenity": "restaurant"
            }
        },
        {
            "type": "Feature",
            "geometry": {
                "type": "Point",
                "coordinates": [
                    112.528899,
                    -7.8628718
                ]
            },
            "properties": {
                "osm_id": 7727868185,
                "osm_type": "nodes",
                "opening_hours": null,
                "network": null,
                "operator": null,
                "name": "Warung Wareg",
                "amenity": "restaurant"
            }
        },
        {
            "type": "Feature",
            "geometry": {
                "type": "Point",
                "coordinates": [
                    112.5288787,
                    -7.8629602
                ]
            },
            "properties": {
                "osm_id": 7796018685,
                "osm_type": "nodes",
                "opening_hours": null,
                "network": null,
                "operator": null,
                "name": "Warung Wareg Batu",
                "amenity": "restaurant"
            }
        },
        {
            "type": "Feature",
            "geometry": {
                "type": "Point",
                "coordinates": [
                    112.6014448,
                    -8.0228926
                ]
            },
            "properties": {
                "osm_id": 12514220198,
                "osm_type": "nodes",
                "opening_hours": null,
                "network": null,
                "operator": null,
                "name": null,
                "amenity": "atm"
            }
        },
        {
            "type": "Feature",
            "geometry": {
                "type": "Point",
                "coordinates": [
                    112.6566483,
                    -7.9804133
                ]
            },
            "properties": {
                "osm_id": 9800954796,
                "osm_type": "nodes",
                "opening_hours": null,
                "network": null,
                "operator": "BCA",
                "name": "BCA",
                "amenity": "atm"
            }
        },
        {
            "type": "Feature",
            "geometry": {
                "type": "Point",
                "coordinates": [
                    112.6117864,
                    -7.9578869
                ]
            },
            "properties": {
                "osm_id": 9766110924,
                "osm_type": "nodes",
                "opening_hours": null,
                "network": null,
                "operator": "CIMB Niaga",
                "name": "CIMB Niaga",
                "amenity": "atm"
            }
        },
        {
            "type": "Feature",
            "geometry": {
                "type": "Point",
                "coordinates": [
                    112.6111201,
                    -7.9447902
                ]
            },
            "properties": {
                "osm_id": 9769655953,
                "osm_type": "nodes",
                "opening_hours": null,
                "network": null,
                "operator": "BCA",
                "name": "BCA",
                "amenity": "atm"
            }
        },
        {
            "type": "Feature",
            "geometry": {
                "type": "Point",
                "coordinates": [
                    112.6253,
                    -7.9643125
                ]
            },
            "properties": {
                "osm_id": 9769596816,
                "osm_type": "nodes",
                "opening_hours": null,
                "network": null,
                "operator": null,
                "name": "Burger King",
                "amenity": "fast_food"
            }
        },
        {
            "type": "Feature",
            "geometry": {
                "type": "Point",
                "coordinates": [
                    112.6177367,
                    -7.9565406
                ]
            },
            "properties": {
                "osm_id": 9769604218,
                "osm_type": "nodes",
                "opening_hours": null,
                "network": null,
                "operator": null,
                "name": "Starbucks",
                "amenity": "cafe"
            }
        },
        {
            "type": "Feature",
            "geometry": {
                "type": "Point",
                "coordinates": [
                    112.6304311,
                    -7.9849041
                ]
            },
            "properties": {
                "osm_id": 9768766919,
                "osm_type": "nodes",
                "opening_hours": null,
                "network": null,
                "operator": "BTN",
                "name": "BTN",
                "amenity": "atm"
            }
        },
        {
            "type": "Feature",
            "geometry": {
                "type": "Point",
                "coordinates": [
                    112.6086957,
                    -7.973049
                ]
            },
            "properties": {
                "osm_id": 9768533204,
                "osm_type": "nodes",
                "opening_hours": null,
                "network": null,
                "operator": "BNI",
                "name": "BNI",
                "amenity": "atm"
            }
        },
        {
            "type": "Feature",
            "geometry": {
                "type": "Point",
                "coordinates": [
                    112.6261839,
                    -7.9622993
                ]
            },
            "properties": {
                "osm_id": 9768318583,
                "osm_type": "nodes",
                "opening_hours": null,
                "network": null,
                "operator": "BCA",
                "name": "BCA",
                "amenity": "atm"
            }
        },
        {
            "type": "Feature",
            "geometry": {
                "type": "Point",
                "coordinates": [
                    112.6066955,
                    -7.9377345
                ]
            },
            "properties": {
                "osm_id": 9766130974,
                "osm_type": "nodes",
                "opening_hours": null,
                "network": null,
                "operator": "Bank Muamalat",
                "name": "Bank Muamalat",
                "amenity": "atm"
            }
        },
        {
            "type": "Feature",
            "geometry": {
                "type": "Point",
                "coordinates": [
                    112.6382905,
                    -7.9549316
                ]
            },
            "properties": {
                "osm_id": 9437079384,
                "osm_type": "nodes",
                "opening_hours": null,
                "network": null,
                "operator": null,
                "name": "BRI",
                "amenity": "bank"
            }
        },
        {
            "type": "Feature",
            "geometry": {
                "type": "Point",
                "coordinates": [
                    112.5302005,
                    -7.8746394
                ]
            },
            "properties": {
                "osm_id": 8242551153,
                "osm_type": "nodes",
                "opening_hours": null,
                "network": null,
                "operator": null,
                "name": "Warung Bethania Batu",
                "amenity": "restaurant"
            }
        },
        {
            "type": "Feature",
            "geometry": {
                "type": "Point",
                "coordinates": [
                    112.6029282,
                    -8.0241689
                ]
            },
            "properties": {
                "osm_id": 7797761241,
                "osm_type": "nodes",
                "opening_hours": "24/7",
                "network": null,
                "operator": null,
                "name": "MIE AMORFATI",
                "amenity": "cafe"
            }
        },
        {
            "type": "Feature",
            "geometry": {
                "type": "Point",
                "coordinates": [
                    112.6250169,
                    -7.9639717
                ]
            },
            "properties": {
                "osm_id": 9769596814,
                "osm_type": "nodes",
                "opening_hours": null,
                "network": null,
                "operator": "Bank Mandiri",
                "name": "Bank Mandiri",
                "amenity": "atm"
            }
        },
        {
            "type": "Feature",
            "geometry": {
                "type": "Point",
                "coordinates": [
                    112.616581,
                    -7.9682514
                ]
            },
            "properties": {
                "osm_id": 9765981096,
                "osm_type": "nodes",
                "opening_hours": null,
                "network": null,
                "operator": "BRI",
                "name": "BRI",
                "amenity": "atm"
            }
        },
        {
            "type": "Feature",
            "geometry": {
                "type": "Point",
                "coordinates": [
                    112.617089,
                    -7.974056
                ]
            },
            "properties": {
                "osm_id": 9509704045,
                "osm_type": "nodes",
                "opening_hours": null,
                "network": null,
                "operator": null,
                "name": "Rujak Manis Semeru",
                "amenity": "restaurant"
            }
        },
        {
            "type": "Feature",
            "geometry": {
                "type": "Point",
                "coordinates": [
                    112.6222505,
                    -7.9683241
                ]
            },
            "properties": {
                "osm_id": 13438378525,
                "osm_type": "nodes",
                "opening_hours": null,
                "network": null,
                "operator": null,
                "name": "Bakso Bakar Pahlawan TRIP",
                "amenity": "restaurant"
            }
        },
        {
            "type": "Feature",
            "geometry": {
                "type": "Point",
                "coordinates": [
                    112.620009,
                    -7.9668283
                ]
            },
            "properties": {
                "osm_id": 13439216130,
                "osm_type": "nodes",
                "opening_hours": null,
                "network": null,
                "operator": null,
                "name": "Iki Japanese Teriyaki House",
                "amenity": "restaurant"
            }
        },
        {
            "type": "Feature",
            "geometry": {
                "type": "Point",
                "coordinates": [
                    112.6436705,
                    -8.0187599
                ]
            },
            "properties": {
                "osm_id": 10698437626,
                "osm_type": "nodes",
                "opening_hours": null,
                "network": null,
                "operator": "Bank Central Asia",
                "name": null,
                "amenity": "atm"
            }
        },
        {
            "type": "Feature",
            "geometry": {
                "type": "Point",
                "coordinates": [
                    112.6436154,
                    -8.018787
                ]
            },
            "properties": {
                "osm_id": 10698444439,
                "osm_type": "nodes",
                "opening_hours": null,
                "network": null,
                "operator": "Bank Mandiri",
                "name": "Atm Mandiri",
                "amenity": "atm"
            }
        },
        {
            "type": "Feature",
            "geometry": {
                "type": "Point",
                "coordinates": [
                    112.6436143,
                    -8.018752
                ]
            },
            "properties": {
                "osm_id": 10698444983,
                "osm_type": "nodes",
                "opening_hours": null,
                "network": null,
                "operator": "BTN",
                "name": "Atm BTN",
                "amenity": "atm"
            }
        },
        {
            "type": "Feature",
            "geometry": {
                "type": "Point",
                "coordinates": [
                    112.6192871,
                    -8.020077
                ]
            },
            "properties": {
                "osm_id": 13617869423,
                "osm_type": "nodes",
                "opening_hours": null,
                "network": null,
                "operator": "Bank Central Asia",
                "name": null,
                "amenity": "atm"
            }
        },
        {
            "type": "Feature",
            "geometry": {
                "type": "Point",
                "coordinates": [
                    112.6188146,
                    -8.0211458
                ]
            },
            "properties": {
                "osm_id": 13617869470,
                "osm_type": "nodes",
                "opening_hours": null,
                "network": null,
                "operator": null,
                "name": "Bank Mandiri",
                "amenity": "bank"
            }
        },
        {
            "type": "Feature",
            "geometry": {
                "type": "Point",
                "coordinates": [
                    112.6625761,
                    -7.9499319
                ]
            },
            "properties": {
                "osm_id": 9753465892,
                "osm_type": "nodes",
                "opening_hours": null,
                "network": null,
                "operator": null,
                "name": "WR Bu Anie",
                "amenity": "restaurant"
            }
        },
        {
            "type": "Feature",
            "geometry": {
                "type": "Point",
                "coordinates": [
                    112.7375393,
                    -8.0033742
                ]
            },
            "properties": {
                "osm_id": 13051652428,
                "osm_type": "nodes",
                "opening_hours": null,
                "network": null,
                "operator": null,
                "name": "Warung Latar Bokor",
                "amenity": "restaurant"
            }
        },
        {
            "type": "Feature",
            "geometry": {
                "type": "Point",
                "coordinates": [
                    112.6660522,
                    -7.9399559
                ]
            },
            "properties": {
                "osm_id": 9414560688,
                "osm_type": "nodes",
                "opening_hours": null,
                "network": null,
                "operator": "BNI",
                "name": null,
                "amenity": "atm"
            }
        },
        {
            "type": "Feature",
            "geometry": {
                "type": "Point",
                "coordinates": [
                    112.5883183,
                    -8.0873354
                ]
            },
            "properties": {
                "osm_id": 10300003628,
                "osm_type": "nodes",
                "opening_hours": null,
                "network": null,
                "operator": null,
                "name": "Atm BRI",
                "amenity": "atm"
            }
        },
        {
            "type": "Feature",
            "geometry": {
                "type": "Point",
                "coordinates": [
                    112.6559762,
                    -7.9348918
                ]
            },
            "properties": {
                "osm_id": 13105279605,
                "osm_type": "nodes",
                "opening_hours": null,
                "network": null,
                "operator": null,
                "name": "Kedai Ameera Arjosari",
                "amenity": "fast_food"
            }
        },
        {
            "type": "Feature",
            "geometry": {
                "type": "Point",
                "coordinates": [
                    112.6574356,
                    -7.9331183
                ]
            },
            "properties": {
                "osm_id": 13381692967,
                "osm_type": "nodes",
                "opening_hours": null,
                "network": null,
                "operator": "Bank Central Asia",
                "name": null,
                "amenity": "atm"
            }
        },
        {
            "type": "Feature",
            "geometry": {
                "type": "Point",
                "coordinates": [
                    112.6574084,
                    -7.9331114
                ]
            },
            "properties": {
                "osm_id": 13381692968,
                "osm_type": "nodes",
                "opening_hours": null,
                "network": null,
                "operator": "Bank Mandiri",
                "name": null,
                "amenity": "atm"
            }
        },
        {
            "type": "Feature",
            "geometry": {
                "type": "Point",
                "coordinates": [
                    112.6588489,
                    -7.9329441
                ]
            },
            "properties": {
                "osm_id": 13381705570,
                "osm_type": "nodes",
                "opening_hours": null,
                "network": null,
                "operator": null,
                "name": "Kedai Makan Sri Semplang",
                "amenity": "restaurant"
            }
        },
        {
            "type": "Feature",
            "geometry": {
                "type": "Point",
                "coordinates": [
                    112.65564,
                    -7.9590125
                ]
            },
            "properties": {
                "osm_id": 13395432943,
                "osm_type": "nodes",
                "opening_hours": null,
                "network": null,
                "operator": "Bank Central Asia",
                "name": null,
                "amenity": "atm"
            }
        },
        {
            "type": "Feature",
            "geometry": {
                "type": "Point",
                "coordinates": [
                    112.6555292,
                    -7.9593058
                ]
            },
            "properties": {
                "osm_id": 13439162810,
                "osm_type": "nodes",
                "opening_hours": null,
                "network": null,
                "operator": null,
                "name": "Sarabba Warkop",
                "amenity": "cafe"
            }
        },
        {
            "type": "Feature",
            "geometry": {
                "type": "Point",
                "coordinates": [
                    112.65808,
                    -7.9414255
                ]
            },
            "properties": {
                "osm_id": 7304760286,
                "osm_type": "nodes",
                "opening_hours": null,
                "network": null,
                "operator": null,
                "name": "Lalapan Belut Goreng Mbak Sunik",
                "amenity": "fast_food"
            }
        },
        {
            "type": "Feature",
            "geometry": {
                "type": "Point",
                "coordinates": [
                    112.6965459,
                    -7.95351
                ]
            },
            "properties": {
                "osm_id": 11330666533,
                "osm_type": "nodes",
                "opening_hours": null,
                "network": null,
                "operator": null,
                "name": "Suco Ramen",
                "amenity": "fast_food"
            }
        },
        {
            "type": "Feature",
            "geometry": {
                "type": "Point",
                "coordinates": [
                    112.5354026,
                    -7.8817993
                ]
            },
            "properties": {
                "osm_id": 12017331915,
                "osm_type": "nodes",
                "opening_hours": null,
                "network": null,
                "operator": null,
                "name": "Bakso Sritikah",
                "amenity": "restaurant"
            }
        },
        {
            "type": "Feature",
            "geometry": {
                "type": "Point",
                "coordinates": [
                    112.6269133,
                    -7.9369824
                ]
            },
            "properties": {
                "osm_id": 3958540208,
                "osm_type": "nodes",
                "opening_hours": null,
                "network": null,
                "operator": null,
                "name": "Cotton Co",
                "amenity": "cafe"
            }
        },
        {
            "type": "Feature",
            "geometry": {
                "type": "Point",
                "coordinates": [
                    112.630696,
                    -7.9393279
                ]
            },
            "properties": {
                "osm_id": 3958546347,
                "osm_type": "nodes",
                "opening_hours": null,
                "network": null,
                "operator": null,
                "name": "Labore Coffee Eatery",
                "amenity": "cafe"
            }
        },
        {
            "type": "Feature",
            "geometry": {
                "type": "Point",
                "coordinates": [
                    112.629104,
                    -7.938641
                ]
            },
            "properties": {
                "osm_id": 3958549900,
                "osm_type": "nodes",
                "opening_hours": null,
                "network": null,
                "operator": null,
                "name": "Monkey Garage",
                "amenity": "cafe"
            }
        },
        {
            "type": "Feature",
            "geometry": {
                "type": "Point",
                "coordinates": [
                    112.6372549,
                    -7.9384381
                ]
            },
            "properties": {
                "osm_id": 13038936349,
                "osm_type": "nodes",
                "opening_hours": null,
                "network": null,
                "operator": null,
                "name": "Depot Semangkok",
                "amenity": "fast_food"
            }
        },
        {
            "type": "Feature",
            "geometry": {
                "type": "Point",
                "coordinates": [
                    112.5959582,
                    -7.9222431
                ]
            },
            "properties": {
                "osm_id": 3958394535,
                "osm_type": "nodes",
                "opening_hours": null,
                "network": null,
                "operator": null,
                "name": "Ria Djenaka",
                "amenity": "cafe"
            }
        },
        {
            "type": "Feature",
            "geometry": {
                "type": "Point",
                "coordinates": [
                    112.6002539,
                    -7.9256202
                ]
            },
            "properties": {
                "osm_id": 13073672501,
                "osm_type": "nodes",
                "opening_hours": "24/7",
                "network": null,
                "operator": null,
                "name": "CW Coffee & Eatery - Tlogomas",
                "amenity": "cafe"
            }
        },
        {
            "type": "Feature",
            "geometry": {
                "type": "Point",
                "coordinates": [
                    112.6228244,
                    -7.9415165
                ]
            },
            "properties": {
                "osm_id": 5330300566,
                "osm_type": "nodes",
                "opening_hours": null,
                "network": null,
                "operator": null,
                "name": "Circle Cafe & Resto",
                "amenity": "cafe"
            }
        },
        {
            "type": "Feature",
            "geometry": {
                "type": "Point",
                "coordinates": [
                    112.619999,
                    -7.9450608
                ]
            },
            "properties": {
                "osm_id": 13057557093,
                "osm_type": "nodes",
                "opening_hours": null,
                "network": null,
                "operator": null,
                "name": "HD'R Comic Cafe",
                "amenity": "fast_food"
            }
        },
        {
            "type": "Feature",
            "geometry": {
                "type": "Point",
                "coordinates": [
                    112.6363181,
                    -7.9621098
                ]
            },
            "properties": {
                "osm_id": 13650230915,
                "osm_type": "nodes",
                "opening_hours": null,
                "network": null,
                "operator": "Panin Bank",
                "name": null,
                "amenity": "atm"
            }
        },
        {
            "type": "Feature",
            "geometry": {
                "type": "Point",
                "coordinates": [
                    112.6116028,
                    -7.9490314
                ]
            },
            "properties": {
                "osm_id": 11160655965,
                "osm_type": "nodes",
                "opening_hours": "Mo-Su 09:00-21:00",
                "network": null,
                "operator": null,
                "name": "Gerbang Keluar UB Watugong",
                "amenity": "restaurant"
            }
        },
        {
            "type": "Feature",
            "geometry": {
                "type": "Point",
                "coordinates": [
                    112.6184063,
                    -7.9569125
                ]
            },
            "properties": {
                "osm_id": 12222406700,
                "osm_type": "nodes",
                "opening_hours": null,
                "network": null,
                "operator": null,
                "name": "Mixue",
                "amenity": "cafe"
            }
        },
        {
            "type": "Feature",
            "geometry": {
                "type": "Point",
                "coordinates": [
                    112.640896,
                    -7.9527126
                ]
            },
            "properties": {
                "osm_id": 13449450043,
                "osm_type": "nodes",
                "opening_hours": null,
                "network": null,
                "operator": "Bank Mandiri",
                "name": null,
                "amenity": "atm"
            }
        },
        {
            "type": "Feature",
            "geometry": {
                "type": "Point",
                "coordinates": [
                    112.6408818,
                    -7.9527126
                ]
            },
            "properties": {
                "osm_id": 13449450044,
                "osm_type": "nodes",
                "opening_hours": null,
                "network": null,
                "operator": "BNI",
                "name": null,
                "amenity": "atm"
            }
        },
        {
            "type": "Feature",
            "geometry": {
                "type": "Point",
                "coordinates": [
                    112.6158265,
                    -7.9557323
                ]
            },
            "properties": {
                "osm_id": 9766110919,
                "osm_type": "nodes",
                "opening_hours": null,
                "network": null,
                "operator": "Bank Central Asia",
                "name": "BCA",
                "amenity": "atm"
            }
        },
        {
            "type": "Feature",
            "geometry": {
                "type": "Point",
                "coordinates": [
                    112.6157268,
                    -7.9556914
                ]
            },
            "properties": {
                "osm_id": 9766110920,
                "osm_type": "nodes",
                "opening_hours": null,
                "network": null,
                "operator": "BNI",
                "name": "BNI",
                "amenity": "atm"
            }
        },
        {
            "type": "Feature",
            "geometry": {
                "type": "Point",
                "coordinates": [
                    112.6134418,
                    -7.9573523
                ]
            },
            "properties": {
                "osm_id": 13634776026,
                "osm_type": "nodes",
                "opening_hours": null,
                "network": null,
                "operator": null,
                "name": "Dunkin'",
                "amenity": "fast_food"
            }
        },
        {
            "type": "Feature",
            "geometry": {
                "type": "Point",
                "coordinates": [
                    112.6317224,
                    -7.9496599
                ]
            },
            "properties": {
                "osm_id": 5829225085,
                "osm_type": "nodes",
                "opening_hours": null,
                "network": null,
                "operator": null,
                "name": "Warung Gengger",
                "amenity": "restaurant"
            }
        },
        {
            "type": "Feature",
            "geometry": {
                "type": "Point",
                "coordinates": [
                    112.6510912,
                    -7.934272
                ]
            },
            "properties": {
                "osm_id": 12434838906,
                "osm_type": "nodes",
                "opening_hours": null,
                "network": null,
                "operator": null,
                "name": "Warung Pitu Masakan Asli Solo",
                "amenity": "fast_food"
            }
        },
        {
            "type": "Feature",
            "geometry": {
                "type": "Point",
                "coordinates": [
                    112.6440139,
                    -7.9565089
                ]
            },
            "properties": {
                "osm_id": 13197267393,
                "osm_type": "nodes",
                "opening_hours": null,
                "network": null,
                "operator": null,
                "name": "Chatime",
                "amenity": "cafe"
            }
        },
        {
            "type": "Feature",
            "geometry": {
                "type": "Point",
                "coordinates": [
                    112.6457276,
                    -7.9538596
                ]
            },
            "properties": {
                "osm_id": 6817644786,
                "osm_type": "nodes",
                "opening_hours": null,
                "network": null,
                "operator": null,
                "name": "Resto Vegan Mie Panjang",
                "amenity": "restaurant"
            }
        },
        {
            "type": "Feature",
            "geometry": {
                "type": "Point",
                "coordinates": [
                    112.6515085,
                    -7.9411905
                ]
            },
            "properties": {
                "osm_id": 7238057085,
                "osm_type": "nodes",
                "opening_hours": null,
                "network": null,
                "operator": null,
                "name": "soto ayam lamongan",
                "amenity": "restaurant"
            }
        },
        {
            "type": "Feature",
            "geometry": {
                "type": "Point",
                "coordinates": [
                    112.6449683,
                    -8.000665
                ]
            },
            "properties": {
                "osm_id": 7321556866,
                "osm_type": "nodes",
                "opening_hours": null,
                "network": null,
                "operator": null,
                "name": "Warung Jaya Nikmat",
                "amenity": "restaurant"
            }
        },
        {
            "type": "Feature",
            "geometry": {
                "type": "Point",
                "coordinates": [
                    112.6022214,
                    -7.9432695
                ]
            },
            "properties": {
                "osm_id": 10980693166,
                "osm_type": "nodes",
                "opening_hours": null,
                "network": null,
                "operator": null,
                "name": "Arthemis Coffe",
                "amenity": "cafe"
            }
        },
        {
            "type": "Feature",
            "geometry": {
                "type": "Point",
                "coordinates": [
                    112.6019638,
                    -7.9268277
                ]
            },
            "properties": {
                "osm_id": 3958387071,
                "osm_type": "nodes",
                "opening_hours": null,
                "network": null,
                "operator": null,
                "name": "Double Six 66",
                "amenity": "cafe"
            }
        },
        {
            "type": "Feature",
            "geometry": {
                "type": "Point",
                "coordinates": [
                    112.6028748,
                    -7.9274959
                ]
            },
            "properties": {
                "osm_id": 3958412935,
                "osm_type": "nodes",
                "opening_hours": null,
                "network": null,
                "operator": null,
                "name": "Paffee Coffee",
                "amenity": "cafe"
            }
        },
        {
            "type": "Feature",
            "geometry": {
                "type": "Point",
                "coordinates": [
                    112.6024304,
                    -7.9266382
                ]
            },
            "properties": {
                "osm_id": 3958416341,
                "osm_type": "nodes",
                "opening_hours": null,
                "network": null,
                "operator": null,
                "name": "Mimiq Koffie",
                "amenity": "cafe"
            }
        },
        {
            "type": "Feature",
            "geometry": {
                "type": "Point",
                "coordinates": [
                    112.606413,
                    -7.9287487
                ]
            },
            "properties": {
                "osm_id": 13197059417,
                "osm_type": "nodes",
                "opening_hours": null,
                "network": null,
                "operator": null,
                "name": "Coffeeshop Kebon Cak Kin",
                "amenity": "cafe"
            }
        },
        {
            "type": "Feature",
            "geometry": {
                "type": "Point",
                "coordinates": [
                    112.607017,
                    -7.9379839
                ]
            },
            "properties": {
                "osm_id": 13478412680,
                "osm_type": "nodes",
                "opening_hours": null,
                "network": null,
                "operator": null,
                "name": "Richeese Factory",
                "amenity": "fast_food"
            }
        },
        {
            "type": "Feature",
            "geometry": {
                "type": "Point",
                "coordinates": [
                    112.6069317,
                    -7.9378632
                ]
            },
            "properties": {
                "osm_id": 13478412681,
                "osm_type": "nodes",
                "opening_hours": null,
                "network": null,
                "operator": null,
                "name": "J.Co",
                "amenity": "fast_food"
            }
        },
        {
            "type": "Feature",
            "geometry": {
                "type": "Point",
                "coordinates": [
                    112.5855273,
                    -7.9251516
                ]
            },
            "properties": {
                "osm_id": 6718347686,
                "osm_type": "nodes",
                "opening_hours": null,
                "network": null,
                "operator": null,
                "name": "Kanun cafe",
                "amenity": "cafe"
            }
        },
        {
            "type": "Feature",
            "geometry": {
                "type": "Point",
                "coordinates": [
                    112.6123054,
                    -7.9838602
                ]
            },
            "properties": {
                "osm_id": 11011049329,
                "osm_type": "nodes",
                "opening_hours": null,
                "network": null,
                "operator": null,
                "name": "Koperasi Unggul Makmur",
                "amenity": "bank"
            }
        },
        {
            "type": "Feature",
            "geometry": {
                "type": "Point",
                "coordinates": [
                    112.6114521,
                    -7.9735001
                ]
            },
            "properties": {
                "osm_id": 7135815197,
                "osm_type": "nodes",
                "opening_hours": null,
                "network": null,
                "operator": null,
                "name": "J.Co",
                "amenity": "fast_food"
            }
        },
        {
            "type": "Feature",
            "geometry": {
                "type": "Point",
                "coordinates": [
                    112.6114342,
                    -7.9736606
                ]
            },
            "properties": {
                "osm_id": 7135815204,
                "osm_type": "nodes",
                "opening_hours": "Mo-Su 10:00-22:00",
                "network": null,
                "operator": null,
                "name": "Rice Bowl",
                "amenity": "restaurant"
            }
        },
        {
            "type": "Feature",
            "geometry": {
                "type": "Point",
                "coordinates": [
                    112.6127757,
                    -7.9740105
                ]
            },
            "properties": {
                "osm_id": 12140838465,
                "osm_type": "nodes",
                "opening_hours": null,
                "network": null,
                "operator": "Bank Central Asia",
                "name": null,
                "amenity": "atm"
            }
        },
        {
            "type": "Feature",
            "geometry": {
                "type": "Point",
                "coordinates": [
                    112.6124855,
                    -7.9734919
                ]
            },
            "properties": {
                "osm_id": 9766110941,
                "osm_type": "nodes",
                "opening_hours": null,
                "network": null,
                "operator": "BNI",
                "name": "BNI",
                "amenity": "atm"
            }
        },
        {
            "type": "Feature",
            "geometry": {
                "type": "Point",
                "coordinates": [
                    112.6131039,
                    -7.974415
                ]
            },
            "properties": {
                "osm_id": 13564558362,
                "osm_type": "nodes",
                "opening_hours": null,
                "network": null,
                "operator": "Bank Central Asia",
                "name": null,
                "amenity": "atm"
            }
        },
        {
            "type": "Feature",
            "geometry": {
                "type": "Point",
                "coordinates": [
                    112.6016237,
                    -7.9854089
                ]
            },
            "properties": {
                "osm_id": 13377621678,
                "osm_type": "nodes",
                "opening_hours": null,
                "network": null,
                "operator": null,
                "name": "Nasgor Kepo",
                "amenity": "restaurant"
            }
        },
        {
            "type": "Feature",
            "geometry": {
                "type": "Point",
                "coordinates": [
                    112.6002426,
                    -7.9978044
                ]
            },
            "properties": {
                "osm_id": 13694175382,
                "osm_type": "nodes",
                "opening_hours": null,
                "network": null,
                "operator": null,
                "name": null,
                "amenity": "atm"
            }
        },
        {
            "type": "Feature",
            "geometry": {
                "type": "Point",
                "coordinates": [
                    112.6119661,
                    -7.9735151
                ]
            },
            "properties": {
                "osm_id": 7135815196,
                "osm_type": "nodes",
                "opening_hours": null,
                "network": null,
                "operator": null,
                "name": "Starbucks",
                "amenity": "cafe"
            }
        },
        {
            "type": "Feature",
            "geometry": {
                "type": "Point",
                "coordinates": [
                    112.6118366,
                    -7.9737121
                ]
            },
            "properties": {
                "osm_id": 7135815201,
                "osm_type": "nodes",
                "opening_hours": "Mo-Su 10:00-22:00",
                "network": null,
                "operator": null,
                "name": "Ichiban Sushi",
                "amenity": "restaurant"
            }
        },
        {
            "type": "Feature",
            "geometry": {
                "type": "Point",
                "coordinates": [
                    112.6115398,
                    -7.9737596
                ]
            },
            "properties": {
                "osm_id": 7135815203,
                "osm_type": "nodes",
                "opening_hours": null,
                "network": null,
                "operator": null,
                "name": "Wendy's",
                "amenity": "fast_food"
            }
        },
        {
            "type": "Feature",
            "geometry": {
                "type": "Point",
                "coordinates": [
                    112.612786,
                    -7.9739713
                ]
            },
            "properties": {
                "osm_id": 12140838466,
                "osm_type": "nodes",
                "opening_hours": null,
                "network": null,
                "operator": "CIMB Niaga",
                "name": null,
                "amenity": "atm"
            }
        },
        {
            "type": "Feature",
            "geometry": {
                "type": "Point",
                "coordinates": [
                    112.6127604,
                    -7.9741101
                ]
            },
            "properties": {
                "osm_id": 12133856540,
                "osm_type": "nodes",
                "opening_hours": null,
                "network": null,
                "operator": null,
                "name": "Burger Bangor",
                "amenity": "fast_food"
            }
        },
        {
            "type": "Feature",
            "geometry": {
                "type": "Point",
                "coordinates": [
                    112.6124377,
                    -7.973487
                ]
            },
            "properties": {
                "osm_id": 9766110940,
                "osm_type": "nodes",
                "opening_hours": null,
                "network": null,
                "operator": "BRI",
                "name": "BRI",
                "amenity": "atm"
            }
        },
        {
            "type": "Feature",
            "geometry": {
                "type": "Point",
                "coordinates": [
                    112.6099716,
                    -7.9732299
                ]
            },
            "properties": {
                "osm_id": 9768533203,
                "osm_type": "nodes",
                "opening_hours": null,
                "network": null,
                "operator": "Maybank",
                "name": "Maybank",
                "amenity": "atm"
            }
        },
        {
            "type": "Feature",
            "geometry": {
                "type": "Point",
                "coordinates": [
                    112.6093107,
                    -7.973055
                ]
            },
            "properties": {
                "osm_id": 13481273931,
                "osm_type": "nodes",
                "opening_hours": null,
                "network": null,
                "operator": null,
                "name": "Kopakopi",
                "amenity": "cafe"
            }
        },
        {
            "type": "Feature",
            "geometry": {
                "type": "Point",
                "coordinates": [
                    112.6131051,
                    -7.9743814
                ]
            },
            "properties": {
                "osm_id": 13564558363,
                "osm_type": "nodes",
                "opening_hours": null,
                "network": null,
                "operator": "Bank Syariah Indonesia",
                "name": "Bank Syariah Indonesia",
                "amenity": "atm"
            }
        },
        {
            "type": "Feature",
            "geometry": {
                "type": "Point",
                "coordinates": [
                    112.5988616,
                    -7.9799168
                ]
            },
            "properties": {
                "osm_id": 12138514930,
                "osm_type": "nodes",
                "opening_hours": null,
                "network": null,
                "operator": null,
                "name": "Warung Bunda Cua",
                "amenity": "restaurant"
            }
        },
        {
            "type": "Feature",
            "geometry": {
                "type": "Point",
                "coordinates": [
                    112.5951151,
                    -7.9797009
                ]
            },
            "properties": {
                "osm_id": 10968179464,
                "osm_type": "nodes",
                "opening_hours": null,
                "network": null,
                "operator": null,
                "name": null,
                "amenity": "fast_food"
            }
        },
        {
            "type": "Feature",
            "geometry": {
                "type": "Point",
                "coordinates": [
                    112.5983136,
                    -7.9793095
                ]
            },
            "properties": {
                "osm_id": 12106630672,
                "osm_type": "nodes",
                "opening_hours": null,
                "network": null,
                "operator": null,
                "name": "Kedai Kopi Kaito",
                "amenity": "cafe"
            }
        },
        {
            "type": "Feature",
            "geometry": {
                "type": "Point",
                "coordinates": [
                    112.6042511,
                    -7.9739394
                ]
            },
            "properties": {
                "osm_id": 11891245110,
                "osm_type": "nodes",
                "opening_hours": "Mo-Su 12:00-10:00",
                "network": null,
                "operator": null,
                "name": "Sumbersareh",
                "amenity": "restaurant"
            }
        },
        {
            "type": "Feature",
            "geometry": {
                "type": "Point",
                "coordinates": [
                    112.5980118,
                    -7.9792064
                ]
            },
            "properties": {
                "osm_id": 10963142151,
                "osm_type": "nodes",
                "opening_hours": null,
                "network": null,
                "operator": null,
                "name": "Waroeng Inggil",
                "amenity": "restaurant"
            }
        },
        {
            "type": "Feature",
            "geometry": {
                "type": "Point",
                "coordinates": [
                    112.6066894,
                    -7.9377264
                ]
            },
            "properties": {
                "osm_id": 9766130975,
                "osm_type": "nodes",
                "opening_hours": null,
                "network": null,
                "operator": "Bank Syariah Indonesia",
                "name": "Bank Syariah Indonesia",
                "amenity": "atm"
            }
        },
        {
            "type": "Feature",
            "geometry": {
                "type": "Point",
                "coordinates": [
                    112.606667,
                    -7.9376987
                ]
            },
            "properties": {
                "osm_id": 9766130979,
                "osm_type": "nodes",
                "opening_hours": null,
                "network": null,
                "operator": "BCA",
                "name": "BCA",
                "amenity": "atm"
            }
        },
        {
            "type": "Feature",
            "geometry": {
                "type": "Point",
                "coordinates": [
                    112.6326587,
                    -7.960059
                ]
            },
            "properties": {
                "osm_id": 4085902685,
                "osm_type": "nodes",
                "opening_hours": null,
                "network": null,
                "operator": null,
                "name": "Coffee Taste",
                "amenity": "cafe"
            }
        },
        {
            "type": "Feature",
            "geometry": {
                "type": "Point",
                "coordinates": [
                    112.6127732,
                    -7.9569008
                ]
            },
            "properties": {
                "osm_id": 9766110922,
                "osm_type": "nodes",
                "opening_hours": null,
                "network": null,
                "operator": "Bank Central Asia",
                "name": "BCA",
                "amenity": "atm"
            }
        },
        {
            "type": "Feature",
            "geometry": {
                "type": "Point",
                "coordinates": [
                    112.6131871,
                    -7.9557646
                ]
            },
            "properties": {
                "osm_id": 12125201869,
                "osm_type": "nodes",
                "opening_hours": null,
                "network": null,
                "operator": "BTN",
                "name": null,
                "amenity": "atm"
            }
        },
        {
            "type": "Feature",
            "geometry": {
                "type": "Point",
                "coordinates": [
                    112.6320259,
                    -7.9874735
                ]
            },
            "properties": {
                "osm_id": 4511809689,
                "osm_type": "nodes",
                "opening_hours": null,
                "network": null,
                "operator": null,
                "name": "Gadjah Mada",
                "amenity": "restaurant"
            }
        },
        {
            "type": "Feature",
            "geometry": {
                "type": "Point",
                "coordinates": [
                    112.6191208,
                    -7.963842
                ]
            },
            "properties": {
                "osm_id": 9766022147,
                "osm_type": "nodes",
                "opening_hours": null,
                "network": null,
                "operator": "BTN",
                "name": "BTN",
                "amenity": "atm"
            }
        },
        {
            "type": "Feature",
            "geometry": {
                "type": "Point",
                "coordinates": [
                    112.611805,
                    -7.9578718
                ]
            },
            "properties": {
                "osm_id": 9766110923,
                "osm_type": "nodes",
                "opening_hours": null,
                "network": null,
                "operator": "BNI",
                "name": "BNI",
                "amenity": "atm"
            }
        },
        {
            "type": "Feature",
            "geometry": {
                "type": "Point",
                "coordinates": [
                    112.6191334,
                    -7.967877
                ]
            },
            "properties": {
                "osm_id": 7949987887,
                "osm_type": "nodes",
                "opening_hours": null,
                "network": null,
                "operator": null,
                "name": "Gerai Es Dempo",
                "amenity": "fast_food"
            }
        },
        {
            "type": "Feature",
            "geometry": {
                "type": "Point",
                "coordinates": [
                    112.619244,
                    -7.9677085
                ]
            },
            "properties": {
                "osm_id": 7949988785,
                "osm_type": "nodes",
                "opening_hours": null,
                "network": null,
                "operator": null,
                "name": "Nasi Goreng Dempo",
                "amenity": "fast_food"
            }
        },
        {
            "type": "Feature",
            "geometry": {
                "type": "Point",
                "coordinates": [
                    112.6356155,
                    -7.9718181
                ]
            },
            "properties": {
                "osm_id": 5004659767,
                "osm_type": "nodes",
                "opening_hours": null,
                "network": null,
                "operator": null,
                "name": "Bebek Gong CBK.",
                "amenity": "restaurant"
            }
        },
        {
            "type": "Feature",
            "geometry": {
                "type": "Point",
                "coordinates": [
                    112.601465,
                    -7.9773372
                ]
            },
            "properties": {
                "osm_id": 12157102490,
                "osm_type": "nodes",
                "opening_hours": null,
                "network": null,
                "operator": null,
                "name": null,
                "amenity": "cafe"
            }
        },
        {
            "type": "Feature",
            "geometry": {
                "type": "Point",
                "coordinates": [
                    112.6086482,
                    -7.9726977
                ]
            },
            "properties": {
                "osm_id": 12157326314,
                "osm_type": "nodes",
                "opening_hours": null,
                "network": null,
                "operator": "BRI",
                "name": null,
                "amenity": "atm"
            }
        },
        {
            "type": "Feature",
            "geometry": {
                "type": "Point",
                "coordinates": [
                    112.6095976,
                    -7.9731812
                ]
            },
            "properties": {
                "osm_id": 9768533200,
                "osm_type": "nodes",
                "opening_hours": null,
                "network": null,
                "operator": "Bank Central Asia",
                "name": "BCA",
                "amenity": "atm"
            }
        },
        {
            "type": "Feature",
            "geometry": {
                "type": "Point",
                "coordinates": [
                    112.6095682,
                    -7.9731777
                ]
            },
            "properties": {
                "osm_id": 9768533201,
                "osm_type": "nodes",
                "opening_hours": null,
                "network": null,
                "operator": "BRI",
                "name": "BRI",
                "amenity": "atm"
            }
        },
        {
            "type": "Feature",
            "geometry": {
                "type": "Point",
                "coordinates": [
                    112.6100021,
                    -7.973231
                ]
            },
            "properties": {
                "osm_id": 9768533202,
                "osm_type": "nodes",
                "opening_hours": null,
                "network": null,
                "operator": "Bank Mandiri",
                "name": "Bank Mandiri",
                "amenity": "atm"
            }
        },
        {
            "type": "Feature",
            "geometry": {
                "type": "Point",
                "coordinates": [
                    112.6018475,
                    -7.9854383
                ]
            },
            "properties": {
                "osm_id": 9768533216,
                "osm_type": "nodes",
                "opening_hours": null,
                "network": null,
                "operator": "Bank Central Asia",
                "name": "BCA",
                "amenity": "atm"
            }
        },
        {
            "type": "Feature",
            "geometry": {
                "type": "Point",
                "coordinates": [
                    112.6657087,
                    -7.9805822
                ]
            },
            "properties": {
                "osm_id": 9801051596,
                "osm_type": "nodes",
                "opening_hours": null,
                "network": null,
                "operator": "Bank Central Asia",
                "name": "BCA",
                "amenity": "atm"
            }
        },
        {
            "type": "Feature",
            "geometry": {
                "type": "Point",
                "coordinates": [
                    112.6861235,
                    -7.93953
                ]
            },
            "properties": {
                "osm_id": 13764017022,
                "osm_type": "nodes",
                "opening_hours": null,
                "network": null,
                "operator": null,
                "name": "Waroeng Bebek Gombres X Sego Babat Gembres",
                "amenity": "restaurant"
            }
        },
        {
            "type": "Feature",
            "geometry": {
                "type": "Point",
                "coordinates": [
                    112.6156466,
                    -7.9737306
                ]
            },
            "properties": {
                "osm_id": 12113050688,
                "osm_type": "nodes",
                "opening_hours": null,
                "network": null,
                "operator": null,
                "name": "Kedai Raos Marem",
                "amenity": "restaurant"
            }
        },
        {
            "type": "Feature",
            "geometry": {
                "type": "Point",
                "coordinates": [
                    112.6114063,
                    -7.9726688
                ]
            },
            "properties": {
                "osm_id": 12160332858,
                "osm_type": "nodes",
                "opening_hours": null,
                "network": null,
                "operator": null,
                "name": null,
                "amenity": "fast_food"
            }
        },
        {
            "type": "Feature",
            "geometry": {
                "type": "Point",
                "coordinates": [
                    112.620483,
                    -8.0137743
                ]
            },
            "properties": {
                "osm_id": 7897273285,
                "osm_type": "nodes",
                "opening_hours": null,
                "network": null,
                "operator": null,
                "name": "Kayungyun Warmindo Kebonsari Malang",
                "amenity": "fast_food"
            }
        },
        {
            "type": "Feature",
            "geometry": {
                "type": "Point",
                "coordinates": [
                    112.5974743,
                    -7.9791535
                ]
            },
            "properties": {
                "osm_id": 12137107306,
                "osm_type": "nodes",
                "opening_hours": null,
                "network": null,
                "operator": null,
                "name": null,
                "amenity": "fast_food"
            }
        },
        {
            "type": "Feature",
            "geometry": {
                "type": "Point",
                "coordinates": [
                    112.6159961,
                    -7.9557581
                ]
            },
            "properties": {
                "osm_id": 9766110918,
                "osm_type": "nodes",
                "opening_hours": null,
                "network": null,
                "operator": "BTN",
                "name": "BTN",
                "amenity": "atm"
            }
        },
        {
            "type": "Feature",
            "geometry": {
                "type": "Point",
                "coordinates": [
                    112.5304694,
                    -7.8751036
                ]
            },
            "properties": {
                "osm_id": 4056141919,
                "osm_type": "nodes",
                "opening_hours": null,
                "network": null,
                "operator": null,
                "name": "Sang Surya",
                "amenity": "restaurant"
            }
        },
        {
            "type": "Feature",
            "geometry": {
                "type": "Point",
                "coordinates": [
                    112.5186331,
                    -7.868517
                ]
            },
            "properties": {
                "osm_id": 9526055610,
                "osm_type": "nodes",
                "opening_hours": null,
                "network": null,
                "operator": null,
                "name": "Rujak Manis Pak Gatot",
                "amenity": "fast_food"
            }
        },
        {
            "type": "Feature",
            "geometry": {
                "type": "Point",
                "coordinates": [
                    112.5276922,
                    -7.8710821
                ]
            },
            "properties": {
                "osm_id": 4057590124,
                "osm_type": "nodes",
                "opening_hours": null,
                "network": null,
                "operator": null,
                "name": "Mandiri Syariah",
                "amenity": "bank"
            }
        },
        {
            "type": "Feature",
            "geometry": {
                "type": "Point",
                "coordinates": [
                    112.5276986,
                    -7.8712549
                ]
            },
            "properties": {
                "osm_id": 7924641785,
                "osm_type": "nodes",
                "opening_hours": null,
                "network": null,
                "operator": null,
                "name": "Bank Bukopin",
                "amenity": "bank"
            }
        },
        {
            "type": "Feature",
            "geometry": {
                "type": "Point",
                "coordinates": [
                    112.6307537,
                    -8.0024165
                ]
            },
            "properties": {
                "osm_id": 11012315636,
                "osm_type": "nodes",
                "opening_hours": null,
                "network": null,
                "operator": null,
                "name": "Cafe Jamu Tradisional Fatimah 88",
                "amenity": "cafe"
            }
        },
        {
            "type": "Feature",
            "geometry": {
                "type": "Point",
                "coordinates": [
                    112.59853,
                    -7.9887556
                ]
            },
            "properties": {
                "osm_id": 9768533215,
                "osm_type": "nodes",
                "opening_hours": null,
                "network": null,
                "operator": "Bank Mandiri",
                "name": "Bank Mandiri",
                "amenity": "atm"
            }
        },
        {
            "type": "Feature",
            "geometry": {
                "type": "Point",
                "coordinates": [
                    112.6401723,
                    -7.9641753
                ]
            },
            "properties": {
                "osm_id": 5168796324,
                "osm_type": "nodes",
                "opening_hours": null,
                "network": null,
                "operator": null,
                "name": null,
                "amenity": "atm"
            }
        },
        {
            "type": "Feature",
            "geometry": {
                "type": "Point",
                "coordinates": [
                    112.641014,
                    -7.9629025
                ]
            },
            "properties": {
                "osm_id": 5168796323,
                "osm_type": "nodes",
                "opening_hours": null,
                "network": null,
                "operator": null,
                "name": null,
                "amenity": "atm"
            }
        },
        {
            "type": "Feature",
            "geometry": {
                "type": "Point",
                "coordinates": [
                    112.6427698,
                    -7.9531361
                ]
            },
            "properties": {
                "osm_id": 10689646329,
                "osm_type": "nodes",
                "opening_hours": null,
                "network": null,
                "operator": null,
                "name": "Hodai Ayce",
                "amenity": "restaurant"
            }
        },
        {
            "type": "Feature",
            "geometry": {
                "type": "Point",
                "coordinates": [
                    112.6456811,
                    -7.9538307
                ]
            },
            "properties": {
                "osm_id": 6696505450,
                "osm_type": "nodes",
                "opening_hours": "Mo-Su 08:00-21:00",
                "network": null,
                "operator": null,
                "name": "Vegan Mie pPanjang",
                "amenity": "restaurant"
            }
        },
        {
            "type": "Feature",
            "geometry": {
                "type": "Point",
                "coordinates": [
                    112.6426133,
                    -7.9413314
                ]
            },
            "properties": {
                "osm_id": 7301654085,
                "osm_type": "nodes",
                "opening_hours": null,
                "network": null,
                "operator": "Bank Mandiri",
                "name": null,
                "amenity": "atm"
            }
        },
        {
            "type": "Feature",
            "geometry": {
                "type": "Point",
                "coordinates": [
                    112.6391037,
                    -8.037674
                ]
            },
            "properties": {
                "osm_id": 8484949617,
                "osm_type": "nodes",
                "opening_hours": null,
                "network": null,
                "operator": null,
                "name": "Warung Es Degan",
                "amenity": "fast_food"
            }
        },
        {
            "type": "Feature",
            "geometry": {
                "type": "Point",
                "coordinates": [
                    112.614563,
                    -7.9735627
                ]
            },
            "properties": {
                "osm_id": 9561823642,
                "osm_type": "nodes",
                "opening_hours": null,
                "network": null,
                "operator": null,
                "name": "Cocari Malang",
                "amenity": "fast_food"
            }
        },
        {
            "type": "Feature",
            "geometry": {
                "type": "Point",
                "coordinates": [
                    112.6087688,
                    -7.9833286
                ]
            },
            "properties": {
                "osm_id": 9768533210,
                "osm_type": "nodes",
                "opening_hours": null,
                "network": null,
                "operator": "Bank Mandiri",
                "name": "Bank Mandiri",
                "amenity": "atm"
            }
        },
        {
            "type": "Feature",
            "geometry": {
                "type": "Point",
                "coordinates": [
                    112.5989752,
                    -7.9605429
                ]
            },
            "properties": {
                "osm_id": 11044198495,
                "osm_type": "nodes",
                "opening_hours": null,
                "network": null,
                "operator": null,
                "name": "ATM BCA Indomaret",
                "amenity": "atm"
            }
        },
        {
            "type": "Feature",
            "geometry": {
                "type": "Point",
                "coordinates": [
                    112.6061563,
                    -7.9552602
                ]
            },
            "properties": {
                "osm_id": 9766110925,
                "osm_type": "nodes",
                "opening_hours": null,
                "network": null,
                "operator": "Bank Mandiri",
                "name": "Bank Mandiri",
                "amenity": "atm"
            }
        },
        {
            "type": "Feature",
            "geometry": {
                "type": "Point",
                "coordinates": [
                    112.6088672,
                    -7.9468478
                ]
            },
            "properties": {
                "osm_id": 9769655951,
                "osm_type": "nodes",
                "opening_hours": null,
                "network": null,
                "operator": "BRI",
                "name": "BRI",
                "amenity": "atm"
            }
        },
        {
            "type": "Feature",
            "geometry": {
                "type": "Point",
                "coordinates": [
                    112.6109848,
                    -7.9463676
                ]
            },
            "properties": {
                "osm_id": 10036009272,
                "osm_type": "nodes",
                "opening_hours": null,
                "network": null,
                "operator": null,
                "name": "Pudji Mulyo",
                "amenity": "restaurant"
            }
        },
        {
            "type": "Feature",
            "geometry": {
                "type": "Point",
                "coordinates": [
                    112.6181647,
                    -7.9464022
                ]
            },
            "properties": {
                "osm_id": 10060545086,
                "osm_type": "nodes",
                "opening_hours": null,
                "network": null,
                "operator": null,
                "name": "Waroeng Steak & Shake",
                "amenity": "restaurant"
            }
        },
        {
            "type": "Feature",
            "geometry": {
                "type": "Point",
                "coordinates": [
                    112.6352131,
                    -7.9394648
                ]
            },
            "properties": {
                "osm_id": 2440019563,
                "osm_type": "nodes",
                "opening_hours": null,
                "network": null,
                "operator": null,
                "name": "Tempe Penyet Mbah Djayus",
                "amenity": "restaurant"
            }
        },
        {
            "type": "Feature",
            "geometry": {
                "type": "Point",
                "coordinates": [
                    112.6252141,
                    -7.9384769
                ]
            },
            "properties": {
                "osm_id": 10284098195,
                "osm_type": "nodes",
                "opening_hours": null,
                "network": null,
                "operator": null,
                "name": "Bakso Damas",
                "amenity": "restaurant"
            }
        },
        {
            "type": "Feature",
            "geometry": {
                "type": "Point",
                "coordinates": [
                    112.6243243,
                    -7.9397385
                ]
            },
            "properties": {
                "osm_id": 7901799786,
                "osm_type": "nodes",
                "opening_hours": null,
                "network": null,
                "operator": null,
                "name": "Nasi Pecel Bu Tinuk",
                "amenity": "restaurant"
            }
        },
        {
            "type": "Feature",
            "geometry": {
                "type": "Point",
                "coordinates": [
                    112.6228943,
                    -7.9417877
                ]
            },
            "properties": {
                "osm_id": 9371907037,
                "osm_type": "nodes",
                "opening_hours": null,
                "network": null,
                "operator": null,
                "name": "Bakso Kota Cak Man",
                "amenity": "fast_food"
            }
        },
        {
            "type": "Feature",
            "geometry": {
                "type": "Point",
                "coordinates": [
                    112.6192818,
                    -7.9442717
                ]
            },
            "properties": {
                "osm_id": 7901802385,
                "osm_type": "nodes",
                "opening_hours": null,
                "network": null,
                "operator": null,
                "name": "Pizza Hut Soehat Malang",
                "amenity": "restaurant"
            }
        },
        {
            "type": "Feature",
            "geometry": {
                "type": "Point",
                "coordinates": [
                    112.6242995,
                    -7.9727218
                ]
            },
            "properties": {
                "osm_id": 5479070423,
                "osm_type": "nodes",
                "opening_hours": "24/7",
                "network": null,
                "operator": null,
                "name": "Bebek Goreng H. Slamet",
                "amenity": "restaurant"
            }
        },
        {
            "type": "Feature",
            "geometry": {
                "type": "Point",
                "coordinates": [
                    112.6192104,
                    -7.967767
                ]
            },
            "properties": {
                "osm_id": 7949987885,
                "osm_type": "nodes",
                "opening_hours": null,
                "network": null,
                "operator": null,
                "name": "Soto Ayam Lamongan",
                "amenity": "fast_food"
            }
        },
        {
            "type": "Feature",
            "geometry": {
                "type": "Point",
                "coordinates": [
                    112.6190487,
                    -7.9678074
                ]
            },
            "properties": {
                "osm_id": 7949988787,
                "osm_type": "nodes",
                "opening_hours": null,
                "network": null,
                "operator": null,
                "name": "Gudang Durian Medan",
                "amenity": "fast_food"
            }
        },
        {
            "type": "Feature",
            "geometry": {
                "type": "Point",
                "coordinates": [
                    112.6191725,
                    -7.9678387
                ]
            },
            "properties": {
                "osm_id": 7944082185,
                "osm_type": "nodes",
                "opening_hours": null,
                "network": null,
                "operator": null,
                "name": "Gado-Gado Dempo Aba Solikin",
                "amenity": "fast_food"
            }
        },
        {
            "type": "Feature",
            "geometry": {
                "type": "Point",
                "coordinates": [
                    112.6174622,
                    -7.9692478
                ]
            },
            "properties": {
                "osm_id": 9222978717,
                "osm_type": "nodes",
                "opening_hours": null,
                "network": null,
                "operator": null,
                "name": "Warung Bali",
                "amenity": "restaurant"
            }
        },
        {
            "type": "Feature",
            "geometry": {
                "type": "Point",
                "coordinates": [
                    112.6256758,
                    -7.9882642
                ]
            },
            "properties": {
                "osm_id": 3919910607,
                "osm_type": "nodes",
                "opening_hours": null,
                "network": null,
                "operator": null,
                "name": "Soto Ayam Lombok Sulawesi",
                "amenity": "restaurant"
            }
        },
        {
            "type": "Feature",
            "geometry": {
                "type": "Point",
                "coordinates": [
                    112.6296827,
                    -7.9884486
                ]
            },
            "properties": {
                "osm_id": 3826133333,
                "osm_type": "nodes",
                "opening_hours": null,
                "network": null,
                "operator": null,
                "name": "Bakso Solo Kidul Pasar",
                "amenity": "fast_food"
            }
        },
        {
            "type": "Feature",
            "geometry": {
                "type": "Point",
                "coordinates": [
                    112.6269664,
                    -7.989875
                ]
            },
            "properties": {
                "osm_id": 3926562461,
                "osm_type": "nodes",
                "opening_hours": null,
                "network": null,
                "operator": "BNI",
                "name": "ATM BNI SMK 4 Malang",
                "amenity": "atm"
            }
        },
        {
            "type": "Feature",
            "geometry": {
                "type": "Point",
                "coordinates": [
                    112.63173,
                    -7.9904278
                ]
            },
            "properties": {
                "osm_id": 3919978676,
                "osm_type": "nodes",
                "opening_hours": null,
                "network": null,
                "operator": null,
                "name": "Bakso Solo Petra",
                "amenity": "restaurant"
            }
        },
        {
            "type": "Feature",
            "geometry": {
                "type": "Point",
                "coordinates": [
                    112.6272616,
                    -7.990338
                ]
            },
            "properties": {
                "osm_id": 3919855362,
                "osm_type": "nodes",
                "opening_hours": null,
                "network": null,
                "operator": null,
                "name": "Warung Pecel Pak Mul",
                "amenity": "restaurant"
            }
        },
        {
            "type": "Feature",
            "geometry": {
                "type": "Point",
                "coordinates": [
                    112.6279303,
                    -7.9913948
                ]
            },
            "properties": {
                "osm_id": 3919858335,
                "osm_type": "nodes",
                "opening_hours": null,
                "network": null,
                "operator": null,
                "name": "Bakso Tek Wan",
                "amenity": "restaurant"
            }
        },
        {
            "type": "Feature",
            "geometry": {
                "type": "Point",
                "coordinates": [
                    112.6246876,
                    -7.9941376
                ]
            },
            "properties": {
                "osm_id": 3925263803,
                "osm_type": "nodes",
                "opening_hours": null,
                "network": null,
                "operator": null,
                "name": "Soto Ayam Sempu",
                "amenity": "restaurant"
            }
        },
        {
            "type": "Feature",
            "geometry": {
                "type": "Point",
                "coordinates": [
                    112.6271134,
                    -7.9637248
                ]
            },
            "properties": {
                "osm_id": 5720418322,
                "osm_type": "nodes",
                "opening_hours": null,
                "network": null,
                "operator": null,
                "name": "Cak Tomo (seafood&lalapan)",
                "amenity": "restaurant"
            }
        },
        {
            "type": "Feature",
            "geometry": {
                "type": "Point",
                "coordinates": [
                    112.6262395,
                    -7.9623568
                ]
            },
            "properties": {
                "osm_id": 9768318584,
                "osm_type": "nodes",
                "opening_hours": null,
                "network": null,
                "operator": "BRI",
                "name": "BRI",
                "amenity": "atm"
            }
        },
        {
            "type": "Feature",
            "geometry": {
                "type": "Point",
                "coordinates": [
                    112.6231582,
                    -7.9607886
                ]
            },
            "properties": {
                "osm_id": 10060562639,
                "osm_type": "nodes",
                "opening_hours": null,
                "network": null,
                "operator": null,
                "name": "Ada Apa Dengan Kopi?",
                "amenity": "restaurant"
            }
        },
        {
            "type": "Feature",
            "geometry": {
                "type": "Point",
                "coordinates": [
                    112.6135144,
                    -7.9607555
                ]
            },
            "properties": {
                "osm_id": 9768318581,
                "osm_type": "nodes",
                "opening_hours": null,
                "network": null,
                "operator": "BRI",
                "name": "BRI",
                "amenity": "atm"
            }
        },
        {
            "type": "Feature",
            "geometry": {
                "type": "Point",
                "coordinates": [
                    112.6208076,
                    -7.9581503
                ]
            },
            "properties": {
                "osm_id": 6409412885,
                "osm_type": "nodes",
                "opening_hours": null,
                "network": null,
                "operator": null,
                "name": "Kedai Robara (Roti bakar, coffee)",
                "amenity": "cafe"
            }
        },
        {
            "type": "Feature",
            "geometry": {
                "type": "Point",
                "coordinates": [
                    112.6185346,
                    -7.9574217
                ]
            },
            "properties": {
                "osm_id": 9766019748,
                "osm_type": "nodes",
                "opening_hours": null,
                "network": null,
                "operator": "BRI",
                "name": "BRI",
                "amenity": "atm"
            }
        },
        {
            "type": "Feature",
            "geometry": {
                "type": "Point",
                "coordinates": [
                    112.6166659,
                    -7.9563368
                ]
            },
            "properties": {
                "osm_id": 9766110917,
                "osm_type": "nodes",
                "opening_hours": null,
                "network": null,
                "operator": "Bank Jatim",
                "name": "ATM Bank Jatim",
                "amenity": "atm"
            }
        },
        {
            "type": "Feature",
            "geometry": {
                "type": "Point",
                "coordinates": [
                    112.6189704,
                    -7.9584136
                ]
            },
            "properties": {
                "osm_id": 9766022148,
                "osm_type": "nodes",
                "opening_hours": null,
                "network": null,
                "operator": "BNI",
                "name": "BNI",
                "amenity": "atm"
            }
        },
        {
            "type": "Feature",
            "geometry": {
                "type": "Point",
                "coordinates": [
                    112.6265666,
                    -7.9370915
                ]
            },
            "properties": {
                "osm_id": 9113189492,
                "osm_type": "nodes",
                "opening_hours": "10:00-21:00",
                "network": null,
                "operator": null,
                "name": "Alur Rasa Malang",
                "amenity": "restaurant"
            }
        },
        {
            "type": "Feature",
            "geometry": {
                "type": "Point",
                "coordinates": [
                    112.6266444,
                    -7.9373778
                ]
            },
            "properties": {
                "osm_id": 10284233558,
                "osm_type": "nodes",
                "opening_hours": null,
                "network": null,
                "operator": null,
                "name": "hako",
                "amenity": "cafe"
            }
        },
        {
            "type": "Feature",
            "geometry": {
                "type": "Point",
                "coordinates": [
                    112.6117818,
                    -7.9352486
                ]
            },
            "properties": {
                "osm_id": 7934218885,
                "osm_type": "nodes",
                "opening_hours": null,
                "network": null,
                "operator": null,
                "name": "Gartenhouse",
                "amenity": "cafe"
            }
        },
        {
            "type": "Feature",
            "geometry": {
                "type": "Point",
                "coordinates": [
                    112.6509817,
                    -7.923359
                ]
            },
            "properties": {
                "osm_id": 5048598559,
                "osm_type": "nodes",
                "opening_hours": null,
                "network": null,
                "operator": null,
                "name": "Kasih Karunia",
                "amenity": "restaurant"
            }
        },
        {
            "type": "Feature",
            "geometry": {
                "type": "Point",
                "coordinates": [
                    112.6500021,
                    -7.9269322
                ]
            },
            "properties": {
                "osm_id": 7783633845,
                "osm_type": "nodes",
                "opening_hours": "24/7",
                "network": null,
                "operator": null,
                "name": "Rest Area Maxim Freedom Malang",
                "amenity": "cafe"
            }
        },
        {
            "type": "Feature",
            "geometry": {
                "type": "Point",
                "coordinates": [
                    112.6512162,
                    -7.9339318
                ]
            },
            "properties": {
                "osm_id": 10184985826,
                "osm_type": "nodes",
                "opening_hours": null,
                "network": null,
                "operator": null,
                "name": "Kedai Lego",
                "amenity": "fast_food"
            }
        },
        {
            "type": "Feature",
            "geometry": {
                "type": "Point",
                "coordinates": [
                    112.651233,
                    -7.9338806
                ]
            },
            "properties": {
                "osm_id": 10184993945,
                "osm_type": "nodes",
                "opening_hours": null,
                "network": null,
                "operator": null,
                "name": "Mutiara Tiga",
                "amenity": "fast_food"
            }
        },
        {
            "type": "Feature",
            "geometry": {
                "type": "Point",
                "coordinates": [
                    112.6512605,
                    -7.9338459
                ]
            },
            "properties": {
                "osm_id": 10184985698,
                "osm_type": "nodes",
                "opening_hours": null,
                "network": null,
                "operator": null,
                "name": "Kedai Hewodz",
                "amenity": "fast_food"
            }
        },
        {
            "type": "Feature",
            "geometry": {
                "type": "Point",
                "coordinates": [
                    112.614188,
                    -7.9638312
                ]
            },
            "properties": {
                "osm_id": 5829417585,
                "osm_type": "nodes",
                "opening_hours": null,
                "network": null,
                "operator": null,
                "name": "Tahu Telor Cahndeso",
                "amenity": "restaurant"
            }
        },
        {
            "type": "Feature",
            "geometry": {
                "type": "Point",
                "coordinates": [
                    112.6097342,
                    -7.9527076
                ]
            },
            "properties": {
                "osm_id": 9769655947,
                "osm_type": "nodes",
                "opening_hours": null,
                "network": null,
                "operator": "BRI",
                "name": "BRI",
                "amenity": "atm"
            }
        },
        {
            "type": "Feature",
            "geometry": {
                "type": "Point",
                "coordinates": [
                    112.6117164,
                    -7.9482414
                ]
            },
            "properties": {
                "osm_id": 10036004784,
                "osm_type": "nodes",
                "opening_hours": null,
                "network": null,
                "operator": null,
                "name": "De Cozy",
                "amenity": "restaurant"
            }
        },
        {
            "type": "Feature",
            "geometry": {
                "type": "Point",
                "coordinates": [
                    112.6056465,
                    -7.9474573
                ]
            },
            "properties": {
                "osm_id": 9766110928,
                "osm_type": "nodes",
                "opening_hours": null,
                "network": null,
                "operator": "Bank Mandiri",
                "name": "Bank Mandiri",
                "amenity": "atm"
            }
        },
        {
            "type": "Feature",
            "geometry": {
                "type": "Point",
                "coordinates": [
                    112.6042173,
                    -7.9468524
                ]
            },
            "properties": {
                "osm_id": 9766110939,
                "osm_type": "nodes",
                "opening_hours": null,
                "network": null,
                "operator": "BRI",
                "name": "BRI",
                "amenity": "atm"
            }
        },
        {
            "type": "Feature",
            "geometry": {
                "type": "Point",
                "coordinates": [
                    112.606709,
                    -7.9377494
                ]
            },
            "properties": {
                "osm_id": 9766130972,
                "osm_type": "nodes",
                "opening_hours": null,
                "network": null,
                "operator": "Bank Mega",
                "name": "Bank Mega",
                "amenity": "atm"
            }
        },
        {
            "type": "Feature",
            "geometry": {
                "type": "Point",
                "coordinates": [
                    112.6066786,
                    -7.9377125
                ]
            },
            "properties": {
                "osm_id": 9766130977,
                "osm_type": "nodes",
                "opening_hours": null,
                "network": null,
                "operator": "BRI",
                "name": "BRI",
                "amenity": "atm"
            }
        },
        {
            "type": "Feature",
            "geometry": {
                "type": "Point",
                "coordinates": [
                    112.6066831,
                    -7.93772
                ]
            },
            "properties": {
                "osm_id": 9766130976,
                "osm_type": "nodes",
                "opening_hours": null,
                "network": null,
                "operator": "Bank Mandiri",
                "name": "Bank Mandiri",
                "amenity": "atm"
            }
        },
        {
            "type": "Feature",
            "geometry": {
                "type": "Point",
                "coordinates": [
                    112.6026707,
                    -7.9431101
                ]
            },
            "properties": {
                "osm_id": 10980693147,
                "osm_type": "nodes",
                "opening_hours": "24/7",
                "network": null,
                "operator": null,
                "name": "Vibes Cafe",
                "amenity": "cafe"
            }
        },
        {
            "type": "Feature",
            "geometry": {
                "type": "Point",
                "coordinates": [
                    112.6111437,
                    -7.9444017
                ]
            },
            "properties": {
                "osm_id": 9438752917,
                "osm_type": "nodes",
                "opening_hours": null,
                "network": null,
                "operator": null,
                "name": "Atm BNI",
                "amenity": "atm"
            }
        },
        {
            "type": "Feature",
            "geometry": {
                "type": "Point",
                "coordinates": [
                    112.6564195,
                    -7.9792153
                ]
            },
            "properties": {
                "osm_id": 9197120117,
                "osm_type": "nodes",
                "opening_hours": null,
                "network": null,
                "operator": null,
                "name": "PKL Roti Goreng",
                "amenity": "fast_food"
            }
        },
        {
            "type": "Feature",
            "geometry": {
                "type": "Point",
                "coordinates": [
                    112.6599617,
                    -7.9794708
                ]
            },
            "properties": {
                "osm_id": 9800954799,
                "osm_type": "nodes",
                "opening_hours": null,
                "network": null,
                "operator": null,
                "name": "Bank Mandiri",
                "amenity": "bank"
            }
        },
        {
            "type": "Feature",
            "geometry": {
                "type": "Point",
                "coordinates": [
                    112.6599319,
                    -7.9794613
                ]
            },
            "properties": {
                "osm_id": 9800954798,
                "osm_type": "nodes",
                "opening_hours": null,
                "network": null,
                "operator": "Bank Mandiri",
                "name": "Bank Mandiri",
                "amenity": "atm"
            }
        },
        {
            "type": "Feature",
            "geometry": {
                "type": "Point",
                "coordinates": [
                    112.6591667,
                    -7.9795252
                ]
            },
            "properties": {
                "osm_id": 9800954797,
                "osm_type": "nodes",
                "opening_hours": null,
                "network": null,
                "operator": "BRI",
                "name": "BRI",
                "amenity": "atm"
            }
        },
        {
            "type": "Feature",
            "geometry": {
                "type": "Point",
                "coordinates": [
                    112.6543154,
                    -7.9803733
                ]
            },
            "properties": {
                "osm_id": 9800954789,
                "osm_type": "nodes",
                "opening_hours": null,
                "network": null,
                "operator": null,
                "name": "BCA",
                "amenity": "bank"
            }
        },
        {
            "type": "Feature",
            "geometry": {
                "type": "Point",
                "coordinates": [
                    112.6581514,
                    -7.8913262
                ]
            },
            "properties": {
                "osm_id": 4114670191,
                "osm_type": "nodes",
                "opening_hours": "24/7",
                "network": null,
                "operator": null,
                "name": "Bakso Matahari, Singoshari",
                "amenity": "fast_food"
            }
        },
        {
            "type": "Feature",
            "geometry": {
                "type": "Point",
                "coordinates": [
                    112.662566,
                    -7.9003713
                ]
            },
            "properties": {
                "osm_id": 9769329002,
                "osm_type": "nodes",
                "opening_hours": null,
                "network": null,
                "operator": null,
                "name": "Mie Gacoan",
                "amenity": "restaurant"
            }
        },
        {
            "type": "Feature",
            "geometry": {
                "type": "Point",
                "coordinates": [
                    112.6808602,
                    -7.9668363
                ]
            },
            "properties": {
                "osm_id": 9801051602,
                "osm_type": "nodes",
                "opening_hours": null,
                "network": null,
                "operator": "Bank Mandiri",
                "name": "Bank Mandiri",
                "amenity": "atm"
            }
        },
        {
            "type": "Feature",
            "geometry": {
                "type": "Point",
                "coordinates": [
                    112.6607008,
                    -7.9414607
                ]
            },
            "properties": {
                "osm_id": 9441247824,
                "osm_type": "nodes",
                "opening_hours": null,
                "network": null,
                "operator": null,
                "name": "Nasi Campur Madura Khas Bangkalan ( Nasi Petis )",
                "amenity": "fast_food"
            }
        },
        {
            "type": "Feature",
            "geometry": {
                "type": "Point",
                "coordinates": [
                    112.6621857,
                    -7.9403124
                ]
            },
            "properties": {
                "osm_id": 9414571539,
                "osm_type": "nodes",
                "opening_hours": null,
                "network": null,
                "operator": null,
                "name": "KDS Cantonese Restaurant (KDS Ballroom) @Araya",
                "amenity": "restaurant"
            }
        },
        {
            "type": "Feature",
            "geometry": {
                "type": "Point",
                "coordinates": [
                    112.664566,
                    -7.9394374
                ]
            },
            "properties": {
                "osm_id": 9414570200,
                "osm_type": "nodes",
                "opening_hours": null,
                "network": null,
                "operator": null,
                "name": "Taman Indie Resto",
                "amenity": "restaurant"
            }
        },
        {
            "type": "Feature",
            "geometry": {
                "type": "Point",
                "coordinates": [
                    112.6598652,
                    -7.97592
                ]
            },
            "properties": {
                "osm_id": 11244010476,
                "osm_type": "nodes",
                "opening_hours": null,
                "network": null,
                "operator": null,
                "name": "Bakso Kalimosodo",
                "amenity": "fast_food"
            }
        },
        {
            "type": "Feature",
            "geometry": {
                "type": "Point",
                "coordinates": [
                    112.6632603,
                    -7.9762939
                ]
            },
            "properties": {
                "osm_id": 9751516686,
                "osm_type": "nodes",
                "opening_hours": null,
                "network": null,
                "operator": null,
                "name": "Atm Bank Mandiri",
                "amenity": "atm"
            }
        },
        {
            "type": "Feature",
            "geometry": {
                "type": "Point",
                "coordinates": [
                    112.6633003,
                    -7.97631
                ]
            },
            "properties": {
                "osm_id": 9869627015,
                "osm_type": "nodes",
                "opening_hours": null,
                "network": null,
                "operator": null,
                "name": "Atm Bank BTN",
                "amenity": "atm"
            }
        },
        {
            "type": "Feature",
            "geometry": {
                "type": "Point",
                "coordinates": [
                    112.6556219,
                    -7.9736819
                ]
            },
            "properties": {
                "osm_id": 7765772991,
                "osm_type": "nodes",
                "opening_hours": "10:00-22:00",
                "network": null,
                "operator": null,
                "name": "MAXIM STRONG RIDER",
                "amenity": "cafe"
            }
        },
        {
            "type": "Feature",
            "geometry": {
                "type": "Point",
                "coordinates": [
                    112.6577192,
                    -7.9744317
                ]
            },
            "properties": {
                "osm_id": 3919540029,
                "osm_type": "nodes",
                "opening_hours": null,
                "network": null,
                "operator": null,
                "name": "Urban Pop",
                "amenity": "restaurant"
            }
        },
        {
            "type": "Feature",
            "geometry": {
                "type": "Point",
                "coordinates": [
                    112.6691431,
                    -7.9710797
                ]
            },
            "properties": {
                "osm_id": 9801051600,
                "osm_type": "nodes",
                "opening_hours": null,
                "network": null,
                "operator": null,
                "name": "Bank JATIM",
                "amenity": "atm"
            }
        },
        {
            "type": "Feature",
            "geometry": {
                "type": "Point",
                "coordinates": [
                    112.6693481,
                    -7.9707056
                ]
            },
            "properties": {
                "osm_id": 9801051599,
                "osm_type": "nodes",
                "opening_hours": null,
                "network": null,
                "operator": "Bank Mandiri",
                "name": "Bank Mandiri",
                "amenity": "atm"
            }
        },
        {
            "type": "Feature",
            "geometry": {
                "type": "Point",
                "coordinates": [
                    112.6579361,
                    -7.9713125
                ]
            },
            "properties": {
                "osm_id": 9559603491,
                "osm_type": "nodes",
                "opening_hours": null,
                "network": null,
                "operator": null,
                "name": "Nasi Bakar Segobong",
                "amenity": "fast_food"
            }
        },
        {
            "type": "Feature",
            "geometry": {
                "type": "Point",
                "coordinates": [
                    112.6590652,
                    -7.9721875
                ]
            },
            "properties": {
                "osm_id": 9448982059,
                "osm_type": "nodes",
                "opening_hours": null,
                "network": null,
                "operator": null,
                "name": "Warung Pecel Pak Awik",
                "amenity": "fast_food"
            }
        },
        {
            "type": "Feature",
            "geometry": {
                "type": "Point",
                "coordinates": [
                    112.643634,
                    -7.9713748
                ]
            },
            "properties": {
                "osm_id": 9816158490,
                "osm_type": "nodes",
                "opening_hours": "24/7",
                "network": null,
                "operator": null,
                "name": "MAXIM RONGGOLAWE KLOJEN",
                "amenity": "cafe"
            }
        },
        {
            "type": "Feature",
            "geometry": {
                "type": "Point",
                "coordinates": [
                    112.6125589,
                    -7.9749514
                ]
            },
            "properties": {
                "osm_id": 12135207562,
                "osm_type": "nodes",
                "opening_hours": null,
                "network": null,
                "operator": "BRI",
                "name": null,
                "amenity": "atm"
            }
        },
        {
            "type": "Feature",
            "geometry": {
                "type": "Point",
                "coordinates": [
                    112.582256,
                    -7.9697283
                ]
            },
            "properties": {
                "osm_id": 11006963758,
                "osm_type": "nodes",
                "opening_hours": null,
                "network": null,
                "operator": null,
                "name": null,
                "amenity": "restaurant"
            }
        },
        {
            "type": "Feature",
            "geometry": {
                "type": "Point",
                "coordinates": [
                    112.6676106,
                    -7.9658055
                ]
            },
            "properties": {
                "osm_id": 9963068997,
                "osm_type": "nodes",
                "opening_hours": null,
                "network": null,
                "operator": null,
                "name": "Mie Ayam & Bakso Solo",
                "amenity": "fast_food"
            }
        },
        {
            "type": "Feature",
            "geometry": {
                "type": "Point",
                "coordinates": [
                    112.6695311,
                    -7.9643247
                ]
            },
            "properties": {
                "osm_id": 9435522869,
                "osm_type": "nodes",
                "opening_hours": null,
                "network": null,
                "operator": null,
                "name": "Bebek Tunjungan",
                "amenity": "fast_food"
            }
        },
        {
            "type": "Feature",
            "geometry": {
                "type": "Point",
                "coordinates": [
                    112.6691895,
                    -7.9645624
                ]
            },
            "properties": {
                "osm_id": 9470603210,
                "osm_type": "nodes",
                "opening_hours": null,
                "network": null,
                "operator": null,
                "name": "Toko Jamu Bu Ana",
                "amenity": "fast_food"
            }
        },
        {
            "type": "Feature",
            "geometry": {
                "type": "Point",
                "coordinates": [
                    112.6291855,
                    -7.9768915
                ]
            },
            "properties": {
                "osm_id": 9768318573,
                "osm_type": "nodes",
                "opening_hours": null,
                "network": null,
                "operator": "BNI",
                "name": "BNI",
                "amenity": "atm"
            }
        },
        {
            "type": "Feature",
            "geometry": {
                "type": "Point",
                "coordinates": [
                    112.6369053,
                    -7.9767826
                ]
            },
            "properties": {
                "osm_id": 10012620765,
                "osm_type": "nodes",
                "opening_hours": null,
                "network": null,
                "operator": null,
                "name": "Bakso Cak Toha",
                "amenity": "fast_food"
            }
        },
        {
            "type": "Feature",
            "geometry": {
                "type": "Point",
                "coordinates": [
                    112.6364701,
                    -7.9781426
                ]
            },
            "properties": {
                "osm_id": 10269044456,
                "osm_type": "nodes",
                "opening_hours": null,
                "network": null,
                "operator": null,
                "name": "Warung Buk Nur",
                "amenity": "fast_food"
            }
        },
        {
            "type": "Feature",
            "geometry": {
                "type": "Point",
                "coordinates": [
                    112.6364954,
                    -7.9781957
                ]
            },
            "properties": {
                "osm_id": 10269035174,
                "osm_type": "nodes",
                "opening_hours": null,
                "network": null,
                "operator": null,
                "name": "Sambel Tempong",
                "amenity": "fast_food"
            }
        },
        {
            "type": "Feature",
            "geometry": {
                "type": "Point",
                "coordinates": [
                    112.6365028,
                    -7.9784828
                ]
            },
            "properties": {
                "osm_id": 10269013463,
                "osm_type": "nodes",
                "opening_hours": null,
                "network": null,
                "operator": null,
                "name": "Warung Azril",
                "amenity": "fast_food"
            }
        },
        {
            "type": "Feature",
            "geometry": {
                "type": "Point",
                "coordinates": [
                    112.6365062,
                    -7.9784169
                ]
            },
            "properties": {
                "osm_id": 10269046695,
                "osm_type": "nodes",
                "opening_hours": null,
                "network": null,
                "operator": null,
                "name": "Warung Areza",
                "amenity": "fast_food"
            }
        },
        {
            "type": "Feature",
            "geometry": {
                "type": "Point",
                "coordinates": [
                    112.6364852,
                    -7.9783661
                ]
            },
            "properties": {
                "osm_id": 10269043870,
                "osm_type": "nodes",
                "opening_hours": null,
                "network": null,
                "operator": null,
                "name": "Warung Sari Laut Arby",
                "amenity": "fast_food"
            }
        },
        {
            "type": "Feature",
            "geometry": {
                "type": "Point",
                "coordinates": [
                    112.6370569,
                    -7.978285
                ]
            },
            "properties": {
                "osm_id": 10015462810,
                "osm_type": "nodes",
                "opening_hours": null,
                "network": null,
                "operator": null,
                "name": "Rumah Makan Sinar Ulakan (Nasi Padang)",
                "amenity": "fast_food"
            }
        },
        {
            "type": "Feature",
            "geometry": {
                "type": "Point",
                "coordinates": [
                    112.6370312,
                    -7.9781441
                ]
            },
            "properties": {
                "osm_id": 10015527719,
                "osm_type": "nodes",
                "opening_hours": null,
                "network": null,
                "operator": null,
                "name": "Soto Basket Stasiun",
                "amenity": "fast_food"
            }
        },
        {
            "type": "Feature",
            "geometry": {
                "type": "Point",
                "coordinates": [
                    112.6350277,
                    -7.97764
                ]
            },
            "properties": {
                "osm_id": 9768318567,
                "osm_type": "nodes",
                "opening_hours": null,
                "network": null,
                "operator": "Bank Muamalat",
                "name": "Bank Muamalat",
                "amenity": "atm"
            }
        },
        {
            "type": "Feature",
            "geometry": {
                "type": "Point",
                "coordinates": [
                    112.6370411,
                    -7.977693
                ]
            },
            "properties": {
                "osm_id": 10269043307,
                "osm_type": "nodes",
                "opening_hours": null,
                "network": null,
                "operator": null,
                "name": "CFC",
                "amenity": "restaurant"
            }
        },
        {
            "type": "Feature",
            "geometry": {
                "type": "Point",
                "coordinates": [
                    112.6296107,
                    -7.9789678
                ]
            },
            "properties": {
                "osm_id": 9768318578,
                "osm_type": "nodes",
                "opening_hours": null,
                "network": null,
                "operator": "BRI",
                "name": "BRI",
                "amenity": "atm"
            }
        },
        {
            "type": "Feature",
            "geometry": {
                "type": "Point",
                "coordinates": [
                    112.6315711,
                    -7.979327
                ]
            },
            "properties": {
                "osm_id": 10655208706,
                "osm_type": "nodes",
                "opening_hours": null,
                "network": null,
                "operator": null,
                "name": "Sego Tempong by Cak Uut",
                "amenity": "restaurant"
            }
        },
        {
            "type": "Feature",
            "geometry": {
                "type": "Point",
                "coordinates": [
                    112.6478984,
                    -7.9305652
                ]
            },
            "properties": {
                "osm_id": 9733862778,
                "osm_type": "nodes",
                "opening_hours": null,
                "network": null,
                "operator": null,
                "name": "Deni Bakso & Mie Ayam",
                "amenity": "restaurant"
            }
        },
        {
            "type": "Feature",
            "geometry": {
                "type": "Point",
                "coordinates": [
                    112.6369405,
                    -7.9769226
                ]
            },
            "properties": {
                "osm_id": 10012622373,
                "osm_type": "nodes",
                "opening_hours": null,
                "network": null,
                "operator": null,
                "name": "Depot Nyaman",
                "amenity": "fast_food"
            }
        },
        {
            "type": "Feature",
            "geometry": {
                "type": "Point",
                "coordinates": [
                    112.6493917,
                    -7.9440742
                ]
            },
            "properties": {
                "osm_id": 7304778185,
                "osm_type": "nodes",
                "opening_hours": null,
                "network": null,
                "operator": "Bank Mandiri",
                "name": null,
                "amenity": "atm"
            }
        },
        {
            "type": "Feature",
            "geometry": {
                "type": "Point",
                "coordinates": [
                    112.682932,
                    -8.0606556
                ]
            },
            "properties": {
                "osm_id": 12170329320,
                "osm_type": "nodes",
                "opening_hours": null,
                "network": null,
                "operator": null,
                "name": null,
                "amenity": "fast_food"
            }
        },
        {
            "type": "Feature",
            "geometry": {
                "type": "Point",
                "coordinates": [
                    112.6359538,
                    -7.9363475
                ]
            },
            "properties": {
                "osm_id": 9753547893,
                "osm_type": "nodes",
                "opening_hours": "Mo-Su 12:00-18:00",
                "network": null,
                "operator": null,
                "name": "Bakwan Subur",
                "amenity": "restaurant"
            }
        },
        {
            "type": "Feature",
            "geometry": {
                "type": "Point",
                "coordinates": [
                    112.6321355,
                    -7.9102308
                ]
            },
            "properties": {
                "osm_id": 4769080410,
                "osm_type": "nodes",
                "opening_hours": null,
                "network": null,
                "operator": null,
                "name": "Warung Soto Pak Amir",
                "amenity": "restaurant"
            }
        },
        {
            "type": "Feature",
            "geometry": {
                "type": "Point",
                "coordinates": [
                    112.6377789,
                    -7.9402726
                ]
            },
            "properties": {
                "osm_id": 9753479364,
                "osm_type": "nodes",
                "opening_hours": null,
                "network": null,
                "operator": null,
                "name": "Bank Mega",
                "amenity": "bank"
            }
        },
        {
            "type": "Feature",
            "geometry": {
                "type": "Point",
                "coordinates": [
                    112.6436193,
                    -7.9381558
                ]
            },
            "properties": {
                "osm_id": 9755942775,
                "osm_type": "nodes",
                "opening_hours": "Mo-Fr 08:00-15:00",
                "network": null,
                "operator": null,
                "name": "BCA",
                "amenity": "bank"
            }
        },
        {
            "type": "Feature",
            "geometry": {
                "type": "Point",
                "coordinates": [
                    112.6314631,
                    -7.981644
                ]
            },
            "properties": {
                "osm_id": 3925479166,
                "osm_type": "nodes",
                "opening_hours": null,
                "network": null,
                "operator": "Bank indonesia",
                "name": "Bank Indonesia Kota Malang",
                "amenity": "bank"
            }
        },
        {
            "type": "Feature",
            "geometry": {
                "type": "Point",
                "coordinates": [
                    112.6295482,
                    -7.9828228
                ]
            },
            "properties": {
                "osm_id": 6009303751,
                "osm_type": "nodes",
                "opening_hours": null,
                "network": null,
                "operator": null,
                "name": "KOPPENS BBD",
                "amenity": "bank"
            }
        },
        {
            "type": "Feature",
            "geometry": {
                "type": "Point",
                "coordinates": [
                    112.6330484,
                    -7.9840024
                ]
            },
            "properties": {
                "osm_id": 5707357021,
                "osm_type": "nodes",
                "opening_hours": null,
                "network": null,
                "operator": null,
                "name": "Ikan Bakar 52",
                "amenity": "restaurant"
            }
        },
        {
            "type": "Feature",
            "geometry": {
                "type": "Point",
                "coordinates": [
                    112.6341995,
                    -7.9840103
                ]
            },
            "properties": {
                "osm_id": 10651616705,
                "osm_type": "nodes",
                "opening_hours": null,
                "network": null,
                "operator": null,
                "name": "Rumah Makan Inggil",
                "amenity": "restaurant"
            }
        },
        {
            "type": "Feature",
            "geometry": {
                "type": "Point",
                "coordinates": [
                    112.6309661,
                    -7.9858211
                ]
            },
            "properties": {
                "osm_id": 9768766920,
                "osm_type": "nodes",
                "opening_hours": null,
                "network": null,
                "operator": "Bank Danamon",
                "name": "Bank Danamon",
                "amenity": "atm"
            }
        },
        {
            "type": "Feature",
            "geometry": {
                "type": "Point",
                "coordinates": [
                    112.6309825,
                    -7.9855925
                ]
            },
            "properties": {
                "osm_id": 6984264493,
                "osm_type": "nodes",
                "opening_hours": null,
                "network": null,
                "operator": null,
                "name": "Kopi Tuju",
                "amenity": "cafe"
            }
        },
        {
            "type": "Feature",
            "geometry": {
                "type": "Point",
                "coordinates": [
                    112.6333571,
                    -7.9668072
                ]
            },
            "properties": {
                "osm_id": 7301342685,
                "osm_type": "nodes",
                "opening_hours": null,
                "network": null,
                "operator": null,
                "name": "Bank Mandiri",
                "amenity": "bank"
            }
        },
        {
            "type": "Feature",
            "geometry": {
                "type": "Point",
                "coordinates": [
                    112.6379544,
                    -7.9668948
                ]
            },
            "properties": {
                "osm_id": 9371897806,
                "osm_type": "nodes",
                "opening_hours": null,
                "network": null,
                "operator": null,
                "name": "Bakso Kota Cak Man",
                "amenity": "fast_food"
            }
        },
        {
            "type": "Feature",
            "geometry": {
                "type": "Point",
                "coordinates": [
                    112.6334713,
                    -7.9547815
                ]
            },
            "properties": {
                "osm_id": 4114669793,
                "osm_type": "nodes",
                "opening_hours": null,
                "network": null,
                "operator": null,
                "name": "Dapoer Mie Galau",
                "amenity": "restaurant"
            }
        },
        {
            "type": "Feature",
            "geometry": {
                "type": "Point",
                "coordinates": [
                    112.5832734,
                    -7.9221851
                ]
            },
            "properties": {
                "osm_id": 10250360432,
                "osm_type": "nodes",
                "opening_hours": null,
                "network": null,
                "operator": null,
                "name": "Waroeng Tani",
                "amenity": "restaurant"
            }
        },
        {
            "type": "Feature",
            "geometry": {
                "type": "Point",
                "coordinates": [
                    112.5883129,
                    -8.0873477
                ]
            },
            "properties": {
                "osm_id": 10300014221,
                "osm_type": "nodes",
                "opening_hours": null,
                "network": null,
                "operator": null,
                "name": "Atm BNI",
                "amenity": "atm"
            }
        },
        {
            "type": "Feature",
            "geometry": {
                "type": "Point",
                "coordinates": [
                    112.5883233,
                    -8.0873253
                ]
            },
            "properties": {
                "osm_id": 10300027023,
                "osm_type": "nodes",
                "opening_hours": null,
                "network": null,
                "operator": null,
                "name": "Atm Mandiri",
                "amenity": "atm"
            }
        },
        {
            "type": "Feature",
            "geometry": {
                "type": "Point",
                "coordinates": [
                    112.6292305,
                    -7.9758848
                ]
            },
            "properties": {
                "osm_id": 9768318570,
                "osm_type": "nodes",
                "opening_hours": null,
                "network": null,
                "operator": "Maybank",
                "name": "Maybank",
                "amenity": "atm"
            }
        },
        {
            "type": "Feature",
            "geometry": {
                "type": "Point",
                "coordinates": [
                    112.6368257,
                    -7.9758407
                ]
            },
            "properties": {
                "osm_id": 9768318568,
                "osm_type": "nodes",
                "opening_hours": null,
                "network": null,
                "operator": "BRI",
                "name": "BRI",
                "amenity": "atm"
            }
        },
        {
            "type": "Feature",
            "geometry": {
                "type": "Point",
                "coordinates": [
                    112.6345537,
                    -7.9752515
                ]
            },
            "properties": {
                "osm_id": 6696660122,
                "osm_type": "nodes",
                "opening_hours": null,
                "network": null,
                "operator": null,
                "name": "Noch Coffee",
                "amenity": "cafe"
            }
        },
        {
            "type": "Feature",
            "geometry": {
                "type": "Point",
                "coordinates": [
                    112.6298881,
                    -7.9746744
                ]
            },
            "properties": {
                "osm_id": 9768318571,
                "osm_type": "nodes",
                "opening_hours": null,
                "network": null,
                "operator": "Bank Mandiri",
                "name": "Bank Mandiri",
                "amenity": "atm"
            }
        },
        {
            "type": "Feature",
            "geometry": {
                "type": "Point",
                "coordinates": [
                    112.6368286,
                    -7.9749024
                ]
            },
            "properties": {
                "osm_id": 10091254417,
                "osm_type": "nodes",
                "opening_hours": null,
                "network": null,
                "operator": null,
                "name": "Coffee Trunojoyo",
                "amenity": "cafe"
            }
        },
        {
            "type": "Feature",
            "geometry": {
                "type": "Point",
                "coordinates": [
                    112.6274338,
                    -7.9744377
                ]
            },
            "properties": {
                "osm_id": 9393453019,
                "osm_type": "nodes",
                "opening_hours": null,
                "network": null,
                "operator": null,
                "name": "Harmoni Cafe & Resto",
                "amenity": "cafe"
            }
        },
        {
            "type": "Feature",
            "geometry": {
                "type": "Point",
                "coordinates": [
                    112.6367318,
                    -7.9732605
                ]
            },
            "properties": {
                "osm_id": 10653504305,
                "osm_type": "nodes",
                "opening_hours": null,
                "network": null,
                "operator": null,
                "name": "Klodjen Djaja",
                "amenity": "cafe"
            }
        },
        {
            "type": "Feature",
            "geometry": {
                "type": "Point",
                "coordinates": [
                    112.6331225,
                    -7.9720781
                ]
            },
            "properties": {
                "osm_id": 8404719519,
                "osm_type": "nodes",
                "opening_hours": null,
                "network": null,
                "operator": null,
                "name": "Soto Ayam Ambengan Asli Surabaya (Bu Keni)",
                "amenity": "restaurant"
            }
        },
        {
            "type": "Feature",
            "geometry": {
                "type": "Point",
                "coordinates": [
                    112.6147525,
                    -7.9829227
                ]
            },
            "properties": {
                "osm_id": 12219248432,
                "osm_type": "nodes",
                "opening_hours": null,
                "network": null,
                "operator": "Bank Central Asia",
                "name": null,
                "amenity": "atm"
            }
        },
        {
            "type": "Feature",
            "geometry": {
                "type": "Point",
                "coordinates": [
                    112.588119,
                    -7.9743777
                ]
            },
            "properties": {
                "osm_id": 12136266609,
                "osm_type": "nodes",
                "opening_hours": null,
                "network": null,
                "operator": null,
                "name": "Warung Bu Eko",
                "amenity": "restaurant"
            }
        },
        {
            "type": "Feature",
            "geometry": {
                "type": "Point",
                "coordinates": [
                    112.53225,
                    -7.8766505
                ]
            },
            "properties": {
                "osm_id": 9526068645,
                "osm_type": "nodes",
                "opening_hours": null,
                "network": null,
                "operator": null,
                "name": "Bakso Urat Malang",
                "amenity": "fast_food"
            }
        },
        {
            "type": "Feature",
            "geometry": {
                "type": "Point",
                "coordinates": [
                    112.5325417,
                    -7.8769422
                ]
            },
            "properties": {
                "osm_id": 4057505798,
                "osm_type": "nodes",
                "opening_hours": null,
                "network": null,
                "operator": null,
                "name": "Quick Chicken",
                "amenity": "fast_food"
            }
        },
        {
            "type": "Feature",
            "geometry": {
                "type": "Point",
                "coordinates": [
                    112.5340729,
                    -7.8792716
                ]
            },
            "properties": {
                "osm_id": 11152286368,
                "osm_type": "nodes",
                "opening_hours": null,
                "network": null,
                "operator": null,
                "name": "Masakan Padang Sinar Baru",
                "amenity": "fast_food"
            }
        },
        {
            "type": "Feature",
            "geometry": {
                "type": "Point",
                "coordinates": [
                    112.6785775,
                    -7.9459503
                ]
            },
            "properties": {
                "osm_id": 11051268240,
                "osm_type": "nodes",
                "opening_hours": null,
                "network": null,
                "operator": null,
                "name": "Warung Barokah",
                "amenity": "fast_food"
            }
        },
        {
            "type": "Feature",
            "geometry": {
                "type": "Point",
                "coordinates": [
                    112.6810498,
                    -7.9524808
                ]
            },
            "properties": {
                "osm_id": 10287452124,
                "osm_type": "nodes",
                "opening_hours": null,
                "network": null,
                "operator": null,
                "name": "Warteg Nasional Bahari",
                "amenity": "restaurant"
            }
        },
        {
            "type": "Feature",
            "geometry": {
                "type": "Point",
                "coordinates": [
                    112.6768052,
                    -7.9521049
                ]
            },
            "properties": {
                "osm_id": 9427517037,
                "osm_type": "nodes",
                "opening_hours": null,
                "network": null,
                "operator": null,
                "name": "Bebek Ayam Goreng Cabang Purnama",
                "amenity": "fast_food"
            }
        },
        {
            "type": "Feature",
            "geometry": {
                "type": "Point",
                "coordinates": [
                    112.6874975,
                    -7.9525462
                ]
            },
            "properties": {
                "osm_id": 9446480185,
                "osm_type": "nodes",
                "opening_hours": null,
                "network": null,
                "operator": null,
                "name": "Ayam Bakar Pak D",
                "amenity": "fast_food"
            }
        },
        {
            "type": "Feature",
            "geometry": {
                "type": "Point",
                "coordinates": [
                    112.7113781,
                    -7.9383142
                ]
            },
            "properties": {
                "osm_id": 8113604617,
                "osm_type": "nodes",
                "opening_hours": null,
                "network": null,
                "operator": null,
                "name": "Cafe Bunga",
                "amenity": "cafe"
            }
        },
        {
            "type": "Feature",
            "geometry": {
                "type": "Point",
                "coordinates": [
                    112.7114447,
                    -7.9382976
                ]
            },
            "properties": {
                "osm_id": 8113586518,
                "osm_type": "nodes",
                "opening_hours": null,
                "network": null,
                "operator": null,
                "name": "Cafe Rama Coffee & Shake",
                "amenity": "cafe"
            }
        },
        {
            "type": "Feature",
            "geometry": {
                "type": "Point",
                "coordinates": [
                    112.7114981,
                    -7.9383211
                ]
            },
            "properties": {
                "osm_id": 8113604618,
                "osm_type": "nodes",
                "opening_hours": null,
                "network": null,
                "operator": null,
                "name": "Warunk 21",
                "amenity": "cafe"
            }
        },
        {
            "type": "Feature",
            "geometry": {
                "type": "Point",
                "coordinates": [
                    112.7113325,
                    -7.9383668
                ]
            },
            "properties": {
                "osm_id": 8115542617,
                "osm_type": "nodes",
                "opening_hours": null,
                "network": null,
                "operator": null,
                "name": "Kedai Qita",
                "amenity": "cafe"
            }
        },
        {
            "type": "Feature",
            "geometry": {
                "type": "Point",
                "coordinates": [
                    112.7115352,
                    -7.9383664
                ]
            },
            "properties": {
                "osm_id": 8115542618,
                "osm_type": "nodes",
                "opening_hours": null,
                "network": null,
                "operator": null,
                "name": "Kedai Teratai",
                "amenity": "cafe"
            }
        },
        {
            "type": "Feature",
            "geometry": {
                "type": "Point",
                "coordinates": [
                    112.6173277,
                    -7.9653696
                ]
            },
            "properties": {
                "osm_id": 9766022145,
                "osm_type": "nodes",
                "opening_hours": null,
                "network": null,
                "operator": "BNI",
                "name": "BNI",
                "amenity": "atm"
            }
        },
        {
            "type": "Feature",
            "geometry": {
                "type": "Point",
                "coordinates": [
                    112.635819,
                    -7.9777389
                ]
            },
            "properties": {
                "osm_id": 9768318566,
                "osm_type": "nodes",
                "opening_hours": null,
                "network": null,
                "operator": "Panin Bank",
                "name": "Panin Bank",
                "amenity": "atm"
            }
        },
        {
            "type": "Feature",
            "geometry": {
                "type": "Point",
                "coordinates": [
                    112.6255489,
                    -7.9375999
                ]
            },
            "properties": {
                "osm_id": 9756208567,
                "osm_type": "nodes",
                "opening_hours": "Mo-Fr 08:00-20:00; Sa 08:00-17:00",
                "network": null,
                "operator": null,
                "name": "Dapur 93",
                "amenity": "restaurant"
            }
        },
        {
            "type": "Feature",
            "geometry": {
                "type": "Point",
                "coordinates": [
                    112.6556827,
                    -7.9611816
                ]
            },
            "properties": {
                "osm_id": 7249206385,
                "osm_type": "nodes",
                "opening_hours": null,
                "network": null,
                "operator": null,
                "name": "Soto Ayam Lamongan",
                "amenity": "restaurant"
            }
        },
        {
            "type": "Feature",
            "geometry": {
                "type": "Point",
                "coordinates": [
                    112.6434854,
                    -7.971558
                ]
            },
            "properties": {
                "osm_id": 13658937067,
                "osm_type": "nodes",
                "opening_hours": null,
                "network": null,
                "operator": null,
                "name": "Warung Prasmanan Mbak Is",
                "amenity": "fast_food"
            }
        },
        {
            "type": "Feature",
            "geometry": {
                "type": "Point",
                "coordinates": [
                    112.6445344,
                    -7.9557076
                ]
            },
            "properties": {
                "osm_id": 7270856985,
                "osm_type": "nodes",
                "opening_hours": null,
                "network": null,
                "operator": null,
                "name": "Bank BNI",
                "amenity": "bank"
            }
        },
        {
            "type": "Feature",
            "geometry": {
                "type": "Point",
                "coordinates": [
                    112.644701,
                    -7.9718338
                ]
            },
            "properties": {
                "osm_id": 13669301850,
                "osm_type": "nodes",
                "opening_hours": null,
                "network": null,
                "operator": "Bank Central Asia",
                "name": null,
                "amenity": "atm"
            }
        },
        {
            "type": "Feature",
            "geometry": {
                "type": "Point",
                "coordinates": [
                    112.6357929,
                    -7.9719643
                ]
            },
            "properties": {
                "osm_id": 12112471961,
                "osm_type": "nodes",
                "opening_hours": null,
                "network": null,
                "operator": null,
                "name": "Warung Kanew Gitomamisu",
                "amenity": "restaurant"
            }
        },
        {
            "type": "Feature",
            "geometry": {
                "type": "Point",
                "coordinates": [
                    112.6357356,
                    -7.9715195
                ]
            },
            "properties": {
                "osm_id": 12112471965,
                "osm_type": "nodes",
                "opening_hours": null,
                "network": null,
                "operator": null,
                "name": "Warung Pojok Pak Bakri",
                "amenity": "restaurant"
            }
        },
        {
            "type": "Feature",
            "geometry": {
                "type": "Point",
                "coordinates": [
                    112.6380495,
                    -7.9788367
                ]
            },
            "properties": {
                "osm_id": 11032284810,
                "osm_type": "nodes",
                "opening_hours": null,
                "network": null,
                "operator": null,
                "name": "KFC",
                "amenity": "fast_food"
            }
        },
        {
            "type": "Feature",
            "geometry": {
                "type": "Point",
                "coordinates": [
                    112.6364852,
                    -7.9781059
                ]
            },
            "properties": {
                "osm_id": 10269024804,
                "osm_type": "nodes",
                "opening_hours": null,
                "network": null,
                "operator": null,
                "name": "Ayam Panggang Sri",
                "amenity": "fast_food"
            }
        },
        {
            "type": "Feature",
            "geometry": {
                "type": "Point",
                "coordinates": [
                    112.6361108,
                    -7.973452
                ]
            },
            "properties": {
                "osm_id": 7302014701,
                "osm_type": "nodes",
                "opening_hours": "Mo-Su 16:00-22:00",
                "network": null,
                "operator": null,
                "name": "crispycornermalang",
                "amenity": "cafe"
            }
        },
        {
            "type": "Feature",
            "geometry": {
                "type": "Point",
                "coordinates": [
                    112.6319169,
                    -7.9537134
                ]
            },
            "properties": {
                "osm_id": 3958566559,
                "osm_type": "nodes",
                "opening_hours": null,
                "network": null,
                "operator": null,
                "name": "Teko Coffee Shop",
                "amenity": "cafe"
            }
        },
        {
            "type": "Feature",
            "geometry": {
                "type": "Point",
                "coordinates": [
                    112.6373251,
                    -7.9585644
                ]
            },
            "properties": {
                "osm_id": 11264397669,
                "osm_type": "nodes",
                "opening_hours": "We-Mo 08:00-15:00; Tu 09:00-14:00",
                "network": null,
                "operator": null,
                "name": "Bank Syariah Indonesia",
                "amenity": "bank"
            }
        },
        {
            "type": "Feature",
            "geometry": {
                "type": "Point",
                "coordinates": [
                    112.6330479,
                    -7.9673529
                ]
            },
            "properties": {
                "osm_id": 12276933901,
                "osm_type": "nodes",
                "opening_hours": "Mo-Sa 07:00-23:00",
                "network": null,
                "operator": null,
                "name": "Warung Bu Ana",
                "amenity": "fast_food"
            }
        },
        {
            "type": "Feature",
            "geometry": {
                "type": "Point",
                "coordinates": [
                    112.6315846,
                    -7.9690611
                ]
            },
            "properties": {
                "osm_id": 13410446101,
                "osm_type": "nodes",
                "opening_hours": null,
                "network": null,
                "operator": null,
                "name": "Akasha",
                "amenity": "cafe"
            }
        },
        {
            "type": "Feature",
            "geometry": {
                "type": "Point",
                "coordinates": [
                    112.6379611,
                    -7.9579981
                ]
            },
            "properties": {
                "osm_id": 13620680503,
                "osm_type": "nodes",
                "opening_hours": null,
                "network": null,
                "operator": "Bank Central Asia",
                "name": null,
                "amenity": "atm"
            }
        },
        {
            "type": "Feature",
            "geometry": {
                "type": "Point",
                "coordinates": [
                    112.6375543,
                    -7.9580517
                ]
            },
            "properties": {
                "osm_id": 13620680504,
                "osm_type": "nodes",
                "opening_hours": null,
                "network": null,
                "operator": "Bank Central Asia",
                "name": null,
                "amenity": "atm"
            }
        },
        {
            "type": "Feature",
            "geometry": {
                "type": "Point",
                "coordinates": [
                    112.6369322,
                    -7.9630971
                ]
            },
            "properties": {
                "osm_id": 13645588110,
                "osm_type": "nodes",
                "opening_hours": null,
                "network": null,
                "operator": "Bank Central Asia",
                "name": null,
                "amenity": "atm"
            }
        },
        {
            "type": "Feature",
            "geometry": {
                "type": "Point",
                "coordinates": [
                    112.6362953,
                    -7.9621014
                ]
            },
            "properties": {
                "osm_id": 13650230916,
                "osm_type": "nodes",
                "opening_hours": null,
                "network": null,
                "operator": "Bank Central Asia",
                "name": null,
                "amenity": "atm"
            }
        },
        {
            "type": "Feature",
            "geometry": {
                "type": "Point",
                "coordinates": [
                    112.6357461,
                    -7.9771806
                ]
            },
            "properties": {
                "osm_id": 4977491123,
                "osm_type": "nodes",
                "opening_hours": null,
                "network": null,
                "operator": null,
                "name": "Kertanegara",
                "amenity": "restaurant"
            }
        },
        {
            "type": "Feature",
            "geometry": {
                "type": "Point",
                "coordinates": [
                    112.6403916,
                    -7.9631678
                ]
            },
            "properties": {
                "osm_id": 5169132523,
                "osm_type": "nodes",
                "opening_hours": null,
                "network": null,
                "operator": null,
                "name": "STMJ Sukomulyo 39",
                "amenity": "cafe"
            }
        },
        {
            "type": "Feature",
            "geometry": {
                "type": "Point",
                "coordinates": [
                    112.6270436,
                    -7.9681487
                ]
            },
            "properties": {
                "osm_id": 6222278585,
                "osm_type": "nodes",
                "opening_hours": null,
                "network": null,
                "operator": null,
                "name": "Library Coffee",
                "amenity": "cafe"
            }
        },
        {
            "type": "Feature",
            "geometry": {
                "type": "Point",
                "coordinates": [
                    112.638925,
                    -7.9671177
                ]
            },
            "properties": {
                "osm_id": 6429944585,
                "osm_type": "nodes",
                "opening_hours": null,
                "network": null,
                "operator": null,
                "name": "Raja Sambal - Warung",
                "amenity": "cafe"
            }
        },
        {
            "type": "Feature",
            "geometry": {
                "type": "Point",
                "coordinates": [
                    112.6312107,
                    -7.954811
                ]
            },
            "properties": {
                "osm_id": 6723137587,
                "osm_type": "nodes",
                "opening_hours": null,
                "network": null,
                "operator": null,
                "name": "Kacapiring cafe",
                "amenity": "cafe"
            }
        },
        {
            "type": "Feature",
            "geometry": {
                "type": "Point",
                "coordinates": [
                    112.6365664,
                    -7.9750279
                ]
            },
            "properties": {
                "osm_id": 7270974389,
                "osm_type": "nodes",
                "opening_hours": null,
                "network": null,
                "operator": null,
                "name": "Warmindo",
                "amenity": "restaurant"
            }
        },
        {
            "type": "Feature",
            "geometry": {
                "type": "Point",
                "coordinates": [
                    112.6368008,
                    -7.9624439
                ]
            },
            "properties": {
                "osm_id": 11409403469,
                "osm_type": "nodes",
                "opening_hours": null,
                "network": null,
                "operator": null,
                "name": "Bakso President",
                "amenity": "restaurant"
            }
        },
        {
            "type": "Feature",
            "geometry": {
                "type": "Point",
                "coordinates": [
                    112.635739,
                    -7.9715383
                ]
            },
            "properties": {
                "osm_id": 12112471962,
                "osm_type": "nodes",
                "opening_hours": null,
                "network": null,
                "operator": null,
                "name": "Gado-Gado Pak Gatot",
                "amenity": "restaurant"
            }
        },
        {
            "type": "Feature",
            "geometry": {
                "type": "Point",
                "coordinates": [
                    112.6337587,
                    -7.9670766
                ]
            },
            "properties": {
                "osm_id": 12110805199,
                "osm_type": "nodes",
                "opening_hours": null,
                "network": null,
                "operator": null,
                "name": "Prima Bank BPR",
                "amenity": "bank"
            }
        },
        {
            "type": "Feature",
            "geometry": {
                "type": "Point",
                "coordinates": [
                    112.6336253,
                    -7.9673459
                ]
            },
            "properties": {
                "osm_id": 12110952007,
                "osm_type": "nodes",
                "opening_hours": null,
                "network": null,
                "operator": null,
                "name": "Kupang Kraton Hj. Qomariyah",
                "amenity": "restaurant"
            }
        },
        {
            "type": "Feature",
            "geometry": {
                "type": "Point",
                "coordinates": [
                    112.6257818,
                    -7.9630451
                ]
            },
            "properties": {
                "osm_id": 11412458829,
                "osm_type": "nodes",
                "opening_hours": "Mo-Su 07:00-23:00",
                "network": null,
                "operator": null,
                "name": "Mifeng Kopitiam",
                "amenity": "restaurant"
            }
        },
        {
            "type": "Feature",
            "geometry": {
                "type": "Point",
                "coordinates": [
                    112.6443763,
                    -7.9716587
                ]
            },
            "properties": {
                "osm_id": 7990510085,
                "osm_type": "nodes",
                "opening_hours": null,
                "network": null,
                "operator": "BNI",
                "name": null,
                "amenity": "atm"
            }
        },
        {
            "type": "Feature",
            "geometry": {
                "type": "Point",
                "coordinates": [
                    112.6333347,
                    -7.9668794
                ]
            },
            "properties": {
                "osm_id": 7301342785,
                "osm_type": "nodes",
                "opening_hours": null,
                "network": null,
                "operator": "Bank Mandiri",
                "name": "Bank Mandiri",
                "amenity": "atm"
            }
        },
        {
            "type": "Feature",
            "geometry": {
                "type": "Point",
                "coordinates": [
                    112.6246363,
                    -7.9652256
                ]
            },
            "properties": {
                "osm_id": 9769596812,
                "osm_type": "nodes",
                "opening_hours": null,
                "network": null,
                "operator": "Bank Central Asia",
                "name": "BCA",
                "amenity": "atm"
            }
        },
        {
            "type": "Feature",
            "geometry": {
                "type": "Point",
                "coordinates": [
                    112.6607418,
                    -7.9662465
                ]
            },
            "properties": {
                "osm_id": 13634848021,
                "osm_type": "nodes",
                "opening_hours": null,
                "network": null,
                "operator": "BNI",
                "name": null,
                "amenity": "atm"
            }
        },
        {
            "type": "Feature",
            "geometry": {
                "type": "Point",
                "coordinates": [
                    112.6330754,
                    -7.9694997
                ]
            },
            "properties": {
                "osm_id": 5436611625,
                "osm_type": "nodes",
                "opening_hours": null,
                "network": null,
                "operator": null,
                "name": "Warung vivi",
                "amenity": "restaurant"
            }
        },
        {
            "type": "Feature",
            "geometry": {
                "type": "Point",
                "coordinates": [
                    112.6381099,
                    -7.9671964
                ]
            },
            "properties": {
                "osm_id": 7270984885,
                "osm_type": "nodes",
                "opening_hours": null,
                "network": null,
                "operator": null,
                "name": "Kayungyun",
                "amenity": "restaurant"
            }
        },
        {
            "type": "Feature",
            "geometry": {
                "type": "Point",
                "coordinates": [
                    112.6171654,
                    -7.9723325
                ]
            },
            "properties": {
                "osm_id": 12157232465,
                "osm_type": "nodes",
                "opening_hours": null,
                "network": null,
                "operator": null,
                "name": "Peco Peco Sushi",
                "amenity": "restaurant"
            }
        },
        {
            "type": "Feature",
            "geometry": {
                "type": "Point",
                "coordinates": [
                    112.6170671,
                    -7.9723389
                ]
            },
            "properties": {
                "osm_id": 12157232466,
                "osm_type": "nodes",
                "opening_hours": null,
                "network": null,
                "operator": null,
                "name": "Bakso Ndeso Malang",
                "amenity": "restaurant"
            }
        },
        {
            "type": "Feature",
            "geometry": {
                "type": "Point",
                "coordinates": [
                    112.6171203,
                    -7.9723341
                ]
            },
            "properties": {
                "osm_id": 12157232467,
                "osm_type": "nodes",
                "opening_hours": null,
                "network": null,
                "operator": null,
                "name": "Tumbazz Kopi",
                "amenity": "cafe"
            }
        },
        {
            "type": "Feature",
            "geometry": {
                "type": "Point",
                "coordinates": [
                    112.6208525,
                    -7.972
                ]
            },
            "properties": {
                "osm_id": 12018866663,
                "osm_type": "nodes",
                "opening_hours": "Mo-Su 08:00-12:00",
                "network": null,
                "operator": null,
                "name": "Cigyl and Craft",
                "amenity": "cafe"
            }
        },
        {
            "type": "Feature",
            "geometry": {
                "type": "Point",
                "coordinates": [
                    112.6032221,
                    -7.9703987
                ]
            },
            "properties": {
                "osm_id": 6684216707,
                "osm_type": "nodes",
                "opening_hours": "Mo-Th, Su 08:00-21:30; Fr 08:00-17:00; Sa 18:00-22:00",
                "network": null,
                "operator": null,
                "name": "Lafferie",
                "amenity": "restaurant"
            }
        },
        {
            "type": "Feature",
            "geometry": {
                "type": "Point",
                "coordinates": [
                    112.6190228,
                    -7.9678568
                ]
            },
            "properties": {
                "osm_id": 7949988786,
                "osm_type": "nodes",
                "opening_hours": null,
                "network": null,
                "operator": null,
                "name": "Martabak Jointland",
                "amenity": "fast_food"
            }
        },
        {
            "type": "Feature",
            "geometry": {
                "type": "Point",
                "coordinates": [
                    112.6167726,
                    -7.9681359
                ]
            },
            "properties": {
                "osm_id": 5265665722,
                "osm_type": "nodes",
                "opening_hours": null,
                "network": null,
                "operator": "BCA BRI Mandiri",
                "name": null,
                "amenity": "atm"
            }
        },
        {
            "type": "Feature",
            "geometry": {
                "type": "Point",
                "coordinates": [
                    112.6176328,
                    -7.9696656
                ]
            },
            "properties": {
                "osm_id": 5913706186,
                "osm_type": "nodes",
                "opening_hours": null,
                "network": null,
                "operator": null,
                "name": "Dak-Galbi",
                "amenity": "restaurant"
            }
        },
        {
            "type": "Feature",
            "geometry": {
                "type": "Point",
                "coordinates": [
                    112.6182961,
                    -7.9686941
                ]
            },
            "properties": {
                "osm_id": 13439216129,
                "osm_type": "nodes",
                "opening_hours": "Mo-Sa 16:00-22:00",
                "network": null,
                "operator": null,
                "name": "Sebaya Coffee",
                "amenity": "cafe"
            }
        },
        {
            "type": "Feature",
            "geometry": {
                "type": "Point",
                "coordinates": [
                    112.6155925,
                    -7.967296
                ]
            },
            "properties": {
                "osm_id": 12441703570,
                "osm_type": "nodes",
                "opening_hours": "Mo-Su 08:00-22:00",
                "network": null,
                "operator": null,
                "name": "Toko Kopi TUKU - Malang",
                "amenity": "cafe"
            }
        },
        {
            "type": "Feature",
            "geometry": {
                "type": "Point",
                "coordinates": [
                    112.681854,
                    -7.9955815
                ]
            },
            "properties": {
                "osm_id": 9748438317,
                "osm_type": "nodes",
                "opening_hours": null,
                "network": null,
                "operator": null,
                "name": "Happy7Kitchen",
                "amenity": "restaurant"
            }
        },
        {
            "type": "Feature",
            "geometry": {
                "type": "Point",
                "coordinates": [
                    112.6188083,
                    -7.9573107
                ]
            },
            "properties": {
                "osm_id": 12222406698,
                "osm_type": "nodes",
                "opening_hours": null,
                "network": null,
                "operator": null,
                "name": "KFC",
                "amenity": "fast_food"
            }
        },
        {
            "type": "Feature",
            "geometry": {
                "type": "Point",
                "coordinates": [
                    112.6131938,
                    -7.9557262
                ]
            },
            "properties": {
                "osm_id": 12125201870,
                "osm_type": "nodes",
                "opening_hours": null,
                "network": null,
                "operator": "BNI",
                "name": null,
                "amenity": "atm"
            }
        },
        {
            "type": "Feature",
            "geometry": {
                "type": "Point",
                "coordinates": [
                    112.6066995,
                    -7.9575033
                ]
            },
            "properties": {
                "osm_id": 12036931869,
                "osm_type": "nodes",
                "opening_hours": null,
                "network": null,
                "operator": null,
                "name": "Nasi Balinya Kak!!",
                "amenity": "restaurant"
            }
        },
        {
            "type": "Feature",
            "geometry": {
                "type": "Point",
                "coordinates": [
                    112.6092425,
                    -7.9570909
                ]
            },
            "properties": {
                "osm_id": 12027024769,
                "osm_type": "nodes",
                "opening_hours": null,
                "network": null,
                "operator": null,
                "name": "Kedai Milo Nusantara",
                "amenity": "cafe"
            }
        },
        {
            "type": "Feature",
            "geometry": {
                "type": "Point",
                "coordinates": [
                    112.6075932,
                    -7.9577427
                ]
            },
            "properties": {
                "osm_id": 12027030269,
                "osm_type": "nodes",
                "opening_hours": null,
                "network": null,
                "operator": null,
                "name": "Bakso Malang Cak Cull Sigura-Gura",
                "amenity": "restaurant"
            }
        },
        {
            "type": "Feature",
            "geometry": {
                "type": "Point",
                "coordinates": [
                    112.6074063,
                    -7.9577108
                ]
            },
            "properties": {
                "osm_id": 12027030270,
                "osm_type": "nodes",
                "opening_hours": null,
                "network": null,
                "operator": null,
                "name": "Shugoku Cabang Malang 1",
                "amenity": "restaurant"
            }
        },
        {
            "type": "Feature",
            "geometry": {
                "type": "Point",
                "coordinates": [
                    112.6113917,
                    -7.9582065
                ]
            },
            "properties": {
                "osm_id": 12013425870,
                "osm_type": "nodes",
                "opening_hours": null,
                "network": null,
                "operator": null,
                "name": "Soto Ayam Babon Pak Imam",
                "amenity": "restaurant"
            }
        },
        {
            "type": "Feature",
            "geometry": {
                "type": "Point",
                "coordinates": [
                    112.6012522,
                    -7.9574302
                ]
            },
            "properties": {
                "osm_id": 11990146066,
                "osm_type": "nodes",
                "opening_hours": null,
                "network": null,
                "operator": null,
                "name": "Kedai Kopi tjapGiling",
                "amenity": "cafe"
            }
        },
        {
            "type": "Feature",
            "geometry": {
                "type": "Point",
                "coordinates": [
                    112.6089721,
                    -7.9515228
                ]
            },
            "properties": {
                "osm_id": 9769655948,
                "osm_type": "nodes",
                "opening_hours": null,
                "network": null,
                "operator": "BNI",
                "name": "BNI",
                "amenity": "atm"
            }
        },
        {
            "type": "Feature",
            "geometry": {
                "type": "Point",
                "coordinates": [
                    112.5990496,
                    -7.956554
                ]
            },
            "properties": {
                "osm_id": 11043934079,
                "osm_type": "nodes",
                "opening_hours": null,
                "network": null,
                "operator": null,
                "name": "Sate Madura Bang Ipul",
                "amenity": "fast_food"
            }
        },
        {
            "type": "Feature",
            "geometry": {
                "type": "Point",
                "coordinates": [
                    112.6017428,
                    -7.9444581
                ]
            },
            "properties": {
                "osm_id": 10980693163,
                "osm_type": "nodes",
                "opening_hours": null,
                "network": null,
                "operator": null,
                "name": "Mystic Coffe",
                "amenity": "cafe"
            }
        },
        {
            "type": "Feature",
            "geometry": {
                "type": "Point",
                "coordinates": [
                    112.6017007,
                    -7.9446709
                ]
            },
            "properties": {
                "osm_id": 10980693164,
                "osm_type": "nodes",
                "opening_hours": null,
                "network": null,
                "operator": null,
                "name": "IQ Caffe",
                "amenity": "cafe"
            }
        },
        {
            "type": "Feature",
            "geometry": {
                "type": "Point",
                "coordinates": [
                    112.6016704,
                    -7.9450409
                ]
            },
            "properties": {
                "osm_id": 10980693165,
                "osm_type": "nodes",
                "opening_hours": null,
                "network": null,
                "operator": null,
                "name": "Oase Cafe & Literacy",
                "amenity": "cafe"
            }
        },
        {
            "type": "Feature",
            "geometry": {
                "type": "Point",
                "coordinates": [
                    112.6043272,
                    -7.943587
                ]
            },
            "properties": {
                "osm_id": 10980744341,
                "osm_type": "nodes",
                "opening_hours": null,
                "network": null,
                "operator": null,
                "name": "Toeman Cafe and Eatry",
                "amenity": "cafe"
            }
        },
        {
            "type": "Feature",
            "geometry": {
                "type": "Point",
                "coordinates": [
                    112.6089543,
                    -7.9515184
                ]
            },
            "properties": {
                "osm_id": 9769655949,
                "osm_type": "nodes",
                "opening_hours": null,
                "network": null,
                "operator": "BRI",
                "name": "BRI",
                "amenity": "atm"
            }
        },
        {
            "type": "Feature",
            "geometry": {
                "type": "Point",
                "coordinates": [
                    112.6134605,
                    -7.9572974
                ]
            },
            "properties": {
                "osm_id": 13634776025,
                "osm_type": "nodes",
                "opening_hours": null,
                "network": null,
                "operator": "Bank Mandiri",
                "name": null,
                "amenity": "atm"
            }
        },
        {
            "type": "Feature",
            "geometry": {
                "type": "Point",
                "coordinates": [
                    112.5851949,
                    -7.9629678
                ]
            },
            "properties": {
                "osm_id": 12272865489,
                "osm_type": "nodes",
                "opening_hours": null,
                "network": null,
                "operator": null,
                "name": null,
                "amenity": "atm"
            }
        },
        {
            "type": "Feature",
            "geometry": {
                "type": "Point",
                "coordinates": [
                    112.6691284,
                    -7.9667023
                ]
            },
            "properties": {
                "osm_id": 12633097940,
                "osm_type": "nodes",
                "opening_hours": null,
                "network": null,
                "operator": null,
                "name": "Mie Ayam & Bakso Solo \"PAK NDUT\"",
                "amenity": "fast_food"
            }
        },
        {
            "type": "Feature",
            "geometry": {
                "type": "Point",
                "coordinates": [
                    112.6146741,
                    -7.9758364
                ]
            },
            "properties": {
                "osm_id": 12626188579,
                "osm_type": "nodes",
                "opening_hours": null,
                "network": null,
                "operator": null,
                "name": "Ayam Goreng Ria",
                "amenity": "restaurant"
            }
        },
        {
            "type": "Feature",
            "geometry": {
                "type": "Point",
                "coordinates": [
                    112.617855,
                    -7.9655437
                ]
            },
            "properties": {
                "osm_id": 12606810943,
                "osm_type": "nodes",
                "opening_hours": null,
                "network": null,
                "operator": null,
                "name": "BRI",
                "amenity": "bank"
            }
        },
        {
            "type": "Feature",
            "geometry": {
                "type": "Point",
                "coordinates": [
                    112.6190902,
                    -7.9679316
                ]
            },
            "properties": {
                "osm_id": 7949987886,
                "osm_type": "nodes",
                "opening_hours": null,
                "network": null,
                "operator": null,
                "name": "Pangsit Mie Dempo",
                "amenity": "fast_food"
            }
        },
        {
            "type": "Feature",
            "geometry": {
                "type": "Point",
                "coordinates": [
                    112.6148349,
                    -7.9741784
                ]
            },
            "properties": {
                "osm_id": 12604215736,
                "osm_type": "nodes",
                "opening_hours": null,
                "network": null,
                "operator": null,
                "name": "Depot Panjang Umur",
                "amenity": "restaurant"
            }
        },
        {
            "type": "Feature",
            "geometry": {
                "type": "Point",
                "coordinates": [
                    112.6065142,
                    -7.9723771
                ]
            },
            "properties": {
                "osm_id": 12600611073,
                "osm_type": "nodes",
                "opening_hours": null,
                "network": null,
                "operator": null,
                "name": "Warmindo Sam Ndut 14",
                "amenity": "restaurant"
            }
        },
        {
            "type": "Feature",
            "geometry": {
                "type": "Point",
                "coordinates": [
                    112.6126805,
                    -7.9767719
                ]
            },
            "properties": {
                "osm_id": 12143506819,
                "osm_type": "nodes",
                "opening_hours": null,
                "network": null,
                "operator": null,
                "name": "Sei Babi & Sate Babi Flobamora",
                "amenity": "restaurant"
            }
        },
        {
            "type": "Feature",
            "geometry": {
                "type": "Point",
                "coordinates": [
                    112.6124187,
                    -7.9794779
                ]
            },
            "properties": {
                "osm_id": 12599075866,
                "osm_type": "nodes",
                "opening_hours": null,
                "network": null,
                "operator": null,
                "name": "Warung Nasi Buk Cak Rochman",
                "amenity": "restaurant"
            }
        },
        {
            "type": "Feature",
            "geometry": {
                "type": "Point",
                "coordinates": [
                    112.6132948,
                    -7.9687026
                ]
            },
            "properties": {
                "osm_id": 9766006963,
                "osm_type": "nodes",
                "opening_hours": null,
                "network": null,
                "operator": "Bank Central Asia",
                "name": "BCA",
                "amenity": "atm"
            }
        },
        {
            "type": "Feature",
            "geometry": {
                "type": "Point",
                "coordinates": [
                    112.6182532,
                    -7.973462
                ]
            },
            "properties": {
                "osm_id": 12585577139,
                "osm_type": "nodes",
                "opening_hours": null,
                "network": null,
                "operator": null,
                "name": "Warmindo Sebelas",
                "amenity": "cafe"
            }
        },
        {
            "type": "Feature",
            "geometry": {
                "type": "Point",
                "coordinates": [
                    112.5962084,
                    -7.9805613
                ]
            },
            "properties": {
                "osm_id": 12833708035,
                "osm_type": "nodes",
                "opening_hours": null,
                "network": null,
                "operator": null,
                "name": null,
                "amenity": "fast_food"
            }
        },
        {
            "type": "Feature",
            "geometry": {
                "type": "Point",
                "coordinates": [
                    112.6023683,
                    -7.9719474
                ]
            },
            "properties": {
                "osm_id": 12754252644,
                "osm_type": "nodes",
                "opening_hours": null,
                "network": null,
                "operator": "Bank Central Asia",
                "name": null,
                "amenity": "atm"
            }
        },
        {
            "type": "Feature",
            "geometry": {
                "type": "Point",
                "coordinates": [
                    112.5946322,
                    -7.9548543
                ]
            },
            "properties": {
                "osm_id": 12751737878,
                "osm_type": "nodes",
                "opening_hours": null,
                "network": null,
                "operator": null,
                "name": null,
                "amenity": "atm"
            }
        },
        {
            "type": "Feature",
            "geometry": {
                "type": "Point",
                "coordinates": [
                    112.592553,
                    -7.9782768
                ]
            },
            "properties": {
                "osm_id": 12106581810,
                "osm_type": "nodes",
                "opening_hours": null,
                "network": null,
                "operator": null,
                "name": "Warung Nafisa",
                "amenity": "restaurant"
            }
        },
        {
            "type": "Feature",
            "geometry": {
                "type": "Point",
                "coordinates": [
                    112.5968034,
                    -7.9756841
                ]
            },
            "properties": {
                "osm_id": 12940242117,
                "osm_type": "nodes",
                "opening_hours": null,
                "network": null,
                "operator": null,
                "name": "Teras Nyaman",
                "amenity": "cafe"
            }
        },
        {
            "type": "Feature",
            "geometry": {
                "type": "Point",
                "coordinates": [
                    112.5992738,
                    -7.9804454
                ]
            },
            "properties": {
                "osm_id": 13107816328,
                "osm_type": "nodes",
                "opening_hours": null,
                "network": null,
                "operator": null,
                "name": "Angkringan RM 46",
                "amenity": "fast_food"
            }
        },
        {
            "type": "Feature",
            "geometry": {
                "type": "Point",
                "coordinates": [
                    112.6017068,
                    -7.9813652
                ]
            },
            "properties": {
                "osm_id": 13380414121,
                "osm_type": "nodes",
                "opening_hours": null,
                "network": null,
                "operator": null,
                "name": "Penyetan Sambel Loman",
                "amenity": "restaurant"
            }
        },
        {
            "type": "Feature",
            "geometry": {
                "type": "Point",
                "coordinates": [
                    112.6017626,
                    -7.9813949
                ]
            },
            "properties": {
                "osm_id": 13380414129,
                "osm_type": "nodes",
                "opening_hours": null,
                "network": null,
                "operator": null,
                "name": "Warung Gembira",
                "amenity": "restaurant"
            }
        },
        {
            "type": "Feature",
            "geometry": {
                "type": "Point",
                "coordinates": [
                    112.6026267,
                    -7.9818289
                ]
            },
            "properties": {
                "osm_id": 12112314435,
                "osm_type": "nodes",
                "opening_hours": null,
                "network": null,
                "operator": null,
                "name": "Warung Amanah",
                "amenity": "restaurant"
            }
        },
        {
            "type": "Feature",
            "geometry": {
                "type": "Point",
                "coordinates": [
                    112.603647,
                    -7.9823752
                ]
            },
            "properties": {
                "osm_id": 13071727777,
                "osm_type": "nodes",
                "opening_hours": null,
                "network": null,
                "operator": null,
                "name": "RM Padang Roda Baru",
                "amenity": "restaurant"
            }
        },
        {
            "type": "Feature",
            "geometry": {
                "type": "Point",
                "coordinates": [
                    112.6029286,
                    -7.9826226
                ]
            },
            "properties": {
                "osm_id": 13375982793,
                "osm_type": "nodes",
                "opening_hours": null,
                "network": null,
                "operator": null,
                "name": "Bebek Goreng Purnama",
                "amenity": "restaurant"
            }
        },
        {
            "type": "Feature",
            "geometry": {
                "type": "Point",
                "coordinates": [
                    112.6307082,
                    -7.9836133
                ]
            },
            "properties": {
                "osm_id": 12412777504,
                "osm_type": "nodes",
                "opening_hours": null,
                "network": null,
                "operator": null,
                "name": "Aiciro",
                "amenity": "fast_food"
            }
        },
        {
            "type": "Feature",
            "geometry": {
                "type": "Point",
                "coordinates": [
                    112.6307146,
                    -7.9835879
                ]
            },
            "properties": {
                "osm_id": 12412755268,
                "osm_type": "nodes",
                "opening_hours": null,
                "network": null,
                "operator": null,
                "name": "Bakso Arief 1996",
                "amenity": "fast_food"
            }
        },
        {
            "type": "Feature",
            "geometry": {
                "type": "Point",
                "coordinates": [
                    112.6305857,
                    -7.9836503
                ]
            },
            "properties": {
                "osm_id": 12412759924,
                "osm_type": "nodes",
                "opening_hours": null,
                "network": null,
                "operator": null,
                "name": "Restoran Padang Simpang Raya Malang Kauman",
                "amenity": "restaurant"
            }
        },
        {
            "type": "Feature",
            "geometry": {
                "type": "Point",
                "coordinates": [
                    112.6247503,
                    -7.9872606
                ]
            },
            "properties": {
                "osm_id": 12253584246,
                "osm_type": "nodes",
                "opening_hours": null,
                "network": null,
                "operator": "Bank Mandiri",
                "name": null,
                "amenity": "atm"
            }
        },
        {
            "type": "Feature",
            "geometry": {
                "type": "Point",
                "coordinates": [
                    112.6247692,
                    -7.98727
                ]
            },
            "properties": {
                "osm_id": 12253584247,
                "osm_type": "nodes",
                "opening_hours": null,
                "network": null,
                "operator": "BNI",
                "name": null,
                "amenity": "atm"
            }
        },
        {
            "type": "Feature",
            "geometry": {
                "type": "Point",
                "coordinates": [
                    112.6253066,
                    -7.9874881
                ]
            },
            "properties": {
                "osm_id": 12253584258,
                "osm_type": "nodes",
                "opening_hours": null,
                "network": null,
                "operator": null,
                "name": "Point Coffee",
                "amenity": "cafe"
            }
        },
        {
            "type": "Feature",
            "geometry": {
                "type": "Point",
                "coordinates": [
                    112.6252378,
                    -7.9874549
                ]
            },
            "properties": {
                "osm_id": 12253584259,
                "osm_type": "nodes",
                "opening_hours": null,
                "network": null,
                "operator": "Bank Central Asia",
                "name": null,
                "amenity": "atm"
            }
        },
        {
            "type": "Feature",
            "geometry": {
                "type": "Point",
                "coordinates": [
                    112.6247319,
                    -7.9872503
                ]
            },
            "properties": {
                "osm_id": 12253584245,
                "osm_type": "nodes",
                "opening_hours": null,
                "network": null,
                "operator": "Bank Central Asia",
                "name": null,
                "amenity": "atm"
            }
        },
        {
            "type": "Feature",
            "geometry": {
                "type": "Point",
                "coordinates": [
                    112.6302226,
                    -7.9872613
                ]
            },
            "properties": {
                "osm_id": 3915750634,
                "osm_type": "nodes",
                "opening_hours": "17:00-21:00",
                "network": null,
                "operator": "Bapak Ichwan",
                "name": "Tahu Campur Ichwan",
                "amenity": "fast_food"
            }
        },
        {
            "type": "Feature",
            "geometry": {
                "type": "Point",
                "coordinates": [
                    112.6346318,
                    -7.9854509
                ]
            },
            "properties": {
                "osm_id": 8555786535,
                "osm_type": "nodes",
                "opening_hours": "Mo-Su 09:00-21:00",
                "network": null,
                "operator": null,
                "name": "DImsum Sewuan",
                "amenity": "restaurant"
            }
        },
        {
            "type": "Feature",
            "geometry": {
                "type": "Point",
                "coordinates": [
                    112.6299181,
                    -7.9881602
                ]
            },
            "properties": {
                "osm_id": 3915757312,
                "osm_type": "nodes",
                "opening_hours": "11:00-15:00",
                "network": null,
                "operator": null,
                "name": "Warung Facebook",
                "amenity": "cafe"
            }
        },
        {
            "type": "Feature",
            "geometry": {
                "type": "Point",
                "coordinates": [
                    112.6269577,
                    -7.9899639
                ]
            },
            "properties": {
                "osm_id": 3919973113,
                "osm_type": "nodes",
                "opening_hours": "11:00-15:00",
                "network": null,
                "operator": null,
                "name": "Es Ketan SMKN 4 Malang",
                "amenity": "restaurant"
            }
        },
        {
            "type": "Feature",
            "geometry": {
                "type": "Point",
                "coordinates": [
                    112.6260186,
                    -7.9880321
                ]
            },
            "properties": {
                "osm_id": 3919847519,
                "osm_type": "nodes",
                "opening_hours": null,
                "network": null,
                "operator": null,
                "name": "Bakso Solo SMA 5 Malang",
                "amenity": "restaurant"
            }
        },
        {
            "type": "Feature",
            "geometry": {
                "type": "Point",
                "coordinates": [
                    112.6249831,
                    -7.9851529
                ]
            },
            "properties": {
                "osm_id": 13338305614,
                "osm_type": "nodes",
                "opening_hours": null,
                "network": null,
                "operator": null,
                "name": "Miami Chicken",
                "amenity": "restaurant"
            }
        },
        {
            "type": "Feature",
            "geometry": {
                "type": "Point",
                "coordinates": [
                    112.6298741,
                    -7.9874174
                ]
            },
            "properties": {
                "osm_id": 3826149857,
                "osm_type": "nodes",
                "opening_hours": null,
                "network": null,
                "operator": "Bank Central Asia",
                "name": null,
                "amenity": "atm"
            }
        },
        {
            "type": "Feature",
            "geometry": {
                "type": "Point",
                "coordinates": [
                    112.6294835,
                    -8.0037813
                ]
            },
            "properties": {
                "osm_id": 7341809685,
                "osm_type": "nodes",
                "opening_hours": null,
                "network": null,
                "operator": "BNI",
                "name": "BNI",
                "amenity": "atm"
            }
        },
        {
            "type": "Feature",
            "geometry": {
                "type": "Point",
                "coordinates": [
                    112.6450853,
                    -8.0008021
                ]
            },
            "properties": {
                "osm_id": 7276318485,
                "osm_type": "nodes",
                "opening_hours": null,
                "network": null,
                "operator": null,
                "name": "Martabak Telor & Terang Bulan AA",
                "amenity": "fast_food"
            }
        },
        {
            "type": "Feature",
            "geometry": {
                "type": "Point",
                "coordinates": [
                    112.6451886,
                    -8.000566
                ]
            },
            "properties": {
                "osm_id": 7321557313,
                "osm_type": "nodes",
                "opening_hours": null,
                "network": null,
                "operator": null,
                "name": "Miami Chicken",
                "amenity": "fast_food"
            }
        },
        {
            "type": "Feature",
            "geometry": {
                "type": "Point",
                "coordinates": [
                    112.6202567,
                    -7.8982816
                ]
            },
            "properties": {
                "osm_id": 11905757342,
                "osm_type": "nodes",
                "opening_hours": "24/7",
                "network": null,
                "operator": null,
                "name": "Nge-Luck Food & Drink Malang",
                "amenity": "restaurant"
            }
        },
        {
            "type": "Feature",
            "geometry": {
                "type": "Point",
                "coordinates": [
                    112.5959289,
                    -7.9221676
                ]
            },
            "properties": {
                "osm_id": 3958402652,
                "osm_type": "nodes",
                "opening_hours": null,
                "network": null,
                "operator": null,
                "name": "Otoy The Waroeng",
                "amenity": "cafe"
            }
        },
        {
            "type": "Feature",
            "geometry": {
                "type": "Point",
                "coordinates": [
                    112.5951206,
                    -7.9214528
                ]
            },
            "properties": {
                "osm_id": 3958413109,
                "osm_type": "nodes",
                "opening_hours": null,
                "network": null,
                "operator": null,
                "name": "Benndoll Caffee",
                "amenity": "cafe"
            }
        },
        {
            "type": "Feature",
            "geometry": {
                "type": "Point",
                "coordinates": [
                    112.5986272,
                    -7.923725
                ]
            },
            "properties": {
                "osm_id": 3958414333,
                "osm_type": "nodes",
                "opening_hours": null,
                "network": null,
                "operator": null,
                "name": "Agil Coffee",
                "amenity": "cafe"
            }
        },
        {
            "type": "Feature",
            "geometry": {
                "type": "Point",
                "coordinates": [
                    112.5633235,
                    -7.8859842
                ]
            },
            "properties": {
                "osm_id": 12270304668,
                "osm_type": "nodes",
                "opening_hours": "24/7",
                "network": null,
                "operator": null,
                "name": "Crazy Steak by Pabrik Kopi - Villa Spa Resort Glamping",
                "amenity": "cafe"
            }
        },
        {
            "type": "Feature",
            "geometry": {
                "type": "Point",
                "coordinates": [
                    112.5660058,
                    -7.8992872
                ]
            },
            "properties": {
                "osm_id": 13264672928,
                "osm_type": "nodes",
                "opening_hours": null,
                "network": null,
                "operator": null,
                "name": "Cafe wispet 1",
                "amenity": "cafe"
            }
        },
        {
            "type": "Feature",
            "geometry": {
                "type": "Point",
                "coordinates": [
                    112.5659542,
                    -7.8993576
                ]
            },
            "properties": {
                "osm_id": 13264689968,
                "osm_type": "nodes",
                "opening_hours": null,
                "network": null,
                "operator": null,
                "name": "Cafe wispet 2",
                "amenity": "cafe"
            }
        },
        {
            "type": "Feature",
            "geometry": {
                "type": "Point",
                "coordinates": [
                    112.5522949,
                    -7.8940983
                ]
            },
            "properties": {
                "osm_id": 7296202388,
                "osm_type": "nodes",
                "opening_hours": null,
                "network": null,
                "operator": null,
                "name": "Warung Mbok Sri",
                "amenity": "restaurant"
            }
        },
        {
            "type": "Feature",
            "geometry": {
                "type": "Point",
                "coordinates": [
                    112.6384201,
                    -8.0373346
                ]
            },
            "properties": {
                "osm_id": 11951133625,
                "osm_type": "nodes",
                "opening_hours": null,
                "network": null,
                "operator": null,
                "name": "Es Coklat Susu Sempol Haujeek",
                "amenity": "fast_food"
            }
        },
        {
            "type": "Feature",
            "geometry": {
                "type": "Point",
                "coordinates": [
                    112.6286547,
                    -7.9783601
                ]
            },
            "properties": {
                "osm_id": 12022550171,
                "osm_type": "nodes",
                "opening_hours": null,
                "network": null,
                "operator": null,
                "name": "Basra Kitchen",
                "amenity": "cafe"
            }
        },
        {
            "type": "Feature",
            "geometry": {
                "type": "Point",
                "coordinates": [
                    112.5822467,
                    -7.9438544
                ]
            },
            "properties": {
                "osm_id": 12204928862,
                "osm_type": "nodes",
                "opening_hours": null,
                "network": null,
                "operator": "BCA",
                "name": null,
                "amenity": "atm"
            }
        },
        {
            "type": "Feature",
            "geometry": {
                "type": "Point",
                "coordinates": [
                    112.5824819,
                    -7.9440985
                ]
            },
            "properties": {
                "osm_id": 12204912672,
                "osm_type": "nodes",
                "opening_hours": null,
                "network": null,
                "operator": "Bang Aji",
                "name": "Roti Bakar Bang Aji",
                "amenity": "fast_food"
            }
        },
        {
            "type": "Feature",
            "geometry": {
                "type": "Point",
                "coordinates": [
                    112.608053,
                    -7.9142767
                ]
            },
            "properties": {
                "osm_id": 12231078763,
                "osm_type": "nodes",
                "opening_hours": null,
                "network": null,
                "operator": null,
                "name": "NK Cafe",
                "amenity": "restaurant"
            }
        },
        {
            "type": "Feature",
            "geometry": {
                "type": "Point",
                "coordinates": [
                    112.5944072,
                    -7.9708515
                ]
            },
            "properties": {
                "osm_id": 12148372923,
                "osm_type": "nodes",
                "opening_hours": null,
                "network": null,
                "operator": null,
                "name": "Mie Time",
                "amenity": "restaurant"
            }
        },
        {
            "type": "Feature",
            "geometry": {
                "type": "Point",
                "coordinates": [
                    112.6524712,
                    -7.9204961
                ]
            },
            "properties": {
                "osm_id": 11738949202,
                "osm_type": "nodes",
                "opening_hours": null,
                "network": null,
                "operator": null,
                "name": "Atm BNI",
                "amenity": "atm"
            }
        },
        {
            "type": "Feature",
            "geometry": {
                "type": "Point",
                "coordinates": [
                    112.666356,
                    -7.8936006
                ]
            },
            "properties": {
                "osm_id": 11738921243,
                "osm_type": "nodes",
                "opening_hours": null,
                "network": null,
                "operator": null,
                "name": "Atm Mandiri",
                "amenity": "atm"
            }
        },
        {
            "type": "Feature",
            "geometry": {
                "type": "Point",
                "coordinates": [
                    112.6979941,
                    -7.8975038
                ]
            },
            "properties": {
                "osm_id": 11402614827,
                "osm_type": "nodes",
                "opening_hours": null,
                "network": null,
                "operator": null,
                "name": "Warung Pak Kumis",
                "amenity": "restaurant"
            }
        },
        {
            "type": "Feature",
            "geometry": {
                "type": "Point",
                "coordinates": [
                    112.6526566,
                    -7.9220871
                ]
            },
            "properties": {
                "osm_id": 10284212395,
                "osm_type": "nodes",
                "opening_hours": null,
                "network": null,
                "operator": null,
                "name": "McDonald's",
                "amenity": "fast_food"
            }
        },
        {
            "type": "Feature",
            "geometry": {
                "type": "Point",
                "coordinates": [
                    112.6538212,
                    -7.980835
                ]
            },
            "properties": {
                "osm_id": 11441614616,
                "osm_type": "nodes",
                "opening_hours": null,
                "network": null,
                "operator": null,
                "name": "HokBen Kitchen Danau Toba Malang",
                "amenity": "fast_food"
            }
        },
        {
            "type": "Feature",
            "geometry": {
                "type": "Point",
                "coordinates": [
                    112.659232,
                    -7.9794887
                ]
            },
            "properties": {
                "osm_id": 11264679869,
                "osm_type": "nodes",
                "opening_hours": "Mo-Su 09:00-20:30",
                "network": null,
                "operator": null,
                "name": "Ayam Benjos",
                "amenity": "restaurant"
            }
        },
        {
            "type": "Feature",
            "geometry": {
                "type": "Point",
                "coordinates": [
                    112.6537118,
                    -7.981098
                ]
            },
            "properties": {
                "osm_id": 11264350370,
                "osm_type": "nodes",
                "opening_hours": "Mo-Su 09:00-22:00",
                "network": null,
                "operator": null,
                "name": "Mi Gacoan Sawojajar",
                "amenity": "restaurant"
            }
        },
        {
            "type": "Feature",
            "geometry": {
                "type": "Point",
                "coordinates": [
                    112.6695919,
                    -7.9641399
                ]
            },
            "properties": {
                "osm_id": 11221897858,
                "osm_type": "nodes",
                "opening_hours": null,
                "network": null,
                "operator": null,
                "name": "Bakso Solo",
                "amenity": "fast_food"
            }
        },
        {
            "type": "Feature",
            "geometry": {
                "type": "Point",
                "coordinates": [
                    112.6622363,
                    -7.970242
                ]
            },
            "properties": {
                "osm_id": 11160310124,
                "osm_type": "nodes",
                "opening_hours": null,
                "network": null,
                "operator": null,
                "name": "Rawon Malaikat Potre Koneng",
                "amenity": "fast_food"
            }
        },
        {
            "type": "Feature",
            "geometry": {
                "type": "Point",
                "coordinates": [
                    112.6561277,
                    -7.9638453
                ]
            },
            "properties": {
                "osm_id": 11051270845,
                "osm_type": "nodes",
                "opening_hours": null,
                "network": null,
                "operator": null,
                "name": "Soto Ayam Lamongan",
                "amenity": "fast_food"
            }
        },
        {
            "type": "Feature",
            "geometry": {
                "type": "Point",
                "coordinates": [
                    112.6808148,
                    -7.966822
                ]
            },
            "properties": {
                "osm_id": 9801051601,
                "osm_type": "nodes",
                "opening_hours": null,
                "network": null,
                "operator": "CIMB Niaga",
                "name": "CIMB Niaga",
                "amenity": "atm"
            }
        },
        {
            "type": "Feature",
            "geometry": {
                "type": "Point",
                "coordinates": [
                    112.6543095,
                    -7.9803942
                ]
            },
            "properties": {
                "osm_id": 9800954790,
                "osm_type": "nodes",
                "opening_hours": null,
                "network": null,
                "operator": "BCA",
                "name": "BCA",
                "amenity": "atm"
            }
        },
        {
            "type": "Feature",
            "geometry": {
                "type": "Point",
                "coordinates": [
                    112.6576083,
                    -7.9853441
                ]
            },
            "properties": {
                "osm_id": 9307852395,
                "osm_type": "nodes",
                "opening_hours": null,
                "network": null,
                "operator": "BRI",
                "name": null,
                "amenity": "atm"
            }
        },
        {
            "type": "Feature",
            "geometry": {
                "type": "Point",
                "coordinates": [
                    112.6578259,
                    -7.974239
                ]
            },
            "properties": {
                "osm_id": 5420656223,
                "osm_type": "nodes",
                "opening_hours": "Mo-Su 06:00-22:00",
                "network": null,
                "operator": null,
                "name": "Maninjau",
                "amenity": "restaurant"
            }
        },
        {
            "type": "Feature",
            "geometry": {
                "type": "Point",
                "coordinates": [
                    112.6534762,
                    -7.9811169
                ]
            },
            "properties": {
                "osm_id": 6588198986,
                "osm_type": "nodes",
                "opening_hours": null,
                "network": null,
                "operator": null,
                "name": "Cheap and good food",
                "amenity": "restaurant"
            }
        },
        {
            "type": "Feature",
            "geometry": {
                "type": "Point",
                "coordinates": [
                    112.6061749,
                    -7.9552593
                ]
            },
            "properties": {
                "osm_id": 9766110926,
                "osm_type": "nodes",
                "opening_hours": null,
                "network": null,
                "operator": "BTN",
                "name": "BTN",
                "amenity": "atm"
            }
        },
        {
            "type": "Feature",
            "geometry": {
                "type": "Point",
                "coordinates": [
                    112.6088768,
                    -7.9468508
                ]
            },
            "properties": {
                "osm_id": 9769655952,
                "osm_type": "nodes",
                "opening_hours": null,
                "network": null,
                "operator": "Bank Mandiri",
                "name": "Bank Mandiri",
                "amenity": "atm"
            }
        },
        {
            "type": "Feature",
            "geometry": {
                "type": "Point",
                "coordinates": [
                    112.6142605,
                    -7.9517003
                ]
            },
            "properties": {
                "osm_id": 9766110921,
                "osm_type": "nodes",
                "opening_hours": null,
                "network": null,
                "operator": "BRI",
                "name": "BRI",
                "amenity": "atm"
            }
        },
        {
            "type": "Feature",
            "geometry": {
                "type": "Point",
                "coordinates": [
                    112.6061747,
                    -7.9548678
                ]
            },
            "properties": {
                "osm_id": 9766110927,
                "osm_type": "nodes",
                "opening_hours": null,
                "network": null,
                "operator": "Bank Central Asia",
                "name": "BCA",
                "amenity": "atm"
            }
        },
        {
            "type": "Feature",
            "geometry": {
                "type": "Point",
                "coordinates": [
                    112.606268,
                    -7.9549362
                ]
            },
            "properties": {
                "osm_id": 11126635723,
                "osm_type": "nodes",
                "opening_hours": null,
                "network": null,
                "operator": null,
                "name": "Mixue",
                "amenity": "cafe"
            }
        },
        {
            "type": "Feature",
            "geometry": {
                "type": "Point",
                "coordinates": [
                    112.6097935,
                    -7.9441328
                ]
            },
            "properties": {
                "osm_id": 12946110251,
                "osm_type": "nodes",
                "opening_hours": null,
                "network": null,
                "operator": null,
                "name": "OYI! Buttermilk Chicken",
                "amenity": "fast_food"
            }
        },
        {
            "type": "Feature",
            "geometry": {
                "type": "Point",
                "coordinates": [
                    112.6032818,
                    -7.9642232
                ]
            },
            "properties": {
                "osm_id": 13634742578,
                "osm_type": "nodes",
                "opening_hours": null,
                "network": null,
                "operator": "Bank Mandiri",
                "name": null,
                "amenity": "atm"
            }
        },
        {
            "type": "Feature",
            "geometry": {
                "type": "Point",
                "coordinates": [
                    112.6136776,
                    -7.9677218
                ]
            },
            "properties": {
                "osm_id": 9765999952,
                "osm_type": "nodes",
                "opening_hours": null,
                "network": null,
                "operator": "BRI",
                "name": "BRI",
                "amenity": "atm"
            }
        },
        {
            "type": "Feature",
            "geometry": {
                "type": "Point",
                "coordinates": [
                    112.6166348,
                    -7.9683047
                ]
            },
            "properties": {
                "osm_id": 9766010847,
                "osm_type": "nodes",
                "opening_hours": null,
                "network": null,
                "operator": "BCA",
                "name": "BCA",
                "amenity": "atm"
            }
        },
        {
            "type": "Feature",
            "geometry": {
                "type": "Point",
                "coordinates": [
                    112.6166964,
                    -7.9740867
                ]
            },
            "properties": {
                "osm_id": 12105697898,
                "osm_type": "nodes",
                "opening_hours": null,
                "network": null,
                "operator": null,
                "name": "Mixue",
                "amenity": "cafe"
            }
        },
        {
            "type": "Feature",
            "geometry": {
                "type": "Point",
                "coordinates": [
                    112.6094235,
                    -7.9730731
                ]
            },
            "properties": {
                "osm_id": 13481273928,
                "osm_type": "nodes",
                "opening_hours": null,
                "network": null,
                "operator": null,
                "name": "Depot Raffa Chinese Food",
                "amenity": "restaurant"
            }
        },
        {
            "type": "Feature",
            "geometry": {
                "type": "Point",
                "coordinates": [
                    112.6091694,
                    -7.983435
                ]
            },
            "properties": {
                "osm_id": 12955199215,
                "osm_type": "nodes",
                "opening_hours": null,
                "network": null,
                "operator": null,
                "name": "Mixue",
                "amenity": "cafe"
            }
        },
        {
            "type": "Feature",
            "geometry": {
                "type": "Point",
                "coordinates": [
                    112.6063429,
                    -7.9829163
                ]
            },
            "properties": {
                "osm_id": 13071727780,
                "osm_type": "nodes",
                "opening_hours": null,
                "network": null,
                "operator": null,
                "name": "Nasi Goreng Cak Noe",
                "amenity": "fast_food"
            }
        },
        {
            "type": "Feature",
            "geometry": {
                "type": "Point",
                "coordinates": [
                    112.6056858,
                    -7.9828664
                ]
            },
            "properties": {
                "osm_id": 13071830129,
                "osm_type": "nodes",
                "opening_hours": null,
                "network": null,
                "operator": null,
                "name": "Warung Sate & Gule Kambing Pak Hari",
                "amenity": "restaurant"
            }
        },
        {
            "type": "Feature",
            "geometry": {
                "type": "Point",
                "coordinates": [
                    112.609276,
                    -7.9834658
                ]
            },
            "properties": {
                "osm_id": 13328467181,
                "osm_type": "nodes",
                "opening_hours": null,
                "network": null,
                "operator": null,
                "name": "Omah Babee",
                "amenity": "restaurant"
            }
        },
        {
            "type": "Feature",
            "geometry": {
                "type": "Point",
                "coordinates": [
                    112.6207514,
                    -7.9924234
                ]
            },
            "properties": {
                "osm_id": 12029226155,
                "osm_type": "nodes",
                "opening_hours": null,
                "network": null,
                "operator": null,
                "name": "Domino's",
                "amenity": "fast_food"
            }
        },
        {
            "type": "Feature",
            "geometry": {
                "type": "Point",
                "coordinates": [
                    112.634021,
                    -7.9689249
                ]
            },
            "properties": {
                "osm_id": 12769685801,
                "osm_type": "nodes",
                "opening_hours": null,
                "network": null,
                "operator": null,
                "name": "Bakso Bakar Pak Man",
                "amenity": "fast_food"
            }
        },
        {
            "type": "Feature",
            "geometry": {
                "type": "Point",
                "coordinates": [
                    112.6315957,
                    -7.9758033
                ]
            },
            "properties": {
                "osm_id": 12876437102,
                "osm_type": "nodes",
                "opening_hours": "24 hours",
                "network": null,
                "operator": null,
                "name": "Critasena",
                "amenity": "cafe"
            }
        },
        {
            "type": "Feature",
            "geometry": {
                "type": "Point",
                "coordinates": [
                    112.6354916,
                    -7.9719373
                ]
            },
            "properties": {
                "osm_id": 11499737029,
                "osm_type": "nodes",
                "opening_hours": "Mo, Tu, Th-Su 11:00-19:00",
                "network": null,
                "operator": null,
                "name": "Depot Mie Koh'Oen 5758",
                "amenity": "restaurant"
            }
        },
        {
            "type": "Feature",
            "geometry": {
                "type": "Point",
                "coordinates": [
                    112.6355569,
                    -7.9719274
                ]
            },
            "properties": {
                "osm_id": 11499775196,
                "osm_type": "nodes",
                "opening_hours": null,
                "network": null,
                "operator": "Bank Central Asia",
                "name": "BCA",
                "amenity": "atm"
            }
        },
        {
            "type": "Feature",
            "geometry": {
                "type": "Point",
                "coordinates": [
                    112.6252658,
                    -7.9788408
                ]
            },
            "properties": {
                "osm_id": 12705521148,
                "osm_type": "nodes",
                "opening_hours": null,
                "network": null,
                "operator": null,
                "name": "Mie Setan",
                "amenity": "restaurant"
            }
        },
        {
            "type": "Feature",
            "geometry": {
                "type": "Point",
                "coordinates": [
                    112.6292867,
                    -7.9786636
                ]
            },
            "properties": {
                "osm_id": 12704317737,
                "osm_type": "nodes",
                "opening_hours": null,
                "network": null,
                "operator": null,
                "name": "Oppa Express",
                "amenity": "cafe"
            }
        },
        {
            "type": "Feature",
            "geometry": {
                "type": "Point",
                "coordinates": [
                    112.6293192,
                    -7.9324277
                ]
            },
            "properties": {
                "osm_id": 12633098492,
                "osm_type": "nodes",
                "opening_hours": null,
                "network": null,
                "operator": null,
                "name": "Muraco Headquarter",
                "amenity": "cafe"
            }
        },
        {
            "type": "Feature",
            "geometry": {
                "type": "Point",
                "coordinates": [
                    112.6253954,
                    -7.974302
                ]
            },
            "properties": {
                "osm_id": 12616393909,
                "osm_type": "nodes",
                "opening_hours": null,
                "network": null,
                "operator": null,
                "name": "Depot Semeru",
                "amenity": "restaurant"
            }
        },
        {
            "type": "Feature",
            "geometry": {
                "type": "Point",
                "coordinates": [
                    112.6524227,
                    -7.9222487
                ]
            },
            "properties": {
                "osm_id": 12740819982,
                "osm_type": "nodes",
                "opening_hours": null,
                "network": null,
                "operator": null,
                "name": "Richeese Factory Balearjosari",
                "amenity": "fast_food"
            }
        },
        {
            "type": "Feature",
            "geometry": {
                "type": "Point",
                "coordinates": [
                    112.5929757,
                    -7.9645447
                ]
            },
            "properties": {
                "osm_id": 12170299954,
                "osm_type": "nodes",
                "opening_hours": null,
                "network": null,
                "operator": null,
                "name": "Mixue",
                "amenity": "cafe"
            }
        },
        {
            "type": "Feature",
            "geometry": {
                "type": "Point",
                "coordinates": [
                    112.685886,
                    -7.9548755
                ]
            },
            "properties": {
                "osm_id": 12410957072,
                "osm_type": "nodes",
                "opening_hours": null,
                "network": null,
                "operator": null,
                "name": "Kedai N2",
                "amenity": "restaurant"
            }
        },
        {
            "type": "Feature",
            "geometry": {
                "type": "Point",
                "coordinates": [
                    112.6902239,
                    -7.9527381
                ]
            },
            "properties": {
                "osm_id": 11330682861,
                "osm_type": "nodes",
                "opening_hours": null,
                "network": null,
                "operator": null,
                "name": "Atm BNI",
                "amenity": "atm"
            }
        },
        {
            "type": "Feature",
            "geometry": {
                "type": "Point",
                "coordinates": [
                    112.6670842,
                    -7.9783334
                ]
            },
            "properties": {
                "osm_id": 11265024569,
                "osm_type": "nodes",
                "opening_hours": "Mo-Su 10:00-22:00",
                "network": null,
                "operator": null,
                "name": "Depot 77 Sawojajar Halalan Toyiban",
                "amenity": "restaurant"
            }
        },
        {
            "type": "Feature",
            "geometry": {
                "type": "Point",
                "coordinates": [
                    112.6673645,
                    -7.9720262
                ]
            },
            "properties": {
                "osm_id": 11029993064,
                "osm_type": "nodes",
                "opening_hours": null,
                "network": null,
                "operator": null,
                "name": "Warung Mbak Ani",
                "amenity": "restaurant"
            }
        },
        {
            "type": "Feature",
            "geometry": {
                "type": "Point",
                "coordinates": [
                    112.6728465,
                    -7.9743203
                ]
            },
            "properties": {
                "osm_id": 9801051598,
                "osm_type": "nodes",
                "opening_hours": null,
                "network": null,
                "operator": "BRI",
                "name": "BRI",
                "amenity": "bank"
            }
        },
        {
            "type": "Feature",
            "geometry": {
                "type": "Point",
                "coordinates": [
                    112.6607271,
                    -7.9662945
                ]
            },
            "properties": {
                "osm_id": 13634848020,
                "osm_type": "nodes",
                "opening_hours": null,
                "network": null,
                "operator": "Bank Mandiri",
                "name": null,
                "amenity": "atm"
            }
        },
        {
            "type": "Feature",
            "geometry": {
                "type": "Point",
                "coordinates": [
                    112.6394961,
                    -7.9524465
                ]
            },
            "properties": {
                "osm_id": 1544546804,
                "osm_type": "nodes",
                "opening_hours": null,
                "network": null,
                "operator": null,
                "name": "cofe POM",
                "amenity": "cafe"
            }
        },
        {
            "type": "Feature",
            "geometry": {
                "type": "Point",
                "coordinates": [
                    112.6394673,
                    -7.9525312
                ]
            },
            "properties": {
                "osm_id": 12203556255,
                "osm_type": "nodes",
                "opening_hours": null,
                "network": null,
                "operator": "BNI",
                "name": null,
                "amenity": "atm"
            }
        },
        {
            "type": "Feature",
            "geometry": {
                "type": "Point",
                "coordinates": [
                    112.6394431,
                    -7.9525915
                ]
            },
            "properties": {
                "osm_id": 12203556256,
                "osm_type": "nodes",
                "opening_hours": null,
                "network": null,
                "operator": "Bank Central Asia",
                "name": null,
                "amenity": "atm"
            }
        },
        {
            "type": "Feature",
            "geometry": {
                "type": "Point",
                "coordinates": [
                    112.6395737,
                    -7.9513684
                ]
            },
            "properties": {
                "osm_id": 12203528060,
                "osm_type": "nodes",
                "opening_hours": null,
                "network": null,
                "operator": null,
                "name": "Hot Cui Mie",
                "amenity": "restaurant"
            }
        },
        {
            "type": "Feature",
            "geometry": {
                "type": "Point",
                "coordinates": [
                    112.6397637,
                    -7.9512758
                ]
            },
            "properties": {
                "osm_id": 12203528061,
                "osm_type": "nodes",
                "opening_hours": null,
                "network": null,
                "operator": null,
                "name": "CIMB Niaga Finance",
                "amenity": "bank"
            }
        },
        {
            "type": "Feature",
            "geometry": {
                "type": "Point",
                "coordinates": [
                    112.6397111,
                    -7.9514359
                ]
            },
            "properties": {
                "osm_id": 12203528062,
                "osm_type": "nodes",
                "opening_hours": null,
                "network": null,
                "operator": null,
                "name": "BNI Finance",
                "amenity": "bank"
            }
        },
        {
            "type": "Feature",
            "geometry": {
                "type": "Point",
                "coordinates": [
                    112.6322239,
                    -7.9595556
                ]
            },
            "properties": {
                "osm_id": 12188431256,
                "osm_type": "nodes",
                "opening_hours": null,
                "network": null,
                "operator": null,
                "name": "Miami Chicken",
                "amenity": "fast_food"
            }
        },
        {
            "type": "Feature",
            "geometry": {
                "type": "Point",
                "coordinates": [
                    112.6559988,
                    -7.9582526
                ]
            },
            "properties": {
                "osm_id": 11573032450,
                "osm_type": "nodes",
                "opening_hours": "Mo-Su 07:00-21:30",
                "network": null,
                "operator": null,
                "name": "Kamulyan Tri's Pecel Stall",
                "amenity": "restaurant"
            }
        },
        {
            "type": "Feature",
            "geometry": {
                "type": "Point",
                "coordinates": [
                    112.6560011,
                    -7.9635871
                ]
            },
            "properties": {
                "osm_id": 11051283880,
                "osm_type": "nodes",
                "opening_hours": null,
                "network": null,
                "operator": null,
                "name": "Rumah Masakan Padang Harapan Jaya",
                "amenity": "fast_food"
            }
        },
        {
            "type": "Feature",
            "geometry": {
                "type": "Point",
                "coordinates": [
                    112.6381104,
                    -7.95608
                ]
            },
            "properties": {
                "osm_id": 4170545396,
                "osm_type": "nodes",
                "opening_hours": null,
                "network": null,
                "operator": null,
                "name": "BRI",
                "amenity": "bank"
            }
        },
        {
            "type": "Feature",
            "geometry": {
                "type": "Point",
                "coordinates": [
                    112.6521026,
                    -7.9617077
                ]
            },
            "properties": {
                "osm_id": 1794099521,
                "osm_type": "nodes",
                "opening_hours": null,
                "network": null,
                "operator": "BNI",
                "name": null,
                "amenity": "atm"
            }
        },
        {
            "type": "Feature",
            "geometry": {
                "type": "Point",
                "coordinates": [
                    112.6501249,
                    -7.9608141
                ]
            },
            "properties": {
                "osm_id": 7273526791,
                "osm_type": "nodes",
                "opening_hours": null,
                "network": null,
                "operator": "Bank Mandiri",
                "name": null,
                "amenity": "atm"
            }
        },
        {
            "type": "Feature",
            "geometry": {
                "type": "Point",
                "coordinates": [
                    112.6501447,
                    -7.9608897
                ]
            },
            "properties": {
                "osm_id": 7273526792,
                "osm_type": "nodes",
                "opening_hours": null,
                "network": null,
                "operator": "BNI",
                "name": null,
                "amenity": "atm"
            }
        },
        {
            "type": "Feature",
            "geometry": {
                "type": "Point",
                "coordinates": [
                    112.6379083,
                    -7.957558
                ]
            },
            "properties": {
                "osm_id": 1544238704,
                "osm_type": "nodes",
                "opening_hours": null,
                "network": null,
                "operator": null,
                "name": "gang jangkrik",
                "amenity": "restaurant"
            }
        },
        {
            "type": "Feature",
            "geometry": {
                "type": "Point",
                "coordinates": [
                    112.6394668,
                    -7.951558
                ]
            },
            "properties": {
                "osm_id": 13622725394,
                "osm_type": "nodes",
                "opening_hours": null,
                "network": null,
                "operator": null,
                "name": "Chatime",
                "amenity": "cafe"
            }
        },
        {
            "type": "Feature",
            "geometry": {
                "type": "Point",
                "coordinates": [
                    112.6439014,
                    -7.9576278
                ]
            },
            "properties": {
                "osm_id": 7270985285,
                "osm_type": "nodes",
                "opening_hours": null,
                "network": null,
                "operator": null,
                "name": "Warung Es Campur",
                "amenity": "fast_food"
            }
        },
        {
            "type": "Feature",
            "geometry": {
                "type": "Point",
                "coordinates": [
                    112.6645842,
                    -7.8977972
                ]
            },
            "properties": {
                "osm_id": 8450120067,
                "osm_type": "nodes",
                "opening_hours": "Mo-Fr 08:00-16:00",
                "network": null,
                "operator": null,
                "name": "BRI",
                "amenity": "bank"
            }
        },
        {
            "type": "Feature",
            "geometry": {
                "type": "Point",
                "coordinates": [
                    112.6664755,
                    -7.9264826
                ]
            },
            "properties": {
                "osm_id": 10991768196,
                "osm_type": "nodes",
                "opening_hours": null,
                "network": null,
                "operator": null,
                "name": "Warung Mie Ayam Solo",
                "amenity": "fast_food"
            }
        },
        {
            "type": "Feature",
            "geometry": {
                "type": "Point",
                "coordinates": [
                    112.6096399,
                    -7.9663435
                ]
            },
            "properties": {
                "osm_id": 9768318579,
                "osm_type": "nodes",
                "opening_hours": null,
                "network": null,
                "operator": "Bank Central Asia",
                "name": "BCA",
                "amenity": "atm"
            }
        },
        {
            "type": "Feature",
            "geometry": {
                "type": "Point",
                "coordinates": [
                    112.6094059,
                    -7.9660044
                ]
            },
            "properties": {
                "osm_id": 9768318580,
                "osm_type": "nodes",
                "opening_hours": null,
                "network": null,
                "operator": "Bank Central Asia",
                "name": "BCA",
                "amenity": "atm"
            }
        },
        {
            "type": "Feature",
            "geometry": {
                "type": "Point",
                "coordinates": [
                    112.6096986,
                    -7.9664057
                ]
            },
            "properties": {
                "osm_id": 12599885257,
                "osm_type": "nodes",
                "opening_hours": null,
                "network": null,
                "operator": null,
                "name": "Warmindo Konco Kentel",
                "amenity": "restaurant"
            }
        },
        {
            "type": "Feature",
            "geometry": {
                "type": "Point",
                "coordinates": [
                    112.6225709,
                    -7.9570114
                ]
            },
            "properties": {
                "osm_id": 12800924301,
                "osm_type": "nodes",
                "opening_hours": null,
                "network": null,
                "operator": null,
                "name": null,
                "amenity": "bar"
            }
        },
        {
            "type": "Feature",
            "geometry": {
                "type": "Point",
                "coordinates": [
                    112.6384333,
                    -8.0373341
                ]
            },
            "properties": {
                "osm_id": 11951134175,
                "osm_type": "nodes",
                "opening_hours": null,
                "network": null,
                "operator": null,
                "name": "Akira San Takoyaki Okonomiyaki",
                "amenity": "fast_food"
            }
        },
        {
            "type": "Feature",
            "geometry": {
                "type": "Point",
                "coordinates": [
                    112.6191893,
                    -8.0068343
                ]
            },
            "properties": {
                "osm_id": 9513277097,
                "osm_type": "nodes",
                "opening_hours": null,
                "network": null,
                "operator": "BNI",
                "name": "Atm BNI",
                "amenity": "atm"
            }
        },
        {
            "type": "Feature",
            "geometry": {
                "type": "Point",
                "coordinates": [
                    112.6196038,
                    -8.0087451
                ]
            },
            "properties": {
                "osm_id": 4294364593,
                "osm_type": "nodes",
                "opening_hours": null,
                "network": null,
                "operator": null,
                "name": "Warung Wareg",
                "amenity": "restaurant"
            }
        },
        {
            "type": "Feature",
            "geometry": {
                "type": "Point",
                "coordinates": [
                    112.6282936,
                    -8.0189915
                ]
            },
            "properties": {
                "osm_id": 11043474838,
                "osm_type": "nodes",
                "opening_hours": null,
                "network": null,
                "operator": null,
                "name": "Atm BNI",
                "amenity": "atm"
            }
        },
        {
            "type": "Feature",
            "geometry": {
                "type": "Point",
                "coordinates": [
                    112.6282407,
                    -8.019023
                ]
            },
            "properties": {
                "osm_id": 7294201186,
                "osm_type": "nodes",
                "opening_hours": null,
                "network": null,
                "operator": null,
                "name": "BNI",
                "amenity": "bank"
            }
        },
        {
            "type": "Feature",
            "geometry": {
                "type": "Point",
                "coordinates": [
                    112.6270031,
                    -8.0307265
                ]
            },
            "properties": {
                "osm_id": 13203353444,
                "osm_type": "nodes",
                "opening_hours": null,
                "network": null,
                "operator": null,
                "name": "Martabak Zidane",
                "amenity": "fast_food"
            }
        },
        {
            "type": "Feature",
            "geometry": {
                "type": "Point",
                "coordinates": [
                    112.6285468,
                    -8.0197244
                ]
            },
            "properties": {
                "osm_id": 7341809585,
                "osm_type": "nodes",
                "opening_hours": null,
                "network": null,
                "operator": "Bank Mandiri",
                "name": null,
                "amenity": "atm"
            }
        },
        {
            "type": "Feature",
            "geometry": {
                "type": "Point",
                "coordinates": [
                    112.5834519,
                    -7.9227732
                ]
            },
            "properties": {
                "osm_id": 12773982913,
                "osm_type": "nodes",
                "opening_hours": null,
                "network": null,
                "operator": null,
                "name": "Warung Kasemo \"Pan Java\"",
                "amenity": "restaurant"
            }
        },
        {
            "type": "Feature",
            "geometry": {
                "type": "Point",
                "coordinates": [
                    112.5231731,
                    -7.8698922
                ]
            },
            "properties": {
                "osm_id": 12633133107,
                "osm_type": "nodes",
                "opening_hours": null,
                "network": null,
                "operator": null,
                "name": "Bank BRI KC Batu",
                "amenity": "bank"
            }
        },
        {
            "type": "Feature",
            "geometry": {
                "type": "Point",
                "coordinates": [
                    112.5844959,
                    -7.937976
                ]
            },
            "properties": {
                "osm_id": 12846799003,
                "osm_type": "nodes",
                "opening_hours": null,
                "network": null,
                "operator": null,
                "name": "Milkyland Cafe & Playground",
                "amenity": "cafe"
            }
        },
        {
            "type": "Feature",
            "geometry": {
                "type": "Point",
                "coordinates": [
                    112.6088545,
                    -7.9480074
                ]
            },
            "properties": {
                "osm_id": 12755196650,
                "osm_type": "nodes",
                "opening_hours": "Mo-Su 07:00-22:00",
                "network": null,
                "operator": null,
                "name": "Warung Nasi Matos Bu Kesy",
                "amenity": "restaurant"
            }
        },
        {
            "type": "Feature",
            "geometry": {
                "type": "Point",
                "coordinates": [
                    112.527706,
                    -7.8718733
                ]
            },
            "properties": {
                "osm_id": 12633115899,
                "osm_type": "nodes",
                "opening_hours": null,
                "network": null,
                "operator": null,
                "name": "Bakso Kota Cak Man",
                "amenity": "fast_food"
            }
        },
        {
            "type": "Feature",
            "geometry": {
                "type": "Point",
                "coordinates": [
                    112.5237764,
                    -7.8701074
                ]
            },
            "properties": {
                "osm_id": 12633132218,
                "osm_type": "nodes",
                "opening_hours": null,
                "network": null,
                "operator": null,
                "name": "Atm BCA",
                "amenity": "atm"
            }
        },
        {
            "type": "Feature",
            "geometry": {
                "type": "Point",
                "coordinates": [
                    112.5556733,
                    -7.9424287
                ]
            },
            "properties": {
                "osm_id": 12976071494,
                "osm_type": "nodes",
                "opening_hours": null,
                "network": null,
                "operator": null,
                "name": "Abudancio Coffee & Eatery",
                "amenity": "restaurant"
            }
        },
        {
            "type": "Feature",
            "geometry": {
                "type": "Point",
                "coordinates": [
                    112.5798799,
                    -7.9217349
                ]
            },
            "properties": {
                "osm_id": 6723120495,
                "osm_type": "nodes",
                "opening_hours": null,
                "network": null,
                "operator": null,
                "name": "Pamenang cafe",
                "amenity": "cafe"
            }
        },
        {
            "type": "Feature",
            "geometry": {
                "type": "Point",
                "coordinates": [
                    112.6427081,
                    -8.0341702
                ]
            },
            "properties": {
                "osm_id": 11951123902,
                "osm_type": "nodes",
                "opening_hours": null,
                "network": null,
                "operator": null,
                "name": "Kayungyun & Resto",
                "amenity": "fast_food"
            }
        },
        {
            "type": "Feature",
            "geometry": {
                "type": "Point",
                "coordinates": [
                    112.636055,
                    -8.036809
                ]
            },
            "properties": {
                "osm_id": 11722272191,
                "osm_type": "nodes",
                "opening_hours": null,
                "network": null,
                "operator": null,
                "name": "Warung Prasmanan Kamelia Kedungkandang",
                "amenity": "fast_food"
            }
        },
        {
            "type": "Feature",
            "geometry": {
                "type": "Point",
                "coordinates": [
                    112.6339773,
                    -8.0244842
                ]
            },
            "properties": {
                "osm_id": 11574665039,
                "osm_type": "nodes",
                "opening_hours": null,
                "network": null,
                "operator": null,
                "name": "Kayungyun",
                "amenity": "fast_food"
            }
        },
        {
            "type": "Feature",
            "geometry": {
                "type": "Point",
                "coordinates": [
                    112.597484,
                    -7.9791307
                ]
            },
            "properties": {
                "osm_id": 12137107307,
                "osm_type": "nodes",
                "opening_hours": null,
                "network": null,
                "operator": null,
                "name": null,
                "amenity": "fast_food"
            }
        },
        {
            "type": "Feature",
            "geometry": {
                "type": "Point",
                "coordinates": [
                    112.5918581,
                    -7.9764617
                ]
            },
            "properties": {
                "osm_id": 12106556382,
                "osm_type": "nodes",
                "opening_hours": null,
                "network": null,
                "operator": null,
                "name": "Lalapan Mama Sisca",
                "amenity": "restaurant"
            }
        },
        {
            "type": "Feature",
            "geometry": {
                "type": "Point",
                "coordinates": [
                    112.5974425,
                    -7.979182
                ]
            },
            "properties": {
                "osm_id": 12106630688,
                "osm_type": "nodes",
                "opening_hours": null,
                "network": "ATM Bersama",
                "operator": null,
                "name": null,
                "amenity": "atm"
            }
        },
        {
            "type": "Feature",
            "geometry": {
                "type": "Point",
                "coordinates": [
                    112.6029106,
                    -7.9822233
                ]
            },
            "properties": {
                "osm_id": 12277033741,
                "osm_type": "nodes",
                "opening_hours": null,
                "network": null,
                "operator": null,
                "name": "Teras BRI",
                "amenity": "bank"
            }
        },
        {
            "type": "Feature",
            "geometry": {
                "type": "Point",
                "coordinates": [
                    112.5986835,
                    -7.9796589
                ]
            },
            "properties": {
                "osm_id": 12138514927,
                "osm_type": "nodes",
                "opening_hours": null,
                "network": null,
                "operator": null,
                "name": "Warung Bu Laseni",
                "amenity": "restaurant"
            }
        },
        {
            "type": "Feature",
            "geometry": {
                "type": "Point",
                "coordinates": [
                    112.6034114,
                    -7.9822666
                ]
            },
            "properties": {
                "osm_id": 13071727779,
                "osm_type": "nodes",
                "opening_hours": null,
                "network": null,
                "operator": null,
                "name": null,
                "amenity": "fast_food"
            }
        },
        {
            "type": "Feature",
            "geometry": {
                "type": "Point",
                "coordinates": [
                    112.605995,
                    -7.9828486
                ]
            },
            "properties": {
                "osm_id": 13105291615,
                "osm_type": "nodes",
                "opening_hours": null,
                "network": null,
                "operator": null,
                "name": null,
                "amenity": "fast_food"
            }
        },
        {
            "type": "Feature",
            "geometry": {
                "type": "Point",
                "coordinates": [
                    112.675683,
                    -7.9377394
                ]
            },
            "properties": {
                "osm_id": 11081907469,
                "osm_type": "nodes",
                "opening_hours": null,
                "network": null,
                "operator": null,
                "name": "Warung mie Ayam Jakarta Dan Bakso Barokah Jaya",
                "amenity": "fast_food"
            }
        },
        {
            "type": "Feature",
            "geometry": {
                "type": "Point",
                "coordinates": [
                    112.5989974,
                    -7.9591078
                ]
            },
            "properties": {
                "osm_id": 12243634367,
                "osm_type": "nodes",
                "opening_hours": null,
                "network": null,
                "operator": null,
                "name": "Geprek Sa'i",
                "amenity": "restaurant"
            }
        },
        {
            "type": "Feature",
            "geometry": {
                "type": "Point",
                "coordinates": [
                    112.6188263,
                    -7.9563633
                ]
            },
            "properties": {
                "osm_id": 9766046130,
                "osm_type": "nodes",
                "opening_hours": null,
                "network": null,
                "operator": "Bank Mandiri",
                "name": "Bank Mandiri",
                "amenity": "atm"
            }
        },
        {
            "type": "Feature",
            "geometry": {
                "type": "Point",
                "coordinates": [
                    112.6107049,
                    -7.9579576
                ]
            },
            "properties": {
                "osm_id": 12027021069,
                "osm_type": "nodes",
                "opening_hours": null,
                "network": null,
                "operator": null,
                "name": "Soto Gunung Mbah Djie",
                "amenity": "restaurant"
            }
        },
        {
            "type": "Feature",
            "geometry": {
                "type": "Point",
                "coordinates": [
                    112.6065554,
                    -7.9576662
                ]
            },
            "properties": {
                "osm_id": 12027030271,
                "osm_type": "nodes",
                "opening_hours": null,
                "network": null,
                "operator": null,
                "name": "Beken - Bebek Kendang",
                "amenity": "restaurant"
            }
        },
        {
            "type": "Feature",
            "geometry": {
                "type": "Point",
                "coordinates": [
                    112.5992055,
                    -7.9595559
                ]
            },
            "properties": {
                "osm_id": 11044241562,
                "osm_type": "nodes",
                "opening_hours": null,
                "network": null,
                "operator": null,
                "name": "ATM BCA Alfamart",
                "amenity": "atm"
            }
        },
        {
            "type": "Feature",
            "geometry": {
                "type": "Point",
                "coordinates": [
                    112.6089307,
                    -7.9515155
                ]
            },
            "properties": {
                "osm_id": 9769655950,
                "osm_type": "nodes",
                "opening_hours": null,
                "network": null,
                "operator": "BTN",
                "name": "BTN",
                "amenity": "atm"
            }
        },
        {
            "type": "Feature",
            "geometry": {
                "type": "Point",
                "coordinates": [
                    112.6252093,
                    -7.9646304
                ]
            },
            "properties": {
                "osm_id": 9769604217,
                "osm_type": "nodes",
                "opening_hours": null,
                "network": null,
                "operator": null,
                "name": "Starbucks",
                "amenity": "cafe"
            }
        },
        {
            "type": "Feature",
            "geometry": {
                "type": "Point",
                "coordinates": [
                    112.6210363,
                    -7.9617692
                ]
            },
            "properties": {
                "osm_id": 3958582258,
                "osm_type": "nodes",
                "opening_hours": null,
                "network": null,
                "operator": null,
                "name": "DW Coffee Shop",
                "amenity": "cafe"
            }
        },
        {
            "type": "Feature",
            "geometry": {
                "type": "Point",
                "coordinates": [
                    112.6245887,
                    -7.9652172
                ]
            },
            "properties": {
                "osm_id": 13072691676,
                "osm_type": "nodes",
                "opening_hours": null,
                "network": null,
                "operator": "Bank Mandiri",
                "name": null,
                "amenity": "atm"
            }
        },
        {
            "type": "Feature",
            "geometry": {
                "type": "Point",
                "coordinates": [
                    112.6202153,
                    -7.9648448
                ]
            },
            "properties": {
                "osm_id": 5914020905,
                "osm_type": "nodes",
                "opening_hours": null,
                "network": null,
                "operator": null,
                "name": "Coffee Toffee",
                "amenity": "cafe"
            }
        },
        {
            "type": "Feature",
            "geometry": {
                "type": "Point",
                "coordinates": [
                    112.6067701,
                    -7.9532663
                ]
            },
            "properties": {
                "osm_id": 6746341686,
                "osm_type": "nodes",
                "opening_hours": null,
                "network": null,
                "operator": null,
                "name": "Nasi Uduk Ayam Bakar Madu",
                "amenity": "cafe"
            }
        },
        {
            "type": "Feature",
            "geometry": {
                "type": "Point",
                "coordinates": [
                    112.5261745,
                    -7.8707255
                ]
            },
            "properties": {
                "osm_id": 12477883283,
                "osm_type": "nodes",
                "opening_hours": null,
                "network": null,
                "operator": null,
                "name": "Kopi Siippp Toast",
                "amenity": "fast_food"
            }
        },
        {
            "type": "Feature",
            "geometry": {
                "type": "Point",
                "coordinates": [
                    112.5343288,
                    -7.8791778
                ]
            },
            "properties": {
                "osm_id": 11152288923,
                "osm_type": "nodes",
                "opening_hours": null,
                "network": null,
                "operator": null,
                "name": "Bakso Arief 354",
                "amenity": "fast_food"
            }
        },
        {
            "type": "Feature",
            "geometry": {
                "type": "Point",
                "coordinates": [
                    112.5334249,
                    -7.8795768
                ]
            },
            "properties": {
                "osm_id": 11152274789,
                "osm_type": "nodes",
                "opening_hours": null,
                "network": null,
                "operator": null,
                "name": "Martabak Hawaii",
                "amenity": "fast_food"
            }
        },
        {
            "type": "Feature",
            "geometry": {
                "type": "Point",
                "coordinates": [
                    112.5189666,
                    -7.8684452
                ]
            },
            "properties": {
                "osm_id": 4057585688,
                "osm_type": "nodes",
                "opening_hours": null,
                "network": null,
                "operator": null,
                "name": "Burger Buto",
                "amenity": "fast_food"
            }
        },
        {
            "type": "Feature",
            "geometry": {
                "type": "Point",
                "coordinates": [
                    112.5304404,
                    -7.874598
                ]
            },
            "properties": {
                "osm_id": 4057590133,
                "osm_type": "nodes",
                "opening_hours": null,
                "network": null,
                "operator": null,
                "name": "Racel Risol",
                "amenity": "cafe"
            }
        },
        {
            "type": "Feature",
            "geometry": {
                "type": "Point",
                "coordinates": [
                    112.5107783,
                    -7.8663558
                ]
            },
            "properties": {
                "osm_id": 4057487440,
                "osm_type": "nodes",
                "opening_hours": null,
                "network": null,
                "operator": null,
                "name": "Yoenoes Roti Bakar",
                "amenity": "fast_food"
            }
        },
        {
            "type": "Feature",
            "geometry": {
                "type": "Point",
                "coordinates": [
                    112.5158601,
                    -7.8679256
                ]
            },
            "properties": {
                "osm_id": 4057487445,
                "osm_type": "nodes",
                "opening_hours": null,
                "network": null,
                "operator": "Bank Mandiri",
                "name": "ATM Mandiri",
                "amenity": "atm"
            }
        },
        {
            "type": "Feature",
            "geometry": {
                "type": "Point",
                "coordinates": [
                    112.5240515,
                    -7.8712206
                ]
            },
            "properties": {
                "osm_id": 1543933680,
                "osm_type": "nodes",
                "opening_hours": null,
                "network": null,
                "operator": null,
                "name": "pasar sore",
                "amenity": "fast_food"
            }
        },
        {
            "type": "Feature",
            "geometry": {
                "type": "Point",
                "coordinates": [
                    112.5157455,
                    -7.8634777
                ]
            },
            "properties": {
                "osm_id": 6515248585,
                "osm_type": "nodes",
                "opening_hours": null,
                "network": null,
                "operator": null,
                "name": "Chocolate",
                "amenity": "cafe"
            }
        },
        {
            "type": "Feature",
            "geometry": {
                "type": "Point",
                "coordinates": [
                    112.5191702,
                    -7.8706145
                ]
            },
            "properties": {
                "osm_id": 7254631685,
                "osm_type": "nodes",
                "opening_hours": null,
                "network": null,
                "operator": null,
                "name": "omah kitir",
                "amenity": "cafe"
            }
        },
        {
            "type": "Feature",
            "geometry": {
                "type": "Point",
                "coordinates": [
                    112.5195625,
                    -7.8704375
                ]
            },
            "properties": {
                "osm_id": 7254649685,
                "osm_type": "nodes",
                "opening_hours": null,
                "network": null,
                "operator": null,
                "name": "nasi pecel murah raden",
                "amenity": "restaurant"
            }
        },
        {
            "type": "Feature",
            "geometry": {
                "type": "Point",
                "coordinates": [
                    112.5196362,
                    -7.9015193
                ]
            },
            "properties": {
                "osm_id": 7082665685,
                "osm_type": "nodes",
                "opening_hours": null,
                "network": null,
                "operator": null,
                "name": "Batok Coffee",
                "amenity": "cafe"
            }
        },
        {
            "type": "Feature",
            "geometry": {
                "type": "Polygon",
                "coordinates": [
                    [
                        [
                            112.6290097,
                            -7.9766341
                        ],
                        [
                            112.6292833,
                            -7.9766513
                        ],
                        [
                            112.6292846,
                            -7.976581
                        ],
                        [
                            112.629068,
                            -7.9765644
                        ],
                        [
                            112.6290707,
                            -7.9765106
                        ],
                        [
                            112.6290171,
                            -7.9765079
                        ],
                        [
                            112.6290097,
                            -7.9766341
                        ]
                    ]
                ]
            },
            "properties": {
                "osm_id": 632045288,
                "osm_type": "ways_poly",
                "opening_hours": null,
                "network": null,
                "operator": null,
                "name": "Commonwealth Bank",
                "amenity": "bank"
            }
        },
        {
            "type": "Feature",
            "geometry": {
                "type": "Polygon",
                "coordinates": [
                    [
                        [
                            112.6127658,
                            -7.9729469
                        ],
                        [
                            112.6128951,
                            -7.9729533
                        ],
                        [
                            112.6129033,
                            -7.972816
                        ],
                        [
                            112.6127734,
                            -7.972807
                        ],
                        [
                            112.6127658,
                            -7.9729469
                        ]
                    ]
                ]
            },
            "properties": {
                "osm_id": 325122967,
                "osm_type": "ways_poly",
                "opening_hours": null,
                "network": null,
                "operator": null,
                "name": "Kedai Ciamso",
                "amenity": "restaurant"
            }
        },
        {
            "type": "Feature",
            "geometry": {
                "type": "Polygon",
                "coordinates": [
                    [
                        [
                            112.6195688,
                            -7.9756027
                        ],
                        [
                            112.6196148,
                            -7.9756244
                        ],
                        [
                            112.6196266,
                            -7.9755987
                        ],
                        [
                            112.6196805,
                            -7.9754815
                        ],
                        [
                            112.6196357,
                            -7.9754627
                        ],
                        [
                            112.6195688,
                            -7.9756027
                        ]
                    ]
                ]
            },
            "properties": {
                "osm_id": 1363007087,
                "osm_type": "ways_poly",
                "opening_hours": null,
                "network": null,
                "operator": null,
                "name": "Kopi Kenangan",
                "amenity": "cafe"
            }
        },
        {
            "type": "Feature",
            "geometry": {
                "type": "Polygon",
                "coordinates": [
                    [
                        [
                            112.617037,
                            -7.9732052
                        ],
                        [
                            112.6170488,
                            -7.9732376
                        ],
                        [
                            112.6171788,
                            -7.9731845
                        ],
                        [
                            112.6171737,
                            -7.9731513
                        ],
                        [
                            112.6170438,
                            -7.9732025
                        ],
                        [
                            112.617037,
                            -7.9732052
                        ]
                    ]
                ]
            },
            "properties": {
                "osm_id": 1460191712,
                "osm_type": "ways_poly",
                "opening_hours": null,
                "network": null,
                "operator": null,
                "name": "Djawara",
                "amenity": "cafe"
            }
        },
        {
            "type": "Feature",
            "geometry": {
                "type": "Polygon",
                "coordinates": [
                    [
                        [
                            112.619184,
                            -7.9755067
                        ],
                        [
                            112.6192194,
                            -7.9755213
                        ],
                        [
                            112.619235,
                            -7.9754842
                        ],
                        [
                            112.6193023,
                            -7.9753224
                        ],
                        [
                            112.6192643,
                            -7.9753069
                        ],
                        [
                            112.6191898,
                            -7.9754921
                        ],
                        [
                            112.619184,
                            -7.9755067
                        ]
                    ]
                ]
            },
            "properties": {
                "osm_id": 1363007090,
                "osm_type": "ways_poly",
                "opening_hours": "Mo-Su 09:00-21:00",
                "network": null,
                "operator": null,
                "name": "Depot Gang Djangkrik",
                "amenity": "restaurant"
            }
        },
        {
            "type": "Feature",
            "geometry": {
                "type": "Polygon",
                "coordinates": [
                    [
                        [
                            112.6155904,
                            -7.9556521
                        ],
                        [
                            112.6156915,
                            -7.955696
                        ],
                        [
                            112.6157779,
                            -7.9557325
                        ],
                        [
                            112.6158277,
                            -7.9556296
                        ],
                        [
                            112.6158901,
                            -7.9555042
                        ],
                        [
                            112.6156573,
                            -7.955395
                        ],
                        [
                            112.6156026,
                            -7.9554971
                        ],
                        [
                            112.6156573,
                            -7.9555197
                        ],
                        [
                            112.6155904,
                            -7.9556521
                        ]
                    ]
                ]
            },
            "properties": {
                "osm_id": 395819951,
                "osm_type": "ways_poly",
                "opening_hours": null,
                "network": null,
                "operator": null,
                "name": "BNI",
                "amenity": "bank"
            }
        },
        {
            "type": "Feature",
            "geometry": {
                "type": "Polygon",
                "coordinates": [
                    [
                        [
                            112.6199374,
                            -7.9758003
                        ],
                        [
                            112.61997,
                            -7.975818
                        ],
                        [
                            112.6199748,
                            -7.97581
                        ],
                        [
                            112.6200653,
                            -7.9756593
                        ],
                        [
                            112.6200243,
                            -7.9756389
                        ],
                        [
                            112.6199374,
                            -7.9758003
                        ]
                    ]
                ]
            },
            "properties": {
                "osm_id": 1370486097,
                "osm_type": "ways_poly",
                "opening_hours": "Mo-Su 06:00-17:30",
                "network": null,
                "operator": null,
                "name": "Pecel Kawi Hj. Musilah",
                "amenity": "restaurant"
            }
        },
        {
            "type": "Feature",
            "geometry": {
                "type": "Polygon",
                "coordinates": [
                    [
                        [
                            112.6156773,
                            -7.9731432
                        ],
                        [
                            112.6157447,
                            -7.9731612
                        ],
                        [
                            112.6157682,
                            -7.9730929
                        ],
                        [
                            112.6158136,
                            -7.9731072
                        ],
                        [
                            112.6158249,
                            -7.9730755
                        ],
                        [
                            112.6158587,
                            -7.9730846
                        ],
                        [
                            112.6158713,
                            -7.9730423
                        ],
                        [
                            112.6157323,
                            -7.9729968
                        ],
                        [
                            112.6156874,
                            -7.9731168
                        ],
                        [
                            112.6156773,
                            -7.9731432
                        ]
                    ]
                ]
            },
            "properties": {
                "osm_id": 1408709973,
                "osm_type": "ways_poly",
                "opening_hours": null,
                "network": null,
                "operator": null,
                "name": "Potre Koneng Ayam Kremes Madura",
                "amenity": "restaurant"
            }
        },
        {
            "type": "Feature",
            "geometry": {
                "type": "Polygon",
                "coordinates": [
                    [
                        [
                            112.613913,
                            -7.9795548
                        ],
                        [
                            112.6139275,
                            -7.9795763
                        ],
                        [
                            112.6139479,
                            -7.9795809
                        ],
                        [
                            112.614014,
                            -7.9795369
                        ],
                        [
                            112.6140044,
                            -7.9795225
                        ],
                        [
                            112.6139913,
                            -7.9795034
                        ],
                        [
                            112.613913,
                            -7.9795548
                        ]
                    ]
                ]
            },
            "properties": {
                "osm_id": 1427037694,
                "osm_type": "ways_poly",
                "opening_hours": null,
                "network": null,
                "operator": null,
                "name": "Mie Ayam & Bakso Solo Pak Jarot",
                "amenity": "restaurant"
            }
        },
        {
            "type": "Feature",
            "geometry": {
                "type": "Polygon",
                "coordinates": [
                    [
                        [
                            112.6145987,
                            -7.9825447
                        ],
                        [
                            112.6147286,
                            -7.9825766
                        ],
                        [
                            112.6147344,
                            -7.9825545
                        ],
                        [
                            112.6146039,
                            -7.9825217
                        ],
                        [
                            112.6145987,
                            -7.9825447
                        ]
                    ]
                ]
            },
            "properties": {
                "osm_id": 1459477923,
                "osm_type": "ways_poly",
                "opening_hours": null,
                "network": null,
                "operator": null,
                "name": "Warung Langsep",
                "amenity": "restaurant"
            }
        },
        {
            "type": "Feature",
            "geometry": {
                "type": "Polygon",
                "coordinates": [
                    [
                        [
                            112.6169256,
                            -7.9729493
                        ],
                        [
                            112.6169476,
                            -7.9730004
                        ],
                        [
                            112.6170748,
                            -7.9729425
                        ],
                        [
                            112.61707,
                            -7.9729323
                        ],
                        [
                            112.6170509,
                            -7.9728931
                        ],
                        [
                            112.6170422,
                            -7.9728972
                        ],
                        [
                            112.6169256,
                            -7.9729493
                        ]
                    ]
                ]
            },
            "properties": {
                "osm_id": 1460191703,
                "osm_type": "ways_poly",
                "opening_hours": null,
                "network": null,
                "operator": null,
                "name": "Sambal Bakar Sultan",
                "amenity": "restaurant"
            }
        },
        {
            "type": "Feature",
            "geometry": {
                "type": "Polygon",
                "coordinates": [
                    [
                        [
                            112.6160361,
                            -7.9743576
                        ],
                        [
                            112.6161047,
                            -7.9743769
                        ],
                        [
                            112.6161103,
                            -7.9743574
                        ],
                        [
                            112.6160805,
                            -7.9743423
                        ],
                        [
                            112.6161025,
                            -7.9743024
                        ],
                        [
                            112.6161225,
                            -7.9743157
                        ],
                        [
                            112.6161421,
                            -7.9743283
                        ],
                        [
                            112.6161662,
                            -7.9743441
                        ],
                        [
                            112.6162706,
                            -7.9741866
                        ],
                        [
                            112.6161743,
                            -7.9741252
                        ],
                        [
                            112.6160754,
                            -7.9742916
                        ],
                        [
                            112.6160438,
                            -7.9743448
                        ],
                        [
                            112.6160361,
                            -7.9743576
                        ]
                    ]
                ]
            },
            "properties": {
                "osm_id": 948487394,
                "osm_type": "ways_poly",
                "opening_hours": null,
                "network": null,
                "operator": null,
                "name": "Kopi Ortu",
                "amenity": "cafe"
            }
        },
        {
            "type": "Feature",
            "geometry": {
                "type": "Polygon",
                "coordinates": [
                    [
                        [
                            112.6112093,
                            -7.9789862
                        ],
                        [
                            112.6112289,
                            -7.9789938
                        ],
                        [
                            112.6113605,
                            -7.9790445
                        ],
                        [
                            112.611392,
                            -7.9789516
                        ],
                        [
                            112.6112415,
                            -7.9788946
                        ],
                        [
                            112.6112093,
                            -7.9789862
                        ]
                    ]
                ]
            },
            "properties": {
                "osm_id": 1408486382,
                "osm_type": "ways_poly",
                "opening_hours": null,
                "network": null,
                "operator": null,
                "name": "Sego Sambel Cak Uut",
                "amenity": "restaurant"
            }
        },
        {
            "type": "Feature",
            "geometry": {
                "type": "Polygon",
                "coordinates": [
                    [
                        [
                            112.6123551,
                            -7.9729633
                        ],
                        [
                            112.6123902,
                            -7.9729642
                        ],
                        [
                            112.6123889,
                            -7.9729931
                        ],
                        [
                            112.6124857,
                            -7.9729966
                        ],
                        [
                            112.6124874,
                            -7.9729669
                        ],
                        [
                            112.6125237,
                            -7.9729698
                        ],
                        [
                            112.6125427,
                            -7.9726982
                        ],
                        [
                            112.6123678,
                            -7.9726875
                        ],
                        [
                            112.6123551,
                            -7.9729633
                        ]
                    ]
                ]
            },
            "properties": {
                "osm_id": 325122963,
                "osm_type": "ways_poly",
                "opening_hours": "10:00+",
                "network": null,
                "operator": null,
                "name": "SA Asli Masakan Padang",
                "amenity": "restaurant"
            }
        },
        {
            "type": "Feature",
            "geometry": {
                "type": "Polygon",
                "coordinates": [
                    [
                        [
                            112.6172841,
                            -7.9477546
                        ],
                        [
                            112.6174481,
                            -7.9478408
                        ],
                        [
                            112.6174913,
                            -7.9477592
                        ],
                        [
                            112.6174445,
                            -7.9477305
                        ],
                        [
                            112.6174616,
                            -7.9476959
                        ],
                        [
                            112.6173599,
                            -7.9476414
                        ],
                        [
                            112.6173272,
                            -7.947706
                        ],
                        [
                            112.6173168,
                            -7.9476985
                        ],
                        [
                            112.6172841,
                            -7.9477546
                        ]
                    ]
                ]
            },
            "properties": {
                "osm_id": 424127265,
                "osm_type": "ways_poly",
                "opening_hours": null,
                "network": null,
                "operator": null,
                "name": "Excelso",
                "amenity": "fast_food"
            }
        },
        {
            "type": "Feature",
            "geometry": {
                "type": "Polygon",
                "coordinates": [
                    [
                        [
                            112.6215409,
                            -7.9437203
                        ],
                        [
                            112.6216267,
                            -7.943764
                        ],
                        [
                            112.6217379,
                            -7.9435569
                        ],
                        [
                            112.6216365,
                            -7.9435116
                        ],
                        [
                            112.6215409,
                            -7.9437203
                        ]
                    ]
                ]
            },
            "properties": {
                "osm_id": 1424323441,
                "osm_type": "ways_poly",
                "opening_hours": null,
                "network": null,
                "operator": null,
                "name": "Mie Gacoan",
                "amenity": "restaurant"
            }
        },
        {
            "type": "Feature",
            "geometry": {
                "type": "Polygon",
                "coordinates": [
                    [
                        [
                            112.6176471,
                            -7.9472803
                        ],
                        [
                            112.6178006,
                            -7.9473556
                        ],
                        [
                            112.6178126,
                            -7.9473321
                        ],
                        [
                            112.617828,
                            -7.9473413
                        ],
                        [
                            112.6178677,
                            -7.947274
                        ],
                        [
                            112.6178789,
                            -7.9472779
                        ],
                        [
                            112.6179129,
                            -7.9472151
                        ],
                        [
                            112.6178742,
                            -7.9471932
                        ],
                        [
                            112.617897,
                            -7.9471535
                        ],
                        [
                            112.6177646,
                            -7.9470906
                        ],
                        [
                            112.6177506,
                            -7.9471163
                        ],
                        [
                            112.6177365,
                            -7.9471099
                        ],
                        [
                            112.6176471,
                            -7.9472803
                        ]
                    ]
                ]
            },
            "properties": {
                "osm_id": 1460000695,
                "osm_type": "ways_poly",
                "opening_hours": null,
                "network": null,
                "operator": null,
                "name": "BRI",
                "amenity": "bank"
            }
        },
        {
            "type": "Feature",
            "geometry": {
                "type": "Polygon",
                "coordinates": [
                    [
                        [
                            112.6246605,
                            -7.936268
                        ],
                        [
                            112.6248718,
                            -7.9363847
                        ],
                        [
                            112.6249551,
                            -7.9362373
                        ],
                        [
                            112.6247393,
                            -7.9361221
                        ],
                        [
                            112.624731,
                            -7.9361376
                        ],
                        [
                            112.6246893,
                            -7.9362146
                        ],
                        [
                            112.6246605,
                            -7.936268
                        ]
                    ]
                ]
            },
            "properties": {
                "osm_id": 1467827854,
                "osm_type": "ways_poly",
                "opening_hours": null,
                "network": null,
                "operator": null,
                "name": "Nakoa",
                "amenity": "cafe"
            }
        },
        {
            "type": "Feature",
            "geometry": {
                "type": "Polygon",
                "coordinates": [
                    [
                        [
                            112.6345992,
                            -7.9733805
                        ],
                        [
                            112.6346836,
                            -7.9734092
                        ],
                        [
                            112.634702,
                            -7.9733608
                        ],
                        [
                            112.6346453,
                            -7.9733388
                        ],
                        [
                            112.6346103,
                            -7.973356
                        ],
                        [
                            112.6345992,
                            -7.9733805
                        ]
                    ]
                ]
            },
            "properties": {
                "osm_id": 1463952952,
                "osm_type": "ways_poly",
                "opening_hours": null,
                "network": null,
                "operator": null,
                "name": "Legi Pait",
                "amenity": "cafe"
            }
        },
        {
            "type": "Feature",
            "geometry": {
                "type": "Polygon",
                "coordinates": [
                    [
                        [
                            112.6356204,
                            -7.9736165
                        ],
                        [
                            112.6356249,
                            -7.973719
                        ],
                        [
                            112.6356407,
                            -7.9737185
                        ],
                        [
                            112.635635,
                            -7.9736154
                        ],
                        [
                            112.6356204,
                            -7.9736165
                        ]
                    ]
                ]
            },
            "properties": {
                "osm_id": 1463952955,
                "osm_type": "ways_poly",
                "opening_hours": null,
                "network": null,
                "operator": null,
                "name": "Sei Babi & Sate Babi Flobamora",
                "amenity": "restaurant"
            }
        },
        {
            "type": "Feature",
            "geometry": {
                "type": "Polygon",
                "coordinates": [
                    [
                        [
                            112.6157779,
                            -7.9557325
                        ],
                        [
                            112.616002,
                            -7.9558353
                        ],
                        [
                            112.6160405,
                            -7.9557517
                        ],
                        [
                            112.6160776,
                            -7.9557695
                        ],
                        [
                            112.6161722,
                            -7.9556426
                        ],
                        [
                            112.6161227,
                            -7.9556188
                        ],
                        [
                            112.6161296,
                            -7.955606
                        ],
                        [
                            112.6158951,
                            -7.9554931
                        ],
                        [
                            112.6158901,
                            -7.9555042
                        ],
                        [
                            112.6157779,
                            -7.9557325
                        ]
                    ]
                ]
            },
            "properties": {
                "osm_id": 403028545,
                "osm_type": "ways_poly",
                "opening_hours": null,
                "network": null,
                "operator": null,
                "name": "Bank Central Asia",
                "amenity": "bank"
            }
        },
        {
            "type": "Feature",
            "geometry": {
                "type": "Polygon",
                "coordinates": [
                    [
                        [
                            112.625927,
                            -7.9857057
                        ],
                        [
                            112.6259997,
                            -7.9857394
                        ],
                        [
                            112.6260524,
                            -7.9856229
                        ],
                        [
                            112.6259778,
                            -7.9855917
                        ],
                        [
                            112.625927,
                            -7.9857057
                        ]
                    ]
                ]
            },
            "properties": {
                "osm_id": 1454415114,
                "osm_type": "ways_poly",
                "opening_hours": null,
                "network": null,
                "operator": null,
                "name": "Warung Kiroman",
                "amenity": "restaurant"
            }
        },
        {
            "type": "Feature",
            "geometry": {
                "type": "Polygon",
                "coordinates": [
                    [
                        [
                            112.6097279,
                            -7.9733976
                        ],
                        [
                            112.6098611,
                            -7.9734302
                        ],
                        [
                            112.6098981,
                            -7.9731714
                        ],
                        [
                            112.6097621,
                            -7.9731528
                        ],
                        [
                            112.6097279,
                            -7.9733976
                        ]
                    ]
                ]
            },
            "properties": {
                "osm_id": 1314193118,
                "osm_type": "ways_poly",
                "opening_hours": null,
                "network": null,
                "operator": null,
                "name": "Almaz",
                "amenity": "fast_food"
            }
        },
        {
            "type": "Feature",
            "geometry": {
                "type": "Polygon",
                "coordinates": [
                    [
                        [
                            112.6383966,
                            -7.9679909
                        ],
                        [
                            112.6383972,
                            -7.9680401
                        ],
                        [
                            112.6384458,
                            -7.9680401
                        ],
                        [
                            112.6384458,
                            -7.9680155
                        ],
                        [
                            112.6385265,
                            -7.9680144
                        ],
                        [
                            112.6385263,
                            -7.967997
                        ],
                        [
                            112.6385456,
                            -7.9679969
                        ],
                        [
                            112.6385622,
                            -7.9679967
                        ],
                        [
                            112.6385603,
                            -7.9679188
                        ],
                        [
                            112.6385446,
                            -7.9679192
                        ],
                        [
                            112.638527,
                            -7.9679195
                        ],
                        [
                            112.6385254,
                            -7.9678495
                        ],
                        [
                            112.6384811,
                            -7.9678497
                        ],
                        [
                            112.6384801,
                            -7.9677983
                        ],
                        [
                            112.6384795,
                            -7.9677784
                        ],
                        [
                            112.6384306,
                            -7.9677777
                        ],
                        [
                            112.6384305,
                            -7.9677986
                        ],
                        [
                            112.6384311,
                            -7.9678183
                        ],
                        [
                            112.6384062,
                            -7.967819
                        ],
                        [
                            112.6384107,
                            -7.9679903
                        ],
                        [
                            112.6383966,
                            -7.9679909
                        ]
                    ]
                ]
            },
            "properties": {
                "osm_id": 1459764742,
                "osm_type": "ways_poly",
                "opening_hours": null,
                "network": null,
                "operator": null,
                "name": "Starbucks",
                "amenity": "cafe"
            }
        },
        {
            "type": "Feature",
            "geometry": {
                "type": "Polygon",
                "coordinates": [
                    [
                        [
                            112.6391286,
                            -7.9847384
                        ],
                        [
                            112.6391747,
                            -7.9847689
                        ],
                        [
                            112.6391928,
                            -7.9846469
                        ],
                        [
                            112.6391286,
                            -7.9847384
                        ]
                    ]
                ]
            },
            "properties": {
                "osm_id": 1481319692,
                "osm_type": "ways_poly",
                "opening_hours": null,
                "network": null,
                "operator": null,
                "name": "Den | Dew",
                "amenity": "cafe"
            }
        },
        {
            "type": "Feature",
            "geometry": {
                "type": "Polygon",
                "coordinates": [
                    [
                        [
                            112.6334993,
                            -7.9846582
                        ],
                        [
                            112.6337925,
                            -7.9847442
                        ],
                        [
                            112.6338344,
                            -7.9846084
                        ],
                        [
                            112.6336762,
                            -7.9845608
                        ],
                        [
                            112.6336367,
                            -7.9845482
                        ],
                        [
                            112.6335906,
                            -7.984535
                        ],
                        [
                            112.6335412,
                            -7.9845201
                        ],
                        [
                            112.6334993,
                            -7.9846582
                        ]
                    ]
                ]
            },
            "properties": {
                "osm_id": 428696741,
                "osm_type": "ways_poly",
                "opening_hours": null,
                "network": null,
                "operator": null,
                "name": "Bank Central Asia",
                "amenity": "bank"
            }
        },
        {
            "type": "Feature",
            "geometry": {
                "type": "Polygon",
                "coordinates": [
                    [
                        [
                            112.6245816,
                            -7.9361632
                        ],
                        [
                            112.6246893,
                            -7.9362146
                        ],
                        [
                            112.624731,
                            -7.9361376
                        ],
                        [
                            112.6246537,
                            -7.9360962
                        ],
                        [
                            112.6246755,
                            -7.9360539
                        ],
                        [
                            112.6246505,
                            -7.9360374
                        ],
                        [
                            112.6246366,
                            -7.9360627
                        ],
                        [
                            112.6245816,
                            -7.9361632
                        ]
                    ]
                ]
            },
            "properties": {
                "osm_id": 1476759303,
                "osm_type": "ways_poly",
                "opening_hours": null,
                "network": null,
                "operator": null,
                "name": "Tenthirty",
                "amenity": "cafe"
            }
        },
        {
            "type": "Feature",
            "geometry": {
                "type": "Polygon",
                "coordinates": [
                    [
                        [
                            112.6378916,
                            -7.9369501
                        ],
                        [
                            112.6379278,
                            -7.9369716
                        ],
                        [
                            112.6379662,
                            -7.9369768
                        ],
                        [
                            112.6379912,
                            -7.9369699
                        ],
                        [
                            112.6380047,
                            -7.9369443
                        ],
                        [
                            112.6379639,
                            -7.9369222
                        ],
                        [
                            112.6379192,
                            -7.936898
                        ],
                        [
                            112.6378916,
                            -7.9369501
                        ]
                    ]
                ]
            },
            "properties": {
                "osm_id": 1421099024,
                "osm_type": "ways_poly",
                "opening_hours": null,
                "network": null,
                "operator": null,
                "name": "Warteg Orens Bahari",
                "amenity": "restaurant"
            }
        },
        {
            "type": "Feature",
            "geometry": {
                "type": "Polygon",
                "coordinates": [
                    [
                        [
                            112.6341779,
                            -7.9392954
                        ],
                        [
                            112.6343383,
                            -7.9393897
                        ],
                        [
                            112.6343839,
                            -7.9393107
                        ],
                        [
                            112.6343996,
                            -7.9392834
                        ],
                        [
                            112.6342782,
                            -7.9392128
                        ],
                        [
                            112.6342404,
                            -7.9391908
                        ],
                        [
                            112.6341779,
                            -7.9392954
                        ]
                    ]
                ]
            },
            "properties": {
                "osm_id": 630601592,
                "osm_type": "ways_poly",
                "opening_hours": null,
                "network": null,
                "operator": null,
                "name": "Starbucks",
                "amenity": "cafe"
            }
        },
        {
            "type": "Feature",
            "geometry": {
                "type": "Polygon",
                "coordinates": [
                    [
                        [
                            112.604525,
                            -7.9342999
                        ],
                        [
                            112.6046937,
                            -7.9343872
                        ],
                        [
                            112.6048099,
                            -7.9341758
                        ],
                        [
                            112.6046426,
                            -7.934088
                        ],
                        [
                            112.604525,
                            -7.9342999
                        ]
                    ]
                ]
            },
            "properties": {
                "osm_id": 643603127,
                "osm_type": "ways_poly",
                "opening_hours": null,
                "network": null,
                "operator": null,
                "name": "Mie Gacoan",
                "amenity": "restaurant"
            }
        },
        {
            "type": "Feature",
            "geometry": {
                "type": "Polygon",
                "coordinates": [
                    [
                        [
                            112.6389091,
                            -7.9407249
                        ],
                        [
                            112.6389978,
                            -7.9407832
                        ],
                        [
                            112.6391003,
                            -7.9406255
                        ],
                        [
                            112.6390077,
                            -7.9405737
                        ],
                        [
                            112.6389091,
                            -7.9407249
                        ]
                    ]
                ]
            },
            "properties": {
                "osm_id": 1457955274,
                "osm_type": "ways_poly",
                "opening_hours": null,
                "network": null,
                "operator": null,
                "name": "BCA Finance",
                "amenity": "bank"
            }
        },
        {
            "type": "Feature",
            "geometry": {
                "type": "Polygon",
                "coordinates": [
                    [
                        [
                            112.6359026,
                            -7.9388487
                        ],
                        [
                            112.6359292,
                            -7.9388623
                        ],
                        [
                            112.6359239,
                            -7.9388729
                        ],
                        [
                            112.6359478,
                            -7.9388839
                        ],
                        [
                            112.6359223,
                            -7.9389389
                        ],
                        [
                            112.6360223,
                            -7.9389837
                        ],
                        [
                            112.6360481,
                            -7.93893
                        ],
                        [
                            112.6360733,
                            -7.9389416
                        ],
                        [
                            112.6360774,
                            -7.9389321
                        ],
                        [
                            112.6360978,
                            -7.9389418
                        ],
                        [
                            112.6362348,
                            -7.9386556
                        ],
                        [
                            112.636041,
                            -7.9385593
                        ],
                        [
                            112.6359026,
                            -7.9388487
                        ]
                    ]
                ]
            },
            "properties": {
                "osm_id": 1184799427,
                "osm_type": "ways_poly",
                "opening_hours": null,
                "network": null,
                "operator": null,
                "name": "Bank Central Asia",
                "amenity": "bank"
            }
        },
        {
            "type": "Feature",
            "geometry": {
                "type": "Polygon",
                "coordinates": [
                    [
                        [
                            112.6171311,
                            -7.9575014
                        ],
                        [
                            112.6172646,
                            -7.9575812
                        ],
                        [
                            112.617347,
                            -7.957446
                        ],
                        [
                            112.6172135,
                            -7.9573662
                        ],
                        [
                            112.6171311,
                            -7.9575014
                        ]
                    ]
                ]
            },
            "properties": {
                "osm_id": 857695019,
                "osm_type": "ways_poly",
                "opening_hours": "Mo-Su 09:00-22:00",
                "network": null,
                "operator": null,
                "name": "Nowhere Cafe",
                "amenity": "cafe"
            }
        },
        {
            "type": "Feature",
            "geometry": {
                "type": "Polygon",
                "coordinates": [
                    [
                        [
                            112.6133666,
                            -7.9727389
                        ],
                        [
                            112.6135653,
                            -7.972757
                        ],
                        [
                            112.6135824,
                            -7.9726524
                        ],
                        [
                            112.6134201,
                            -7.9726341
                        ],
                        [
                            112.6133813,
                            -7.9726287
                        ],
                        [
                            112.6133666,
                            -7.9727389
                        ]
                    ]
                ]
            },
            "properties": {
                "osm_id": 948230622,
                "osm_type": "ways_poly",
                "opening_hours": null,
                "network": null,
                "operator": null,
                "name": "Onokatsu",
                "amenity": "restaurant"
            }
        },
        {
            "type": "Feature",
            "geometry": {
                "type": "Polygon",
                "coordinates": [
                    [
                        [
                            112.620345,
                            -7.9654676
                        ],
                        [
                            112.6203893,
                            -7.9654926
                        ],
                        [
                            112.6203763,
                            -7.9655171
                        ],
                        [
                            112.6204478,
                            -7.9655555
                        ],
                        [
                            112.6204532,
                            -7.9655458
                        ],
                        [
                            112.6204788,
                            -7.9654997
                        ],
                        [
                            112.6205789,
                            -7.9655522
                        ],
                        [
                            112.6206498,
                            -7.9654185
                        ],
                        [
                            112.6206608,
                            -7.9654251
                        ],
                        [
                            112.6206843,
                            -7.9653836
                        ],
                        [
                            112.6205905,
                            -7.9653343
                        ],
                        [
                            112.6205686,
                            -7.9653748
                        ],
                        [
                            112.6204649,
                            -7.9653215
                        ],
                        [
                            112.6204131,
                            -7.9654178
                        ],
                        [
                            112.6204293,
                            -7.9654279
                        ],
                        [
                            112.6204188,
                            -7.965446
                        ],
                        [
                            112.6203713,
                            -7.9654194
                        ],
                        [
                            112.620345,
                            -7.9654676
                        ]
                    ]
                ]
            },
            "properties": {
                "osm_id": 463211084,
                "osm_type": "ways_poly",
                "opening_hours": null,
                "network": null,
                "operator": null,
                "name": "Java Dancer",
                "amenity": "cafe"
            }
        },
        {
            "type": "Feature",
            "geometry": {
                "type": "Polygon",
                "coordinates": [
                    [
                        [
                            112.6288674,
                            -7.9761306
                        ],
                        [
                            112.6288694,
                            -7.9763464
                        ],
                        [
                            112.6290648,
                            -7.9763369
                        ],
                        [
                            112.6290636,
                            -7.9762624
                        ],
                        [
                            112.6292933,
                            -7.9762487
                        ],
                        [
                            112.6292967,
                            -7.9761869
                        ],
                        [
                            112.6292027,
                            -7.9761732
                        ],
                        [
                            112.6288674,
                            -7.9761306
                        ]
                    ]
                ]
            },
            "properties": {
                "osm_id": 1109879901,
                "osm_type": "ways_poly",
                "opening_hours": "Mo-Su 08:00-22:00",
                "network": null,
                "operator": null,
                "name": "Lafayette Coffee and Eatery",
                "amenity": "cafe"
            }
        },
        {
            "type": "Feature",
            "geometry": {
                "type": "Polygon",
                "coordinates": [
                    [
                        [
                            112.6290936,
                            -7.9842094
                        ],
                        [
                            112.6291921,
                            -7.9842335
                        ],
                        [
                            112.6291448,
                            -7.9844025
                        ],
                        [
                            112.6293148,
                            -7.984449
                        ],
                        [
                            112.6293805,
                            -7.984213
                        ],
                        [
                            112.6293934,
                            -7.9842164
                        ],
                        [
                            112.6294276,
                            -7.9840725
                        ],
                        [
                            112.629145,
                            -7.9840035
                        ],
                        [
                            112.6290936,
                            -7.9842094
                        ]
                    ]
                ]
            },
            "properties": {
                "osm_id": 428477405,
                "osm_type": "ways_poly",
                "opening_hours": "Mo-Su 08:00-15:00",
                "network": null,
                "operator": null,
                "name": "Bank Mandiri",
                "amenity": "bank"
            }
        },
        {
            "type": "Feature",
            "geometry": {
                "type": "Polygon",
                "coordinates": [
                    [
                        [
                            112.6136197,
                            -7.9806044
                        ],
                        [
                            112.6136918,
                            -7.980733
                        ],
                        [
                            112.6137132,
                            -7.9807503
                        ],
                        [
                            112.6137401,
                            -7.9807566
                        ],
                        [
                            112.6137631,
                            -7.9807534
                        ],
                        [
                            112.6138938,
                            -7.9806946
                        ],
                        [
                            112.6137996,
                            -7.9805125
                        ],
                        [
                            112.6136197,
                            -7.9806044
                        ]
                    ]
                ]
            },
            "properties": {
                "osm_id": 1388435953,
                "osm_type": "ways_poly",
                "opening_hours": null,
                "network": null,
                "operator": null,
                "name": "Fosco by MCafe",
                "amenity": "fast_food"
            }
        },
        {
            "type": "Feature",
            "geometry": {
                "type": "Polygon",
                "coordinates": [
                    [
                        [
                            112.6170716,
                            -7.9733907
                        ],
                        [
                            112.617084,
                            -7.973473
                        ],
                        [
                            112.6171962,
                            -7.973444
                        ],
                        [
                            112.6171827,
                            -7.9733634
                        ],
                        [
                            112.6170716,
                            -7.9733907
                        ]
                    ]
                ]
            },
            "properties": {
                "osm_id": 1460191716,
                "osm_type": "ways_poly",
                "opening_hours": null,
                "network": null,
                "operator": null,
                "name": "Pecel Mustika Panderman",
                "amenity": "restaurant"
            }
        },
        {
            "type": "Feature",
            "geometry": {
                "type": "Polygon",
                "coordinates": [
                    [
                        [
                            112.5630068,
                            -7.9498111
                        ],
                        [
                            112.563078,
                            -7.9498921
                        ],
                        [
                            112.5631589,
                            -7.9498223
                        ],
                        [
                            112.5630877,
                            -7.9497413
                        ],
                        [
                            112.5630068,
                            -7.9498111
                        ]
                    ]
                ]
            },
            "properties": {
                "osm_id": 1410824355,
                "osm_type": "ways_poly",
                "opening_hours": null,
                "network": null,
                "operator": null,
                "name": "Sego Sambel Tegal Phutuk",
                "amenity": "restaurant"
            }
        },
        {
            "type": "Feature",
            "geometry": {
                "type": "Polygon",
                "coordinates": [
                    [
                        [
                            112.6142524,
                            -7.9672105
                        ],
                        [
                            112.6143031,
                            -7.9672284
                        ],
                        [
                            112.6143367,
                            -7.9671194
                        ],
                        [
                            112.6142876,
                            -7.9671134
                        ],
                        [
                            112.6142721,
                            -7.9671543
                        ],
                        [
                            112.6142524,
                            -7.9672105
                        ]
                    ]
                ]
            },
            "properties": {
                "osm_id": 1412791035,
                "osm_type": "ways_poly",
                "opening_hours": "Mo-Su 07:00-23:50",
                "network": null,
                "operator": null,
                "name": "Kopi Kenangan",
                "amenity": "cafe"
            }
        },
        {
            "type": "Feature",
            "geometry": {
                "type": "Polygon",
                "coordinates": [
                    [
                        [
                            112.6295889,
                            -7.9769217
                        ],
                        [
                            112.6298672,
                            -7.976929
                        ],
                        [
                            112.6298738,
                            -7.9767855
                        ],
                        [
                            112.6296897,
                            -7.9767838
                        ],
                        [
                            112.629689,
                            -7.9768104
                        ],
                        [
                            112.6296024,
                            -7.9768095
                        ],
                        [
                            112.6296028,
                            -7.9768728
                        ],
                        [
                            112.6295896,
                            -7.9768717
                        ],
                        [
                            112.6295889,
                            -7.9769217
                        ]
                    ]
                ]
            },
            "properties": {
                "osm_id": 632042524,
                "osm_type": "ways_poly",
                "opening_hours": null,
                "network": null,
                "operator": null,
                "name": "Bank Sinarmas",
                "amenity": "bank"
            }
        },
        {
            "type": "Feature",
            "geometry": {
                "type": "Polygon",
                "coordinates": [
                    [
                        [
                            112.6150522,
                            -7.9786803
                        ],
                        [
                            112.6150906,
                            -7.9787161
                        ],
                        [
                            112.6151404,
                            -7.9786649
                        ],
                        [
                            112.6151006,
                            -7.9786287
                        ],
                        [
                            112.615068,
                            -7.9786635
                        ],
                        [
                            112.6150522,
                            -7.9786803
                        ]
                    ]
                ]
            },
            "properties": {
                "osm_id": 1426410157,
                "osm_type": "ways_poly",
                "opening_hours": null,
                "network": null,
                "operator": null,
                "name": "Warung Pojok Nyamleng",
                "amenity": "restaurant"
            }
        },
        {
            "type": "Feature",
            "geometry": {
                "type": "Polygon",
                "coordinates": [
                    [
                        [
                            112.6146499,
                            -7.9823266
                        ],
                        [
                            112.6147558,
                            -7.9823493
                        ],
                        [
                            112.6147559,
                            -7.9823175
                        ],
                        [
                            112.6146564,
                            -7.9822967
                        ],
                        [
                            112.6146499,
                            -7.9823266
                        ]
                    ]
                ]
            },
            "properties": {
                "osm_id": 1459477928,
                "osm_type": "ways_poly",
                "opening_hours": null,
                "network": null,
                "operator": null,
                "name": "Soto Ayam Lamongan",
                "amenity": "restaurant"
            }
        },
        {
            "type": "Feature",
            "geometry": {
                "type": "Polygon",
                "coordinates": [
                    [
                        [
                            112.6439688,
                            -7.9563934
                        ],
                        [
                            112.6441466,
                            -7.9564646
                        ],
                        [
                            112.644181,
                            -7.9563802
                        ],
                        [
                            112.6440031,
                            -7.9563091
                        ],
                        [
                            112.6439688,
                            -7.9563934
                        ]
                    ]
                ]
            },
            "properties": {
                "osm_id": 635949219,
                "osm_type": "ways_poly",
                "opening_hours": "24/7",
                "network": null,
                "operator": null,
                "name": "McDonald's",
                "amenity": "fast_food"
            }
        },
        {
            "type": "Feature",
            "geometry": {
                "type": "Polygon",
                "coordinates": [
                    [
                        [
                            112.6357741,
                            -7.9634081
                        ],
                        [
                            112.6357871,
                            -7.9634154
                        ],
                        [
                            112.6357781,
                            -7.9634373
                        ],
                        [
                            112.6358557,
                            -7.9634771
                        ],
                        [
                            112.6358376,
                            -7.9635167
                        ],
                        [
                            112.6363466,
                            -7.9637585
                        ],
                        [
                            112.6363834,
                            -7.9636722
                        ],
                        [
                            112.6363056,
                            -7.9636363
                        ],
                        [
                            112.6362995,
                            -7.9636473
                        ],
                        [
                            112.6362379,
                            -7.9636179
                        ],
                        [
                            112.6362514,
                            -7.963587
                        ],
                        [
                            112.6362354,
                            -7.9635801
                        ],
                        [
                            112.636273,
                            -7.9635035
                        ],
                        [
                            112.636021,
                            -7.9633789
                        ],
                        [
                            112.6360133,
                            -7.9633941
                        ],
                        [
                            112.6359699,
                            -7.9633732
                        ],
                        [
                            112.6359649,
                            -7.9633835
                        ],
                        [
                            112.6358347,
                            -7.963319
                        ],
                        [
                            112.6358223,
                            -7.9633476
                        ],
                        [
                            112.635807,
                            -7.9633408
                        ],
                        [
                            112.6357741,
                            -7.9634081
                        ]
                    ]
                ]
            },
            "properties": {
                "osm_id": 1430647608,
                "osm_type": "ways_poly",
                "opening_hours": null,
                "network": null,
                "operator": null,
                "name": "Bank Mandiri",
                "amenity": "bank"
            }
        },
        {
            "type": "Feature",
            "geometry": {
                "type": "Polygon",
                "coordinates": [
                    [
                        [
                            112.6398651,
                            -7.952099
                        ],
                        [
                            112.6399256,
                            -7.9521233
                        ],
                        [
                            112.6399572,
                            -7.9520364
                        ],
                        [
                            112.6398956,
                            -7.9520108
                        ],
                        [
                            112.6398749,
                            -7.9520721
                        ],
                        [
                            112.6398651,
                            -7.952099
                        ]
                    ]
                ]
            },
            "properties": {
                "osm_id": 631985088,
                "osm_type": "ways_poly",
                "opening_hours": null,
                "network": null,
                "operator": null,
                "name": "Warteg Orens Bahari",
                "amenity": "restaurant"
            }
        },
        {
            "type": "Feature",
            "geometry": {
                "type": "Polygon",
                "coordinates": [
                    [
                        [
                            112.6422141,
                            -7.9526815
                        ],
                        [
                            112.6422944,
                            -7.952716
                        ],
                        [
                            112.6423101,
                            -7.952691
                        ],
                        [
                            112.6423245,
                            -7.9526968
                        ],
                        [
                            112.6423554,
                            -7.952634
                        ],
                        [
                            112.6425151,
                            -7.9527015
                        ],
                        [
                            112.6425805,
                            -7.9525399
                        ],
                        [
                            112.64232,
                            -7.9524346
                        ],
                        [
                            112.6422141,
                            -7.9526815
                        ]
                    ]
                ]
            },
            "properties": {
                "osm_id": 631985334,
                "osm_type": "ways_poly",
                "opening_hours": null,
                "network": null,
                "operator": null,
                "name": "Warung Bu Kris",
                "amenity": "restaurant"
            }
        },
        {
            "type": "Feature",
            "geometry": {
                "type": "Polygon",
                "coordinates": [
                    [
                        [
                            112.6380455,
                            -7.9393787
                        ],
                        [
                            112.6380491,
                            -7.9393804
                        ],
                        [
                            112.638088,
                            -7.9393991
                        ],
                        [
                            112.6381751,
                            -7.9392126
                        ],
                        [
                            112.6381351,
                            -7.9391944
                        ],
                        [
                            112.6380455,
                            -7.9393787
                        ]
                    ]
                ]
            },
            "properties": {
                "osm_id": 1418869814,
                "osm_type": "ways_poly",
                "opening_hours": null,
                "network": null,
                "operator": null,
                "name": null,
                "amenity": "fast_food"
            }
        },
        {
            "type": "Feature",
            "geometry": {
                "type": "Polygon",
                "coordinates": [
                    [
                        [
                            112.6393569,
                            -7.9517115
                        ],
                        [
                            112.6395584,
                            -7.9518083
                        ],
                        [
                            112.6395729,
                            -7.9517767
                        ],
                        [
                            112.6395884,
                            -7.9517825
                        ],
                        [
                            112.6396216,
                            -7.9517099
                        ],
                        [
                            112.6394089,
                            -7.9516052
                        ],
                        [
                            112.6393569,
                            -7.9517115
                        ]
                    ]
                ]
            },
            "properties": {
                "osm_id": 403231015,
                "osm_type": "ways_poly",
                "opening_hours": null,
                "network": null,
                "operator": null,
                "name": "Pizza Hut",
                "amenity": "restaurant"
            }
        },
        {
            "type": "Feature",
            "geometry": {
                "type": "Polygon",
                "coordinates": [
                    [
                        [
                            112.6286736,
                            -7.9385369
                        ],
                        [
                            112.6287051,
                            -7.9385473
                        ],
                        [
                            112.6286924,
                            -7.9385778
                        ],
                        [
                            112.628805,
                            -7.9386195
                        ],
                        [
                            112.6288599,
                            -7.9384967
                        ],
                        [
                            112.6288817,
                            -7.9385042
                        ],
                        [
                            112.6289177,
                            -7.9384231
                        ],
                        [
                            112.6287735,
                            -7.9383635
                        ],
                        [
                            112.6287412,
                            -7.9384417
                        ],
                        [
                            112.6287209,
                            -7.9384409
                        ],
                        [
                            112.6287029,
                            -7.9384603
                        ],
                        [
                            112.6286736,
                            -7.9385369
                        ]
                    ]
                ]
            },
            "properties": {
                "osm_id": 1486322553,
                "osm_type": "ways_poly",
                "opening_hours": null,
                "network": null,
                "operator": null,
                "name": "KFC",
                "amenity": "fast_food"
            }
        },
        {
            "type": "Feature",
            "geometry": {
                "type": "Polygon",
                "coordinates": [
                    [
                        [
                            112.6594309,
                            -7.9788829
                        ],
                        [
                            112.6595072,
                            -7.9789487
                        ],
                        [
                            112.6595702,
                            -7.9790744
                        ],
                        [
                            112.6596525,
                            -7.9789686
                        ],
                        [
                            112.6594492,
                            -7.9788576
                        ],
                        [
                            112.6594309,
                            -7.9788829
                        ]
                    ]
                ]
            },
            "properties": {
                "osm_id": 1465293861,
                "osm_type": "ways_poly",
                "opening_hours": null,
                "network": null,
                "operator": null,
                "name": "Warung Prasmanan Bu \"Dhe\" Har",
                "amenity": "restaurant"
            }
        },
        {
            "type": "Feature",
            "geometry": {
                "type": "Polygon",
                "coordinates": [
                    [
                        [
                            112.6299353,
                            -7.9811159
                        ],
                        [
                            112.63025,
                            -7.9812
                        ],
                        [
                            112.6302632,
                            -7.9811585
                        ],
                        [
                            112.6299466,
                            -7.981073
                        ],
                        [
                            112.6299353,
                            -7.9811159
                        ]
                    ]
                ]
            },
            "properties": {
                "osm_id": 428666990,
                "osm_type": "ways_poly",
                "opening_hours": null,
                "network": null,
                "operator": null,
                "name": "Mie Daging Sapi China Lanzhou",
                "amenity": "restaurant"
            }
        },
        {
            "type": "Feature",
            "geometry": {
                "type": "Polygon",
                "coordinates": [
                    [
                        [
                            112.6085586,
                            -7.9726991
                        ],
                        [
                            112.6086625,
                            -7.972714
                        ],
                        [
                            112.60867,
                            -7.9726614
                        ],
                        [
                            112.6086758,
                            -7.9726242
                        ],
                        [
                            112.6085723,
                            -7.9726128
                        ],
                        [
                            112.6085586,
                            -7.9726991
                        ]
                    ]
                ]
            },
            "properties": {
                "osm_id": 1313439922,
                "osm_type": "ways_poly",
                "opening_hours": null,
                "network": null,
                "operator": null,
                "name": "BRI",
                "amenity": "bank"
            }
        },
        {
            "type": "Feature",
            "geometry": {
                "type": "Polygon",
                "coordinates": [
                    [
                        [
                            112.605566,
                            -7.9392622
                        ],
                        [
                            112.6057947,
                            -7.9393336
                        ],
                        [
                            112.6058123,
                            -7.9392783
                        ],
                        [
                            112.6055836,
                            -7.9392069
                        ],
                        [
                            112.605566,
                            -7.9392622
                        ]
                    ]
                ]
            },
            "properties": {
                "osm_id": 392542350,
                "osm_type": "ways_poly",
                "opening_hours": null,
                "network": null,
                "operator": null,
                "name": "Boss Coffee",
                "amenity": "cafe"
            }
        },
        {
            "type": "Feature",
            "geometry": {
                "type": "Polygon",
                "coordinates": [
                    [
                        [
                            112.6508392,
                            -7.9365451
                        ],
                        [
                            112.6509926,
                            -7.9366176
                        ],
                        [
                            112.6510331,
                            -7.9365363
                        ],
                        [
                            112.6508804,
                            -7.9364623
                        ],
                        [
                            112.6508392,
                            -7.9365451
                        ]
                    ]
                ]
            },
            "properties": {
                "osm_id": 1488879141,
                "osm_type": "ways_poly",
                "opening_hours": null,
                "network": null,
                "operator": null,
                "name": "Starbucks",
                "amenity": "cafe"
            }
        },
        {
            "type": "Feature",
            "geometry": {
                "type": "Polygon",
                "coordinates": [
                    [
                        [
                            112.6185869,
                            -7.9752746
                        ],
                        [
                            112.6186232,
                            -7.9752895
                        ],
                        [
                            112.6186254,
                            -7.9752829
                        ],
                        [
                            112.618684,
                            -7.9751132
                        ],
                        [
                            112.618645,
                            -7.9751005
                        ],
                        [
                            112.6185869,
                            -7.9752746
                        ]
                    ]
                ]
            },
            "properties": {
                "osm_id": 1362482953,
                "osm_type": "ways_poly",
                "opening_hours": null,
                "network": null,
                "operator": null,
                "name": "Legit",
                "amenity": "restaurant"
            }
        },
        {
            "type": "Feature",
            "geometry": {
                "type": "Polygon",
                "coordinates": [
                    [
                        [
                            112.6296212,
                            -7.9762569
                        ],
                        [
                            112.6298795,
                            -7.9762753
                        ],
                        [
                            112.6299165,
                            -7.9758618
                        ],
                        [
                            112.629645,
                            -7.9758399
                        ],
                        [
                            112.6296212,
                            -7.9762569
                        ]
                    ]
                ]
            },
            "properties": {
                "osm_id": 628656399,
                "osm_type": "ways_poly",
                "opening_hours": null,
                "network": null,
                "operator": null,
                "name": "Bank Central Asia",
                "amenity": "bank"
            }
        },
        {
            "type": "Feature",
            "geometry": {
                "type": "Polygon",
                "coordinates": [
                    [
                        [
                            112.61952,
                            -7.9756068
                        ],
                        [
                            112.6195587,
                            -7.9756228
                        ],
                        [
                            112.6195688,
                            -7.9756027
                        ],
                        [
                            112.6196357,
                            -7.9754627
                        ],
                        [
                            112.6195935,
                            -7.9754444
                        ],
                        [
                            112.61952,
                            -7.9756068
                        ]
                    ]
                ]
            },
            "properties": {
                "osm_id": 1370486096,
                "osm_type": "ways_poly",
                "opening_hours": null,
                "network": null,
                "operator": null,
                "name": "Depot Varia",
                "amenity": "restaurant"
            }
        },
        {
            "type": "Feature",
            "geometry": {
                "type": "Polygon",
                "coordinates": [
                    [
                        [
                            112.6331586,
                            -7.9853236
                        ],
                        [
                            112.6332226,
                            -7.9853451
                        ],
                        [
                            112.6332159,
                            -7.9853625
                        ],
                        [
                            112.6332624,
                            -7.9853782
                        ],
                        [
                            112.6333114,
                            -7.9853947
                        ],
                        [
                            112.6333168,
                            -7.9853796
                        ],
                        [
                            112.6333423,
                            -7.9853883
                        ],
                        [
                            112.6333584,
                            -7.9853937
                        ],
                        [
                            112.6333964,
                            -7.9852792
                        ],
                        [
                            112.6335963,
                            -7.985341
                        ],
                        [
                            112.633615,
                            -7.9852853
                        ],
                        [
                            112.6332274,
                            -7.9851714
                        ],
                        [
                            112.6332093,
                            -7.9852114
                        ],
                        [
                            112.6331586,
                            -7.9853236
                        ]
                    ]
                ]
            },
            "properties": {
                "osm_id": 428696691,
                "osm_type": "ways_poly",
                "opening_hours": null,
                "network": null,
                "operator": null,
                "name": "Shinhan Bank",
                "amenity": "bank"
            }
        },
        {
            "type": "Feature",
            "geometry": {
                "type": "Polygon",
                "coordinates": [
                    [
                        [
                            112.6264287,
                            -7.9754924
                        ],
                        [
                            112.6265802,
                            -7.9755505
                        ],
                        [
                            112.6266484,
                            -7.9753723
                        ],
                        [
                            112.6264995,
                            -7.9753171
                        ],
                        [
                            112.6264677,
                            -7.9753972
                        ],
                        [
                            112.626435,
                            -7.97548
                        ],
                        [
                            112.6264287,
                            -7.9754924
                        ]
                    ]
                ]
            },
            "properties": {
                "osm_id": 947453348,
                "osm_type": "ways_poly",
                "opening_hours": null,
                "network": null,
                "operator": null,
                "name": "Ayam Goreng Pemuda",
                "amenity": "restaurant"
            }
        },
        {
            "type": "Feature",
            "geometry": {
                "type": "Polygon",
                "coordinates": [
                    [
                        [
                            112.6265528,
                            -7.9800378
                        ],
                        [
                            112.6266218,
                            -7.9800855
                        ],
                        [
                            112.6266287,
                            -7.9800757
                        ],
                        [
                            112.6267243,
                            -7.9799376
                        ],
                        [
                            112.6266552,
                            -7.9798912
                        ],
                        [
                            112.6265528,
                            -7.9800378
                        ]
                    ]
                ]
            },
            "properties": {
                "osm_id": 1430346458,
                "osm_type": "ways_poly",
                "opening_hours": null,
                "network": null,
                "operator": null,
                "name": "Tulang Ayam Lunak Mbok Surip",
                "amenity": "restaurant"
            }
        },
        {
            "type": "Feature",
            "geometry": {
                "type": "Polygon",
                "coordinates": [
                    [
                        [
                            112.6330586,
                            -7.9910317
                        ],
                        [
                            112.6332516,
                            -7.9910691
                        ],
                        [
                            112.6336462,
                            -7.991168
                        ],
                        [
                            112.6336705,
                            -7.9910911
                        ],
                        [
                            112.6336952,
                            -7.9910129
                        ],
                        [
                            112.6337273,
                            -7.9910221
                        ],
                        [
                            112.6337711,
                            -7.9910345
                        ],
                        [
                            112.6339067,
                            -7.9910731
                        ],
                        [
                            112.6340314,
                            -7.9911086
                        ],
                        [
                            112.6341015,
                            -7.9911285
                        ],
                        [
                            112.6341214,
                            -7.9910629
                        ],
                        [
                            112.6341323,
                            -7.9910271
                        ],
                        [
                            112.6342192,
                            -7.9907412
                        ],
                        [
                            112.634248,
                            -7.9906465
                        ],
                        [
                            112.6342372,
                            -7.9906241
                        ],
                        [
                            112.6336262,
                            -7.990447
                        ],
                        [
                            112.633346,
                            -7.9904053
                        ],
                        [
                            112.6332568,
                            -7.9903778
                        ],
                        [
                            112.6330586,
                            -7.9910317
                        ]
                    ]
                ]
            },
            "properties": {
                "osm_id": 546360624,
                "osm_type": "ways_poly",
                "opening_hours": null,
                "network": null,
                "operator": null,
                "name": "BRI",
                "amenity": "bank"
            }
        },
        {
            "type": "Feature",
            "geometry": {
                "type": "Polygon",
                "coordinates": [
                    [
                        [
                            112.6231135,
                            -7.9734296
                        ],
                        [
                            112.6232175,
                            -7.9734738
                        ],
                        [
                            112.6232367,
                            -7.9734307
                        ],
                        [
                            112.6232844,
                            -7.9734519
                        ],
                        [
                            112.6233563,
                            -7.9732925
                        ],
                        [
                            112.6232624,
                            -7.9732481
                        ],
                        [
                            112.623307,
                            -7.9731532
                        ],
                        [
                            112.6232529,
                            -7.9731283
                        ],
                        [
                            112.6232036,
                            -7.9732349
                        ],
                        [
                            112.6231219,
                            -7.9734114
                        ],
                        [
                            112.6231135,
                            -7.9734296
                        ]
                    ]
                ]
            },
            "properties": {
                "osm_id": 629409975,
                "osm_type": "ways_poly",
                "opening_hours": null,
                "network": null,
                "operator": null,
                "name": "Marugame Udon",
                "amenity": "fast_food"
            }
        },
        {
            "type": "Feature",
            "geometry": {
                "type": "Polygon",
                "coordinates": [
                    [
                        [
                            112.6262568,
                            -7.9858301
                        ],
                        [
                            112.626344,
                            -7.9858596
                        ],
                        [
                            112.6263553,
                            -7.9858267
                        ],
                        [
                            112.6262681,
                            -7.9857973
                        ],
                        [
                            112.6262568,
                            -7.9858301
                        ]
                    ]
                ]
            },
            "properties": {
                "osm_id": 1454415112,
                "osm_type": "ways_poly",
                "opening_hours": null,
                "network": null,
                "operator": null,
                "name": "Warung Sawahan",
                "amenity": "restaurant"
            }
        },
        {
            "type": "Feature",
            "geometry": {
                "type": "Polygon",
                "coordinates": [
                    [
                        [
                            112.6074407,
                            -7.9832059
                        ],
                        [
                            112.6075207,
                            -7.9832304
                        ],
                        [
                            112.6075541,
                            -7.9831385
                        ],
                        [
                            112.6074729,
                            -7.9831111
                        ],
                        [
                            112.6074633,
                            -7.9831409
                        ],
                        [
                            112.6074407,
                            -7.9832059
                        ]
                    ]
                ]
            },
            "properties": {
                "osm_id": 1425746390,
                "osm_type": "ways_poly",
                "opening_hours": null,
                "network": null,
                "operator": null,
                "name": "Masakan Padang Ampera Berkah",
                "amenity": "restaurant"
            }
        },
        {
            "type": "Feature",
            "geometry": {
                "type": "Polygon",
                "coordinates": [
                    [
                        [
                            112.6082166,
                            -7.9834228
                        ],
                        [
                            112.6082384,
                            -7.9834281
                        ],
                        [
                            112.6082508,
                            -7.9833775
                        ],
                        [
                            112.6082291,
                            -7.9833718
                        ],
                        [
                            112.6082166,
                            -7.9834228
                        ]
                    ]
                ]
            },
            "properties": {
                "osm_id": 1422400164,
                "osm_type": "ways_poly",
                "opening_hours": null,
                "network": null,
                "operator": null,
                "name": "Bakwan Nita Pangsit Mie Ayam",
                "amenity": "restaurant"
            }
        },
        {
            "type": "Feature",
            "geometry": {
                "type": "Polygon",
                "coordinates": [
                    [
                        [
                            112.6253214,
                            -7.9878883
                        ],
                        [
                            112.6254465,
                            -7.9879302
                        ],
                        [
                            112.6254873,
                            -7.987821
                        ],
                        [
                            112.6254981,
                            -7.9877921
                        ],
                        [
                            112.6253762,
                            -7.9877454
                        ],
                        [
                            112.6253449,
                            -7.9878264
                        ],
                        [
                            112.6253214,
                            -7.9878883
                        ]
                    ]
                ]
            },
            "properties": {
                "osm_id": 1455336451,
                "osm_type": "ways_poly",
                "opening_hours": null,
                "network": null,
                "operator": null,
                "name": "Dapur Kita",
                "amenity": "fast_food"
            }
        },
        {
            "type": "Feature",
            "geometry": {
                "type": "Polygon",
                "coordinates": [
                    [
                        [
                            112.6128422,
                            -7.9808951
                        ],
                        [
                            112.6128931,
                            -7.9810691
                        ],
                        [
                            112.6129244,
                            -7.981059
                        ],
                        [
                            112.6129113,
                            -7.9810226
                        ],
                        [
                            112.6129224,
                            -7.9810189
                        ],
                        [
                            112.6129282,
                            -7.9810332
                        ],
                        [
                            112.6129694,
                            -7.98102
                        ],
                        [
                            112.6129767,
                            -7.9810414
                        ],
                        [
                            112.6130173,
                            -7.9810285
                        ],
                        [
                            112.6130075,
                            -7.9809995
                        ],
                        [
                            112.6129594,
                            -7.9808579
                        ],
                        [
                            112.6129441,
                            -7.9808627
                        ],
                        [
                            112.6128422,
                            -7.9808951
                        ]
                    ]
                ]
            },
            "properties": {
                "osm_id": 1418376372,
                "osm_type": "ways_poly",
                "opening_hours": null,
                "network": null,
                "operator": null,
                "name": "eighthaus.co",
                "amenity": "cafe"
            }
        },
        {
            "type": "Feature",
            "geometry": {
                "type": "Polygon",
                "coordinates": [
                    [
                        [
                            112.6187359,
                            -7.9753129
                        ],
                        [
                            112.6187696,
                            -7.975325
                        ],
                        [
                            112.6188294,
                            -7.9751603
                        ],
                        [
                            112.6187929,
                            -7.9751485
                        ],
                        [
                            112.6187359,
                            -7.9753129
                        ]
                    ]
                ]
            },
            "properties": {
                "osm_id": 1362482946,
                "osm_type": "ways_poly",
                "opening_hours": null,
                "network": null,
                "operator": null,
                "name": "Galang 8",
                "amenity": "restaurant"
            }
        },
        {
            "type": "Feature",
            "geometry": {
                "type": "Polygon",
                "coordinates": [
                    [
                        [
                            112.6184088,
                            -7.9752132
                        ],
                        [
                            112.6184628,
                            -7.9752339
                        ],
                        [
                            112.618469,
                            -7.9752114
                        ],
                        [
                            112.6185104,
                            -7.9750583
                        ],
                        [
                            112.6184576,
                            -7.9750432
                        ],
                        [
                            112.6184153,
                            -7.975189
                        ],
                        [
                            112.6184088,
                            -7.9752132
                        ]
                    ]
                ]
            },
            "properties": {
                "osm_id": 1362482949,
                "osm_type": "ways_poly",
                "opening_hours": null,
                "network": null,
                "operator": null,
                "name": "Rawon Tessy",
                "amenity": "restaurant"
            }
        },
        {
            "type": "Feature",
            "geometry": {
                "type": "Polygon",
                "coordinates": [
                    [
                        [
                            112.619235,
                            -7.9754842
                        ],
                        [
                            112.6192618,
                            -7.9754951
                        ],
                        [
                            112.6193302,
                            -7.9753334
                        ],
                        [
                            112.6193023,
                            -7.9753224
                        ],
                        [
                            112.619235,
                            -7.9754842
                        ]
                    ]
                ]
            },
            "properties": {
                "osm_id": 1363007091,
                "osm_type": "ways_poly",
                "opening_hours": null,
                "network": null,
                "operator": null,
                "name": "Sate Ayam Ponorogo Siboen",
                "amenity": "restaurant"
            }
        },
        {
            "type": "Feature",
            "geometry": {
                "type": "Polygon",
                "coordinates": [
                    [
                        [
                            112.6328224,
                            -7.9773268
                        ],
                        [
                            112.6329563,
                            -7.9773577
                        ],
                        [
                            112.6330173,
                            -7.9771044
                        ],
                        [
                            112.6328802,
                            -7.97707
                        ],
                        [
                            112.6328224,
                            -7.9773268
                        ]
                    ]
                ]
            },
            "properties": {
                "osm_id": 427915243,
                "osm_type": "ways_poly",
                "opening_hours": "24/7",
                "network": null,
                "operator": null,
                "name": "Restoran Melati",
                "amenity": "restaurant"
            }
        },
        {
            "type": "Feature",
            "geometry": {
                "type": "Polygon",
                "coordinates": [
                    [
                        [
                            112.6362342,
                            -7.9391682
                        ],
                        [
                            112.6363219,
                            -7.9392214
                        ],
                        [
                            112.6363796,
                            -7.9391345
                        ],
                        [
                            112.6364968,
                            -7.9389591
                        ],
                        [
                            112.6364167,
                            -7.9389007
                        ],
                        [
                            112.6364081,
                            -7.9388934
                        ],
                        [
                            112.6362469,
                            -7.9391469
                        ],
                        [
                            112.6362342,
                            -7.9391682
                        ]
                    ]
                ]
            },
            "properties": {
                "osm_id": 632979834,
                "osm_type": "ways_poly",
                "opening_hours": null,
                "network": null,
                "operator": null,
                "name": "Par Muse",
                "amenity": "cafe"
            }
        },
        {
            "type": "Feature",
            "geometry": {
                "type": "Polygon",
                "coordinates": [
                    [
                        [
                            112.6131805,
                            -7.967657
                        ],
                        [
                            112.6133615,
                            -7.9676622
                        ],
                        [
                            112.6134094,
                            -7.9676634
                        ],
                        [
                            112.6134143,
                            -7.9675478
                        ],
                        [
                            112.6133771,
                            -7.9675467
                        ],
                        [
                            112.6131856,
                            -7.9675392
                        ],
                        [
                            112.6131805,
                            -7.967657
                        ]
                    ]
                ]
            },
            "properties": {
                "osm_id": 1359793964,
                "osm_type": "ways_poly",
                "opening_hours": null,
                "network": null,
                "operator": null,
                "name": "Gogo Fried Chicken",
                "amenity": "fast_food"
            }
        },
        {
            "type": "Feature",
            "geometry": {
                "type": "Polygon",
                "coordinates": [
                    [
                        [
                            112.6156562,
                            -7.9742596
                        ],
                        [
                            112.6156875,
                            -7.9743433
                        ],
                        [
                            112.6157292,
                            -7.9743261
                        ],
                        [
                            112.6157478,
                            -7.9743672
                        ],
                        [
                            112.615789,
                            -7.9743478
                        ],
                        [
                            112.6157263,
                            -7.9742168
                        ],
                        [
                            112.6157053,
                            -7.9741757
                        ],
                        [
                            112.6156707,
                            -7.9741938
                        ],
                        [
                            112.6156942,
                            -7.9742441
                        ],
                        [
                            112.6156562,
                            -7.9742596
                        ]
                    ]
                ]
            },
            "properties": {
                "osm_id": 1370043662,
                "osm_type": "ways_poly",
                "opening_hours": null,
                "network": null,
                "operator": null,
                "name": "Ayam Goreng Rempah Lohjinawi",
                "amenity": "restaurant"
            }
        },
        {
            "type": "Feature",
            "geometry": {
                "type": "Polygon",
                "coordinates": [
                    [
                        [
                            112.6183395,
                            -7.9724279
                        ],
                        [
                            112.6183686,
                            -7.9726875
                        ],
                        [
                            112.6183793,
                            -7.9726868
                        ],
                        [
                            112.618479,
                            -7.9726872
                        ],
                        [
                            112.6185222,
                            -7.972686
                        ],
                        [
                            112.6185492,
                            -7.9726847
                        ],
                        [
                            112.6185379,
                            -7.9724132
                        ],
                        [
                            112.6183395,
                            -7.9724279
                        ]
                    ]
                ]
            },
            "properties": {
                "osm_id": 475770014,
                "osm_type": "ways_poly",
                "opening_hours": null,
                "network": null,
                "operator": null,
                "name": "The Grove Cafe",
                "amenity": "cafe"
            }
        },
        {
            "type": "Feature",
            "geometry": {
                "type": "Polygon",
                "coordinates": [
                    [
                        [
                            112.6134201,
                            -7.9726341
                        ],
                        [
                            112.6135824,
                            -7.9726524
                        ],
                        [
                            112.6135953,
                            -7.9725737
                        ],
                        [
                            112.6134318,
                            -7.972553
                        ],
                        [
                            112.6134201,
                            -7.9726341
                        ]
                    ]
                ]
            },
            "properties": {
                "osm_id": 1307406504,
                "osm_type": "ways_poly",
                "opening_hours": null,
                "network": null,
                "operator": null,
                "name": "Zocco",
                "amenity": "cafe"
            }
        },
        {
            "type": "Feature",
            "geometry": {
                "type": "Polygon",
                "coordinates": [
                    [
                        [
                            112.6170036,
                            -7.9731236
                        ],
                        [
                            112.6170219,
                            -7.9731695
                        ],
                        [
                            112.6170296,
                            -7.9731665
                        ],
                        [
                            112.6171576,
                            -7.9731103
                        ],
                        [
                            112.6171475,
                            -7.9730863
                        ],
                        [
                            112.6171396,
                            -7.9730676
                        ],
                        [
                            112.6170036,
                            -7.9731236
                        ]
                    ]
                ]
            },
            "properties": {
                "osm_id": 1460191713,
                "osm_type": "ways_poly",
                "opening_hours": null,
                "network": null,
                "operator": null,
                "name": "Warung Rezeki",
                "amenity": "restaurant"
            }
        },
        {
            "type": "Feature",
            "geometry": {
                "type": "Polygon",
                "coordinates": [
                    [
                        [
                            112.612426,
                            -7.9467147
                        ],
                        [
                            112.6125026,
                            -7.9467826
                        ],
                        [
                            112.6126404,
                            -7.9466134
                        ],
                        [
                            112.6126464,
                            -7.946606
                        ],
                        [
                            112.6125733,
                            -7.9465464
                        ],
                        [
                            112.6124468,
                            -7.9466875
                        ],
                        [
                            112.612426,
                            -7.9467147
                        ]
                    ]
                ]
            },
            "properties": {
                "osm_id": 1063609881,
                "osm_type": "ways_poly",
                "opening_hours": null,
                "network": null,
                "operator": null,
                "name": "BRI",
                "amenity": "bank"
            }
        },
        {
            "type": "Feature",
            "geometry": {
                "type": "Polygon",
                "coordinates": [
                    [
                        [
                            112.6385835,
                            -7.9381392
                        ],
                        [
                            112.6386697,
                            -7.9381801
                        ],
                        [
                            112.6387145,
                            -7.9382014
                        ],
                        [
                            112.6387437,
                            -7.9381409
                        ],
                        [
                            112.6388361,
                            -7.9379498
                        ],
                        [
                            112.6388101,
                            -7.9379384
                        ],
                        [
                            112.6387158,
                            -7.9381275
                        ],
                        [
                            112.638701,
                            -7.9381201
                        ],
                        [
                            112.6386842,
                            -7.9381117
                        ],
                        [
                            112.6387341,
                            -7.9380107
                        ],
                        [
                            112.6387934,
                            -7.9378907
                        ],
                        [
                            112.6387203,
                            -7.937855
                        ],
                        [
                            112.6386607,
                            -7.9379775
                        ],
                        [
                            112.6386555,
                            -7.9379881
                        ],
                        [
                            112.6386126,
                            -7.9380782
                        ],
                        [
                            112.6385835,
                            -7.9381392
                        ]
                    ]
                ]
            },
            "properties": {
                "osm_id": 1177800248,
                "osm_type": "ways_poly",
                "opening_hours": null,
                "network": null,
                "operator": null,
                "name": null,
                "amenity": "fast_food"
            }
        },
        {
            "type": "Feature",
            "geometry": {
                "type": "Polygon",
                "coordinates": [
                    [
                        [
                            112.6598604,
                            -7.979045
                        ],
                        [
                            112.6598717,
                            -7.9790993
                        ],
                        [
                            112.6599226,
                            -7.9790893
                        ],
                        [
                            112.6599246,
                            -7.9790957
                        ],
                        [
                            112.6601399,
                            -7.9792087
                        ],
                        [
                            112.6601621,
                            -7.9791686
                        ],
                        [
                            112.6601455,
                            -7.9791599
                        ],
                        [
                            112.6601674,
                            -7.9791188
                        ],
                        [
                            112.6601843,
                            -7.9791286
                        ],
                        [
                            112.6602128,
                            -7.9790819
                        ],
                        [
                            112.6600906,
                            -7.9790178
                        ],
                        [
                            112.660072,
                            -7.9790547
                        ],
                        [
                            112.6600177,
                            -7.9790274
                        ],
                        [
                            112.6600382,
                            -7.9789903
                        ],
                        [
                            112.6599486,
                            -7.9789433
                        ],
                        [
                            112.6599044,
                            -7.9790285
                        ],
                        [
                            112.6599059,
                            -7.9790337
                        ],
                        [
                            112.6598604,
                            -7.979045
                        ]
                    ]
                ]
            },
            "properties": {
                "osm_id": 636459175,
                "osm_type": "ways_poly",
                "opening_hours": null,
                "network": null,
                "operator": null,
                "name": "BTN",
                "amenity": "bank"
            }
        },
        {
            "type": "Feature",
            "geometry": {
                "type": "Polygon",
                "coordinates": [
                    [
                        [
                            112.6071312,
                            -7.9722576
                        ],
                        [
                            112.6072402,
                            -7.9722917
                        ],
                        [
                            112.6072574,
                            -7.9722425
                        ],
                        [
                            112.6073272,
                            -7.9722823
                        ],
                        [
                            112.6073195,
                            -7.9723135
                        ],
                        [
                            112.6073674,
                            -7.9723249
                        ],
                        [
                            112.6074018,
                            -7.9721989
                        ],
                        [
                            112.6074161,
                            -7.9722046
                        ],
                        [
                            112.6074228,
                            -7.9721743
                        ],
                        [
                            112.6074085,
                            -7.9721696
                        ],
                        [
                            112.6074266,
                            -7.972109
                        ],
                        [
                            112.6073779,
                            -7.9720966
                        ],
                        [
                            112.6073721,
                            -7.9721232
                        ],
                        [
                            112.6073157,
                            -7.972108
                        ],
                        [
                            112.6073263,
                            -7.9720739
                        ],
                        [
                            112.6071992,
                            -7.9720329
                        ],
                        [
                            112.6071665,
                            -7.9721408
                        ],
                        [
                            112.6071962,
                            -7.9721487
                        ],
                        [
                            112.6072086,
                            -7.9721156
                        ],
                        [
                            112.6072411,
                            -7.972126
                        ],
                        [
                            112.6071866,
                            -7.9722188
                        ],
                        [
                            112.6071463,
                            -7.9722075
                        ],
                        [
                            112.6071368,
                            -7.9722386
                        ],
                        [
                            112.6071312,
                            -7.9722576
                        ]
                    ]
                ]
            },
            "properties": {
                "osm_id": 1309184856,
                "osm_type": "ways_poly",
                "opening_hours": "07:00-21:30",
                "network": null,
                "operator": null,
                "name": "The Arbanat",
                "amenity": "cafe"
            }
        },
        {
            "type": "Feature",
            "geometry": {
                "type": "Polygon",
                "coordinates": [
                    [
                        [
                            112.6266072,
                            -7.9377786
                        ],
                        [
                            112.6266814,
                            -7.9378173
                        ],
                        [
                            112.6267669,
                            -7.9376716
                        ],
                        [
                            112.6268115,
                            -7.9376958
                        ],
                        [
                            112.626935,
                            -7.9374528
                        ],
                        [
                            112.6267491,
                            -7.9373644
                        ],
                        [
                            112.6266438,
                            -7.937639
                        ],
                        [
                            112.6266565,
                            -7.9376573
                        ],
                        [
                            112.6266072,
                            -7.9377786
                        ]
                    ]
                ]
            },
            "properties": {
                "osm_id": 392530634,
                "osm_type": "ways_poly",
                "opening_hours": null,
                "network": null,
                "operator": null,
                "name": "Guri Ramen",
                "amenity": "restaurant"
            }
        },
        {
            "type": "Feature",
            "geometry": {
                "type": "Polygon",
                "coordinates": [
                    [
                        [
                            112.6377341,
                            -7.9732801
                        ],
                        [
                            112.6378213,
                            -7.9732841
                        ],
                        [
                            112.6378266,
                            -7.9731274
                        ],
                        [
                            112.6377422,
                            -7.9731274
                        ],
                        [
                            112.6377341,
                            -7.9732801
                        ]
                    ]
                ]
            },
            "properties": {
                "osm_id": 632356408,
                "osm_type": "ways_poly",
                "opening_hours": null,
                "network": null,
                "operator": null,
                "name": "BRI",
                "amenity": "bank"
            }
        },
        {
            "type": "Feature",
            "geometry": {
                "type": "Polygon",
                "coordinates": [
                    [
                        [
                            112.6289466,
                            -7.9815981
                        ],
                        [
                            112.6290239,
                            -7.9816165
                        ],
                        [
                            112.6290261,
                            -7.9816065
                        ],
                        [
                            112.629071,
                            -7.9816171
                        ],
                        [
                            112.6292475,
                            -7.9816584
                        ],
                        [
                            112.6292806,
                            -7.9816662
                        ],
                        [
                            112.6293215,
                            -7.9815209
                        ],
                        [
                            112.6293509,
                            -7.9814107
                        ],
                        [
                            112.629218,
                            -7.9813773
                        ],
                        [
                            112.6291938,
                            -7.9814679
                        ],
                        [
                            112.6291523,
                            -7.9814582
                        ],
                        [
                            112.6291342,
                            -7.9814315
                        ],
                        [
                            112.6290967,
                            -7.9814579
                        ],
                        [
                            112.6291125,
                            -7.9814873
                        ],
                        [
                            112.6291078,
                            -7.9815103
                        ],
                        [
                            112.6290159,
                            -7.9814912
                        ],
                        [
                            112.6290027,
                            -7.981546
                        ],
                        [
                            112.6289611,
                            -7.9815369
                        ],
                        [
                            112.6289466,
                            -7.9815981
                        ]
                    ]
                ]
            },
            "properties": {
                "osm_id": 428416269,
                "osm_type": "ways_poly",
                "opening_hours": null,
                "network": null,
                "operator": null,
                "name": "New Hongkong",
                "amenity": "restaurant"
            }
        },
        {
            "type": "Feature",
            "geometry": {
                "type": "Polygon",
                "coordinates": [
                    [
                        [
                            112.6166486,
                            -7.9485115
                        ],
                        [
                            112.6168559,
                            -7.9486228
                        ],
                        [
                            112.6169183,
                            -7.9484925
                        ],
                        [
                            112.6167202,
                            -7.9483885
                        ],
                        [
                            112.6166486,
                            -7.9485115
                        ]
                    ]
                ]
            },
            "properties": {
                "osm_id": 424126957,
                "osm_type": "ways_poly",
                "opening_hours": null,
                "network": null,
                "operator": null,
                "name": "Kober Mie",
                "amenity": "restaurant"
            }
        },
        {
            "type": "Feature",
            "geometry": {
                "type": "Polygon",
                "coordinates": [
                    [
                        [
                            112.617002,
                            -7.9741526
                        ],
                        [
                            112.6170605,
                            -7.9741711
                        ],
                        [
                            112.6171556,
                            -7.9742102
                        ],
                        [
                            112.6171676,
                            -7.9741797
                        ],
                        [
                            112.6171953,
                            -7.9741877
                        ],
                        [
                            112.6172049,
                            -7.9741548
                        ],
                        [
                            112.6170153,
                            -7.9741122
                        ],
                        [
                            112.617002,
                            -7.9741526
                        ]
                    ]
                ]
            },
            "properties": {
                "osm_id": 1308452002,
                "osm_type": "ways_poly",
                "opening_hours": null,
                "network": null,
                "operator": null,
                "name": "Sate Babi 99 Chinese Food",
                "amenity": "restaurant"
            }
        },
        {
            "type": "Feature",
            "geometry": {
                "type": "Polygon",
                "coordinates": [
                    [
                        [
                            112.6200113,
                            -7.976138
                        ],
                        [
                            112.6200116,
                            -7.976216
                        ],
                        [
                            112.6200425,
                            -7.9762926
                        ],
                        [
                            112.6200876,
                            -7.9763043
                        ],
                        [
                            112.6201317,
                            -7.9763157
                        ],
                        [
                            112.6201429,
                            -7.9762778
                        ],
                        [
                            112.6201741,
                            -7.976286
                        ],
                        [
                            112.620164,
                            -7.976324
                        ],
                        [
                            112.6202228,
                            -7.9763413
                        ],
                        [
                            112.6202546,
                            -7.976351
                        ],
                        [
                            112.6202624,
                            -7.9763206
                        ],
                        [
                            112.6202811,
                            -7.976248
                        ],
                        [
                            112.6203005,
                            -7.9761726
                        ],
                        [
                            112.6203141,
                            -7.9761201
                        ],
                        [
                            112.6202407,
                            -7.976101
                        ],
                        [
                            112.6202165,
                            -7.9761976
                        ],
                        [
                            112.6200113,
                            -7.976138
                        ]
                    ]
                ]
            },
            "properties": {
                "osm_id": 1460100951,
                "osm_type": "ways_poly",
                "opening_hours": null,
                "network": null,
                "operator": null,
                "name": "Cafe Bunker Gedong Ijen",
                "amenity": "cafe"
            }
        },
        {
            "type": "Feature",
            "geometry": {
                "type": "Polygon",
                "coordinates": [
                    [
                        [
                            112.640611,
                            -7.9421254
                        ],
                        [
                            112.6407972,
                            -7.9422044
                        ],
                        [
                            112.6408117,
                            -7.9421722
                        ],
                        [
                            112.6407787,
                            -7.942156
                        ],
                        [
                            112.6407873,
                            -7.9421342
                        ],
                        [
                            112.6408192,
                            -7.942151
                        ],
                        [
                            112.6408365,
                            -7.9421113
                        ],
                        [
                            112.6406516,
                            -7.9420327
                        ],
                        [
                            112.640611,
                            -7.9421254
                        ]
                    ]
                ]
            },
            "properties": {
                "osm_id": 633256857,
                "osm_type": "ways_poly",
                "opening_hours": null,
                "network": null,
                "operator": null,
                "name": "Omah Candi Cafe",
                "amenity": "cafe"
            }
        },
        {
            "type": "Feature",
            "geometry": {
                "type": "Polygon",
                "coordinates": [
                    [
                        [
                            112.6299911,
                            -7.9846384
                        ],
                        [
                            112.6301105,
                            -7.9846684
                        ],
                        [
                            112.6301053,
                            -7.9846886
                        ],
                        [
                            112.6301864,
                            -7.9847089
                        ],
                        [
                            112.6301813,
                            -7.9847286
                        ],
                        [
                            112.6302893,
                            -7.9847557
                        ],
                        [
                            112.6302796,
                            -7.9847935
                        ],
                        [
                            112.6303582,
                            -7.9848133
                        ],
                        [
                            112.6303679,
                            -7.9847755
                        ],
                        [
                            112.630381,
                            -7.9847788
                        ],
                        [
                            112.6303917,
                            -7.9847373
                        ],
                        [
                            112.6303912,
                            -7.9847372
                        ],
                        [
                            112.6304374,
                            -7.984557
                        ],
                        [
                            112.6301571,
                            -7.9844866
                        ],
                        [
                            112.6301491,
                            -7.9845179
                        ],
                        [
                            112.6300297,
                            -7.9844879
                        ],
                        [
                            112.6299911,
                            -7.9846384
                        ]
                    ]
                ]
            },
            "properties": {
                "osm_id": 428477329,
                "osm_type": "ways_poly",
                "opening_hours": null,
                "network": null,
                "operator": null,
                "name": "BTN",
                "amenity": "bank"
            }
        },
        {
            "type": "Feature",
            "geometry": {
                "type": "Polygon",
                "coordinates": [
                    [
                        [
                            112.6031976,
                            -7.9822249
                        ],
                        [
                            112.6032148,
                            -7.9822302
                        ],
                        [
                            112.6032655,
                            -7.9822448
                        ],
                        [
                            112.6032741,
                            -7.982218
                        ],
                        [
                            112.6032056,
                            -7.9821978
                        ],
                        [
                            112.6031976,
                            -7.9822249
                        ]
                    ]
                ]
            },
            "properties": {
                "osm_id": 1181476184,
                "osm_type": "ways_poly",
                "opening_hours": null,
                "network": null,
                "operator": null,
                "name": "Sate Ayam dan Kambing Sakinah",
                "amenity": "fast_food"
            }
        },
        {
            "type": "Feature",
            "geometry": {
                "type": "Polygon",
                "coordinates": [
                    [
                        [
                            112.6187993,
                            -7.9753429
                        ],
                        [
                            112.6188286,
                            -7.9753536
                        ],
                        [
                            112.618896,
                            -7.9751812
                        ],
                        [
                            112.6188621,
                            -7.9751709
                        ],
                        [
                            112.618801,
                            -7.9753384
                        ],
                        [
                            112.6187993,
                            -7.9753429
                        ]
                    ]
                ]
            },
            "properties": {
                "osm_id": 1181021610,
                "osm_type": "ways_poly",
                "opening_hours": null,
                "network": null,
                "operator": null,
                "name": "Depot Purnama",
                "amenity": "restaurant"
            }
        },
        {
            "type": "Feature",
            "geometry": {
                "type": "Polygon",
                "coordinates": [
                    [
                        [
                            112.6193931,
                            -7.9756561
                        ],
                        [
                            112.6194345,
                            -7.9756729
                        ],
                        [
                            112.6194585,
                            -7.9756173
                        ],
                        [
                            112.619542,
                            -7.9754236
                        ],
                        [
                            112.6195053,
                            -7.9754063
                        ],
                        [
                            112.6193931,
                            -7.9756561
                        ]
                    ]
                ]
            },
            "properties": {
                "osm_id": 1370486094,
                "osm_type": "ways_poly",
                "opening_hours": null,
                "network": null,
                "operator": null,
                "name": "Depot Widari",
                "amenity": "restaurant"
            }
        },
        {
            "type": "Feature",
            "geometry": {
                "type": "Polygon",
                "coordinates": [
                    [
                        [
                            112.6169476,
                            -7.9730004
                        ],
                        [
                            112.6169669,
                            -7.9730423
                        ],
                        [
                            112.6171051,
                            -7.9729875
                        ],
                        [
                            112.6170951,
                            -7.9729665
                        ],
                        [
                            112.6170822,
                            -7.9729394
                        ],
                        [
                            112.6170748,
                            -7.9729425
                        ],
                        [
                            112.6169476,
                            -7.9730004
                        ]
                    ]
                ]
            },
            "properties": {
                "osm_id": 1460191708,
                "osm_type": "ways_poly",
                "opening_hours": null,
                "network": null,
                "operator": null,
                "name": "Al-Mubarok",
                "amenity": "restaurant"
            }
        },
        {
            "type": "Feature",
            "geometry": {
                "type": "Polygon",
                "coordinates": [
                    [
                        [
                            112.6500876,
                            -7.9361609
                        ],
                        [
                            112.6501636,
                            -7.9361957
                        ],
                        [
                            112.6501542,
                            -7.9362158
                        ],
                        [
                            112.6502013,
                            -7.9362374
                        ],
                        [
                            112.6502112,
                            -7.9362162
                        ],
                        [
                            112.6503411,
                            -7.9362758
                        ],
                        [
                            112.6503705,
                            -7.9362129
                        ],
                        [
                            112.6501174,
                            -7.936097
                        ],
                        [
                            112.6500876,
                            -7.9361609
                        ]
                    ]
                ]
            },
            "properties": {
                "osm_id": 1488879146,
                "osm_type": "ways_poly",
                "opening_hours": "24/7",
                "network": null,
                "operator": null,
                "name": "Burger King",
                "amenity": "fast_food"
            }
        },
        {
            "type": "Feature",
            "geometry": {
                "type": "Polygon",
                "coordinates": [
                    [
                        [
                            112.6604089,
                            -7.9406369
                        ],
                        [
                            112.6605851,
                            -7.9406505
                        ],
                        [
                            112.6605984,
                            -7.9405159
                        ],
                        [
                            112.6604251,
                            -7.9404987
                        ],
                        [
                            112.6604089,
                            -7.9406369
                        ]
                    ]
                ]
            },
            "properties": {
                "osm_id": 1098737082,
                "osm_type": "ways_poly",
                "opening_hours": null,
                "network": null,
                "operator": null,
                "name": "Kopitom",
                "amenity": "cafe"
            }
        },
        {
            "type": "Feature",
            "geometry": {
                "type": "Polygon",
                "coordinates": [
                    [
                        [
                            112.6125445,
                            -7.9790325
                        ],
                        [
                            112.6125918,
                            -7.9791351
                        ],
                        [
                            112.6126256,
                            -7.9791206
                        ],
                        [
                            112.6126416,
                            -7.9791513
                        ],
                        [
                            112.6127243,
                            -7.9791083
                        ],
                        [
                            112.6126732,
                            -7.9790196
                        ],
                        [
                            112.6126597,
                            -7.9789962
                        ],
                        [
                            112.6125879,
                            -7.9790367
                        ],
                        [
                            112.6125765,
                            -7.9790157
                        ],
                        [
                            112.6125445,
                            -7.9790325
                        ]
                    ]
                ]
            },
            "properties": {
                "osm_id": 1309053546,
                "osm_type": "ways_poly",
                "opening_hours": null,
                "network": null,
                "operator": null,
                "name": "Pawvillion Dog Café",
                "amenity": "cafe"
            }
        },
        {
            "type": "Feature",
            "geometry": {
                "type": "Polygon",
                "coordinates": [
                    [
                        [
                            112.586967,
                            -7.9736357
                        ],
                        [
                            112.5870982,
                            -7.9737053
                        ],
                        [
                            112.5871131,
                            -7.9736799
                        ],
                        [
                            112.5869803,
                            -7.9736103
                        ],
                        [
                            112.586967,
                            -7.9736357
                        ]
                    ]
                ]
            },
            "properties": {
                "osm_id": 1415078971,
                "osm_type": "ways_poly",
                "opening_hours": null,
                "network": null,
                "operator": null,
                "name": "Warung Bu Dina",
                "amenity": "restaurant"
            }
        },
        {
            "type": "Feature",
            "geometry": {
                "type": "Polygon",
                "coordinates": [
                    [
                        [
                            112.5871121,
                            -7.9737113
                        ],
                        [
                            112.5872125,
                            -7.9737662
                        ],
                        [
                            112.587227,
                            -7.9737423
                        ],
                        [
                            112.587132,
                            -7.9736899
                        ],
                        [
                            112.5871262,
                            -7.9736869
                        ],
                        [
                            112.5871121,
                            -7.9737113
                        ]
                    ]
                ]
            },
            "properties": {
                "osm_id": 1415078972,
                "osm_type": "ways_poly",
                "opening_hours": null,
                "network": null,
                "operator": null,
                "name": null,
                "amenity": "restaurant"
            }
        },
        {
            "type": "Feature",
            "geometry": {
                "type": "Polygon",
                "coordinates": [
                    [
                        [
                            112.6217986,
                            -7.9677267
                        ],
                        [
                            112.621925,
                            -7.96779
                        ],
                        [
                            112.6219178,
                            -7.9678054
                        ],
                        [
                            112.6219536,
                            -7.9678242
                        ],
                        [
                            112.6221276,
                            -7.9674874
                        ],
                        [
                            112.6220597,
                            -7.9674526
                        ],
                        [
                            112.6219709,
                            -7.9676317
                        ],
                        [
                            112.6218769,
                            -7.9675849
                        ],
                        [
                            112.6218727,
                            -7.9675926
                        ],
                        [
                            112.6218512,
                            -7.9676315
                        ],
                        [
                            112.6217986,
                            -7.9677267
                        ]
                    ]
                ]
            },
            "properties": {
                "osm_id": 403182849,
                "osm_type": "ways_poly",
                "opening_hours": null,
                "network": null,
                "operator": null,
                "name": "Oura",
                "amenity": "fast_food"
            }
        },
        {
            "type": "Feature",
            "geometry": {
                "type": "Polygon",
                "coordinates": [
                    [
                        [
                            112.617899,
                            -7.9656384
                        ],
                        [
                            112.6179616,
                            -7.9656766
                        ],
                        [
                            112.6180503,
                            -7.965541
                        ],
                        [
                            112.6179794,
                            -7.9654997
                        ],
                        [
                            112.617899,
                            -7.9656384
                        ]
                    ]
                ]
            },
            "properties": {
                "osm_id": 857699002,
                "osm_type": "ways_poly",
                "opening_hours": null,
                "network": null,
                "operator": null,
                "name": "BNI",
                "amenity": "bank"
            }
        },
        {
            "type": "Feature",
            "geometry": {
                "type": "Polygon",
                "coordinates": [
                    [
                        [
                            112.6140449,
                            -7.979011
                        ],
                        [
                            112.6141729,
                            -7.9791648
                        ],
                        [
                            112.6142017,
                            -7.979142
                        ],
                        [
                            112.6142419,
                            -7.9791102
                        ],
                        [
                            112.6141095,
                            -7.9789557
                        ],
                        [
                            112.6140449,
                            -7.979011
                        ]
                    ]
                ]
            },
            "properties": {
                "osm_id": 1378577412,
                "osm_type": "ways_poly",
                "opening_hours": null,
                "network": null,
                "operator": null,
                "name": "Atenk Cuisine",
                "amenity": "restaurant"
            }
        },
        {
            "type": "Feature",
            "geometry": {
                "type": "Polygon",
                "coordinates": [
                    [
                        [
                            112.6287966,
                            -7.9770078
                        ],
                        [
                            112.6291862,
                            -7.9770411
                        ],
                        [
                            112.6291896,
                            -7.9769807
                        ],
                        [
                            112.6292105,
                            -7.9769792
                        ],
                        [
                            112.6292157,
                            -7.976845
                        ],
                        [
                            112.6288086,
                            -7.9768224
                        ],
                        [
                            112.6287966,
                            -7.9770078
                        ]
                    ]
                ]
            },
            "properties": {
                "osm_id": 1063428112,
                "osm_type": "ways_poly",
                "opening_hours": null,
                "network": null,
                "operator": null,
                "name": "BNI",
                "amenity": "bank"
            }
        },
        {
            "type": "Feature",
            "geometry": {
                "type": "Polygon",
                "coordinates": [
                    [
                        [
                            112.6166578,
                            -7.9488228
                        ],
                        [
                            112.616694,
                            -7.9488596
                        ],
                        [
                            112.6167769,
                            -7.9486797
                        ],
                        [
                            112.6167371,
                            -7.9486589
                        ],
                        [
                            112.6166578,
                            -7.9488228
                        ]
                    ]
                ]
            },
            "properties": {
                "osm_id": 426976104,
                "osm_type": "ways_poly",
                "opening_hours": null,
                "network": null,
                "operator": null,
                "name": "Gerprek Pahlawan",
                "amenity": "restaurant"
            }
        },
        {
            "type": "Feature",
            "geometry": {
                "type": "Polygon",
                "coordinates": [
                    [
                        [
                            112.603119,
                            -7.9324253
                        ],
                        [
                            112.6033551,
                            -7.9324914
                        ],
                        [
                            112.603403,
                            -7.9322862
                        ],
                        [
                            112.6032949,
                            -7.9321466
                        ],
                        [
                            112.6031923,
                            -7.9321176
                        ],
                        [
                            112.603119,
                            -7.9324253
                        ]
                    ]
                ]
            },
            "properties": {
                "osm_id": 635167348,
                "osm_type": "ways_poly",
                "opening_hours": null,
                "network": null,
                "operator": null,
                "name": "AADK Coffee & Eatery",
                "amenity": "fast_food"
            }
        },
        {
            "type": "Feature",
            "geometry": {
                "type": "Polygon",
                "coordinates": [
                    [
                        [
                            112.6242172,
                            -7.965791
                        ],
                        [
                            112.62437,
                            -7.965834
                        ],
                        [
                            112.6243842,
                            -7.9657935
                        ],
                        [
                            112.6243945,
                            -7.9657988
                        ],
                        [
                            112.6244431,
                            -7.9656159
                        ],
                        [
                            112.6242803,
                            -7.9655752
                        ],
                        [
                            112.6242172,
                            -7.965791
                        ]
                    ]
                ]
            },
            "properties": {
                "osm_id": 947596410,
                "osm_type": "ways_poly",
                "opening_hours": "Mo-Sa 10:00-24:00; Su 00:00-24:00",
                "network": null,
                "operator": null,
                "name": "Richeese Factory",
                "amenity": "fast_food"
            }
        },
        {
            "type": "Feature",
            "geometry": {
                "type": "Polygon",
                "coordinates": [
                    [
                        [
                            112.6315701,
                            -7.9832597
                        ],
                        [
                            112.6316911,
                            -7.9832856
                        ],
                        [
                            112.6316969,
                            -7.9832568
                        ],
                        [
                            112.6320004,
                            -7.9833224
                        ],
                        [
                            112.6320402,
                            -7.9831426
                        ],
                        [
                            112.6317338,
                            -7.9830745
                        ],
                        [
                            112.6317467,
                            -7.9830273
                        ],
                        [
                            112.6316243,
                            -7.9829992
                        ],
                        [
                            112.6315701,
                            -7.9832597
                        ]
                    ]
                ]
            },
            "properties": {
                "osm_id": 428657134,
                "osm_type": "ways_poly",
                "opening_hours": null,
                "network": null,
                "operator": null,
                "name": "CIMB Niaga",
                "amenity": "bank"
            }
        },
        {
            "type": "Feature",
            "geometry": {
                "type": "Polygon",
                "coordinates": [
                    [
                        [
                            112.6125236,
                            -7.9469283
                        ],
                        [
                            112.6125449,
                            -7.9469523
                        ],
                        [
                            112.6125478,
                            -7.9469765
                        ],
                        [
                            112.6125885,
                            -7.9470222
                        ],
                        [
                            112.6125703,
                            -7.9470394
                        ],
                        [
                            112.6125981,
                            -7.9470696
                        ],
                        [
                            112.6126259,
                            -7.9470438
                        ],
                        [
                            112.6126356,
                            -7.9470548
                        ],
                        [
                            112.6126695,
                            -7.9470272
                        ],
                        [
                            112.612685,
                            -7.9470441
                        ],
                        [
                            112.612743,
                            -7.9469908
                        ],
                        [
                            112.6127523,
                            -7.947
                        ],
                        [
                            112.6128008,
                            -7.946955
                        ],
                        [
                            112.6127923,
                            -7.9469456
                        ],
                        [
                            112.6128031,
                            -7.9469357
                        ],
                        [
                            112.612702,
                            -7.9468187
                        ],
                        [
                            112.6126859,
                            -7.9468321
                        ],
                        [
                            112.612663,
                            -7.9468048
                        ],
                        [
                            112.612584,
                            -7.9468748
                        ],
                        [
                            112.6126066,
                            -7.9468973
                        ],
                        [
                            112.6125791,
                            -7.9469222
                        ],
                        [
                            112.6125592,
                            -7.9468968
                        ],
                        [
                            112.6125236,
                            -7.9469283
                        ]
                    ]
                ]
            },
            "properties": {
                "osm_id": 403042222,
                "osm_type": "ways_poly",
                "opening_hours": "24/7",
                "network": null,
                "operator": null,
                "name": "McDonald's",
                "amenity": "fast_food"
            }
        },
        {
            "type": "Feature",
            "geometry": {
                "type": "Polygon",
                "coordinates": [
                    [
                        [
                            112.6211422,
                            -7.9674208
                        ],
                        [
                            112.6213098,
                            -7.9675022
                        ],
                        [
                            112.6213671,
                            -7.9673908
                        ],
                        [
                            112.6214713,
                            -7.9671881
                        ],
                        [
                            112.6214851,
                            -7.9671585
                        ],
                        [
                            112.621326,
                            -7.9670771
                        ],
                        [
                            112.6213053,
                            -7.9671159
                        ],
                        [
                            112.6212392,
                            -7.9672395
                        ],
                        [
                            112.6211422,
                            -7.9674208
                        ]
                    ]
                ]
            },
            "properties": {
                "osm_id": 403182855,
                "osm_type": "ways_poly",
                "opening_hours": null,
                "network": null,
                "operator": null,
                "name": "Green Leaf Resto",
                "amenity": "restaurant"
            }
        },
        {
            "type": "Feature",
            "geometry": {
                "type": "Polygon",
                "coordinates": [
                    [
                        [
                            112.6179108,
                            -7.9752099
                        ],
                        [
                            112.617943,
                            -7.9752604
                        ],
                        [
                            112.6180083,
                            -7.975291
                        ],
                        [
                            112.6180763,
                            -7.9751291
                        ],
                        [
                            112.6180916,
                            -7.9750914
                        ],
                        [
                            112.6180539,
                            -7.9750808
                        ],
                        [
                            112.6179706,
                            -7.9750538
                        ],
                        [
                            112.6179108,
                            -7.9752099
                        ]
                    ]
                ]
            },
            "properties": {
                "osm_id": 1370102940,
                "osm_type": "ways_poly",
                "opening_hours": null,
                "network": null,
                "operator": null,
                "name": "Rawon Jenggot",
                "amenity": "restaurant"
            }
        },
        {
            "type": "Feature",
            "geometry": {
                "type": "Polygon",
                "coordinates": [
                    [
                        [
                            112.6138914,
                            -7.9787177
                        ],
                        [
                            112.6140163,
                            -7.9788729
                        ],
                        [
                            112.6141131,
                            -7.9787829
                        ],
                        [
                            112.6140763,
                            -7.9787479
                        ],
                        [
                            112.6139804,
                            -7.9786476
                        ],
                        [
                            112.6139348,
                            -7.9786835
                        ],
                        [
                            112.6138914,
                            -7.9787177
                        ]
                    ]
                ]
            },
            "properties": {
                "osm_id": 1378577403,
                "osm_type": "ways_poly",
                "opening_hours": "Mo-Su 08:00-22:00",
                "network": null,
                "operator": null,
                "name": "Ejji Coffee House",
                "amenity": "cafe"
            }
        },
        {
            "type": "Feature",
            "geometry": {
                "type": "Polygon",
                "coordinates": [
                    [
                        [
                            112.6378184,
                            -7.958365
                        ],
                        [
                            112.6381262,
                            -7.9584883
                        ],
                        [
                            112.6381643,
                            -7.9584017
                        ],
                        [
                            112.6381233,
                            -7.9583848
                        ],
                        [
                            112.637855,
                            -7.9582776
                        ],
                        [
                            112.6378184,
                            -7.958365
                        ]
                    ]
                ]
            },
            "properties": {
                "osm_id": 636000780,
                "osm_type": "ways_poly",
                "opening_hours": null,
                "network": null,
                "operator": null,
                "name": "Bank Banten",
                "amenity": "bank"
            }
        },
        {
            "type": "Feature",
            "geometry": {
                "type": "Polygon",
                "coordinates": [
                    [
                        [
                            112.6190468,
                            -7.9754407
                        ],
                        [
                            112.6191309,
                            -7.9754699
                        ],
                        [
                            112.6191996,
                            -7.9752832
                        ],
                        [
                            112.6191118,
                            -7.9752543
                        ],
                        [
                            112.6190468,
                            -7.9754407
                        ]
                    ]
                ]
            },
            "properties": {
                "osm_id": 1181021605,
                "osm_type": "ways_poly",
                "opening_hours": null,
                "network": null,
                "operator": null,
                "name": "Asayake Moshi Ramen",
                "amenity": "restaurant"
            }
        },
        {
            "type": "Feature",
            "geometry": {
                "type": "Polygon",
                "coordinates": [
                    [
                        [
                            112.6197998,
                            -7.9757376
                        ],
                        [
                            112.6198571,
                            -7.9757645
                        ],
                        [
                            112.6199366,
                            -7.9755975
                        ],
                        [
                            112.6198806,
                            -7.9755711
                        ],
                        [
                            112.6197998,
                            -7.9757376
                        ]
                    ]
                ]
            },
            "properties": {
                "osm_id": 1426566565,
                "osm_type": "ways_poly",
                "opening_hours": null,
                "network": null,
                "operator": null,
                "name": "Bakso Gun",
                "amenity": "restaurant"
            }
        },
        {
            "type": "Feature",
            "geometry": {
                "type": "Polygon",
                "coordinates": [
                    [
                        [
                            112.6264621,
                            -7.9795784
                        ],
                        [
                            112.6266445,
                            -7.9796774
                        ],
                        [
                            112.6267163,
                            -7.9795522
                        ],
                        [
                            112.6265292,
                            -7.9794573
                        ],
                        [
                            112.6264621,
                            -7.9795784
                        ]
                    ]
                ]
            },
            "properties": {
                "osm_id": 629774001,
                "osm_type": "ways_poly",
                "opening_hours": null,
                "network": null,
                "operator": null,
                "name": "Ayam Bakar Wong Solo",
                "amenity": "restaurant"
            }
        },
        {
            "type": "Feature",
            "geometry": {
                "type": "Polygon",
                "coordinates": [
                    [
                        [
                            112.6196479,
                            -7.9756429
                        ],
                        [
                            112.6196843,
                            -7.9756609
                        ],
                        [
                            112.6197564,
                            -7.9755148
                        ],
                        [
                            112.619719,
                            -7.9754979
                        ],
                        [
                            112.6196617,
                            -7.9756156
                        ],
                        [
                            112.6196479,
                            -7.9756429
                        ]
                    ]
                ]
            },
            "properties": {
                "osm_id": 1363007088,
                "osm_type": "ways_poly",
                "opening_hours": null,
                "network": null,
                "operator": null,
                "name": "Nasi Bhuk Kawi Hj. Saudah",
                "amenity": "restaurant"
            }
        },
        {
            "type": "Feature",
            "geometry": {
                "type": "Polygon",
                "coordinates": [
                    [
                        [
                            112.6515013,
                            -7.9615404
                        ],
                        [
                            112.6516777,
                            -7.9616223
                        ],
                        [
                            112.6517259,
                            -7.9615164
                        ],
                        [
                            112.6515527,
                            -7.9614354
                        ],
                        [
                            112.6515013,
                            -7.9615404
                        ]
                    ]
                ]
            },
            "properties": {
                "osm_id": 638375476,
                "osm_type": "ways_poly",
                "opening_hours": null,
                "network": null,
                "operator": null,
                "name": "Kober Mie",
                "amenity": "restaurant"
            }
        },
        {
            "type": "Feature",
            "geometry": {
                "type": "Polygon",
                "coordinates": [
                    [
                        [
                            112.6224145,
                            -7.9768802
                        ],
                        [
                            112.622527,
                            -7.9769829
                        ],
                        [
                            112.6225619,
                            -7.976971
                        ],
                        [
                            112.6225357,
                            -7.9769927
                        ],
                        [
                            112.6225422,
                            -7.9770553
                        ],
                        [
                            112.6225957,
                            -7.9770953
                        ],
                        [
                            112.6226645,
                            -7.977077
                        ],
                        [
                            112.6227223,
                            -7.9769473
                        ],
                        [
                            112.6227016,
                            -7.9769376
                        ],
                        [
                            112.6225701,
                            -7.9768758
                        ],
                        [
                            112.622444,
                            -7.9768165
                        ],
                        [
                            112.6224366,
                            -7.9768324
                        ],
                        [
                            112.6224145,
                            -7.9768802
                        ]
                    ]
                ]
            },
            "properties": {
                "osm_id": 1320443451,
                "osm_type": "ways_poly",
                "opening_hours": null,
                "network": null,
                "operator": null,
                "name": "Bank Syariah Indonesia",
                "amenity": "bank"
            }
        },
        {
            "type": "Feature",
            "geometry": {
                "type": "Polygon",
                "coordinates": [
                    [
                        [
                            112.6142183,
                            -7.9836388
                        ],
                        [
                            112.6142209,
                            -7.9837973
                        ],
                        [
                            112.6142898,
                            -7.983795
                        ],
                        [
                            112.6142903,
                            -7.9836975
                        ],
                        [
                            112.614279,
                            -7.9836981
                        ],
                        [
                            112.6142464,
                            -7.983698
                        ],
                        [
                            112.6142464,
                            -7.9836338
                        ],
                        [
                            112.6142183,
                            -7.9836388
                        ]
                    ]
                ]
            },
            "properties": {
                "osm_id": 1376459837,
                "osm_type": "ways_poly",
                "opening_hours": null,
                "network": null,
                "operator": null,
                "name": "Mie Pangsit & Bakso Atlantik",
                "amenity": "restaurant"
            }
        },
        {
            "type": "Feature",
            "geometry": {
                "type": "Polygon",
                "coordinates": [
                    [
                        [
                            112.614831,
                            -7.9776427
                        ],
                        [
                            112.614846,
                            -7.9776454
                        ],
                        [
                            112.6148403,
                            -7.977684
                        ],
                        [
                            112.6150068,
                            -7.9777117
                        ],
                        [
                            112.615041,
                            -7.9776121
                        ],
                        [
                            112.6150445,
                            -7.9776018
                        ],
                        [
                            112.6148652,
                            -7.9775775
                        ],
                        [
                            112.6148407,
                            -7.9775741
                        ],
                        [
                            112.614831,
                            -7.9776427
                        ]
                    ]
                ]
            },
            "properties": {
                "osm_id": 1426410074,
                "osm_type": "ways_poly",
                "opening_hours": null,
                "network": null,
                "operator": null,
                "name": "Kogu",
                "amenity": "cafe"
            }
        },
        {
            "type": "Feature",
            "geometry": {
                "type": "Polygon",
                "coordinates": [
                    [
                        [
                            112.6135074,
                            -7.9811806
                        ],
                        [
                            112.613541,
                            -7.9812721
                        ],
                        [
                            112.6135441,
                            -7.9812816
                        ],
                        [
                            112.6136958,
                            -7.98124
                        ],
                        [
                            112.6136866,
                            -7.9812124
                        ],
                        [
                            112.6136969,
                            -7.9812077
                        ],
                        [
                            112.6136664,
                            -7.9811294
                        ],
                        [
                            112.6135074,
                            -7.9811806
                        ]
                    ]
                ]
            },
            "properties": {
                "osm_id": 1426783615,
                "osm_type": "ways_poly",
                "opening_hours": null,
                "network": null,
                "operator": null,
                "name": "Djavu Coffee",
                "amenity": "cafe"
            }
        },
        {
            "type": "Feature",
            "geometry": {
                "type": "Polygon",
                "coordinates": [
                    [
                        [
                            112.6359973,
                            -7.9758172
                        ],
                        [
                            112.6360904,
                            -7.9758211
                        ],
                        [
                            112.6360952,
                            -7.9756933
                        ],
                        [
                            112.6360032,
                            -7.9756894
                        ],
                        [
                            112.6359973,
                            -7.9758172
                        ]
                    ]
                ]
            },
            "properties": {
                "osm_id": 427956886,
                "osm_type": "ways_poly",
                "opening_hours": null,
                "network": null,
                "operator": null,
                "name": "Mixue",
                "amenity": "cafe"
            }
        },
        {
            "type": "Feature",
            "geometry": {
                "type": "Polygon",
                "coordinates": [
                    [
                        [
                            112.6202241,
                            -7.9759117
                        ],
                        [
                            112.6202533,
                            -7.9759183
                        ],
                        [
                            112.6202664,
                            -7.9759215
                        ],
                        [
                            112.6203355,
                            -7.975822
                        ],
                        [
                            112.6203005,
                            -7.9757991
                        ],
                        [
                            112.6202241,
                            -7.9759117
                        ]
                    ]
                ]
            },
            "properties": {
                "osm_id": 1370102932,
                "osm_type": "ways_poly",
                "opening_hours": null,
                "network": null,
                "operator": null,
                "name": "Marugoya Sushi Dining",
                "amenity": "restaurant"
            }
        },
        {
            "type": "Feature",
            "geometry": {
                "type": "Polygon",
                "coordinates": [
                    [
                        [
                            112.6174947,
                            -7.9661635
                        ],
                        [
                            112.6175409,
                            -7.9661866
                        ],
                        [
                            112.6175568,
                            -7.9661554
                        ],
                        [
                            112.6175105,
                            -7.9661324
                        ],
                        [
                            112.6174947,
                            -7.9661635
                        ]
                    ]
                ]
            },
            "properties": {
                "osm_id": 1067067748,
                "osm_type": "ways_poly",
                "opening_hours": null,
                "network": null,
                "operator": null,
                "name": "Tahu telor",
                "amenity": "restaurant"
            }
        },
        {
            "type": "Feature",
            "geometry": {
                "type": "Polygon",
                "coordinates": [
                    [
                        [
                            112.6679782,
                            -7.9765065
                        ],
                        [
                            112.6680828,
                            -7.9765516
                        ],
                        [
                            112.6681391,
                            -7.9764427
                        ],
                        [
                            112.6680345,
                            -7.9764002
                        ],
                        [
                            112.6679782,
                            -7.9765065
                        ]
                    ]
                ]
            },
            "properties": {
                "osm_id": 746415700,
                "osm_type": "ways_poly",
                "opening_hours": null,
                "network": null,
                "operator": null,
                "name": null,
                "amenity": "cafe"
            }
        },
        {
            "type": "Feature",
            "geometry": {
                "type": "Polygon",
                "coordinates": [
                    [
                        [
                            112.6320104,
                            -7.962817
                        ],
                        [
                            112.63217,
                            -7.9628993
                        ],
                        [
                            112.632297,
                            -7.9626578
                        ],
                        [
                            112.6321375,
                            -7.9625755
                        ],
                        [
                            112.6320104,
                            -7.962817
                        ]
                    ]
                ]
            },
            "properties": {
                "osm_id": 406524581,
                "osm_type": "ways_poly",
                "opening_hours": null,
                "network": null,
                "operator": null,
                "name": "Rumah Makan Kaliurang",
                "amenity": "restaurant"
            }
        },
        {
            "type": "Feature",
            "geometry": {
                "type": "Polygon",
                "coordinates": [
                    [
                        [
                            112.5902807,
                            -7.961969
                        ],
                        [
                            112.5903129,
                            -7.9619695
                        ],
                        [
                            112.5903151,
                            -7.9620141
                        ],
                        [
                            112.5904001,
                            -7.9620092
                        ],
                        [
                            112.5903885,
                            -7.961832
                        ],
                        [
                            112.5903062,
                            -7.9618375
                        ],
                        [
                            112.5903079,
                            -7.9618876
                        ],
                        [
                            112.5902868,
                            -7.9618865
                        ],
                        [
                            112.5902807,
                            -7.961969
                        ]
                    ]
                ]
            },
            "properties": {
                "osm_id": 1377423419,
                "osm_type": "ways_poly",
                "opening_hours": null,
                "network": null,
                "operator": null,
                "name": "Common Grounds Malang",
                "amenity": "cafe"
            }
        },
        {
            "type": "Feature",
            "geometry": {
                "type": "Polygon",
                "coordinates": [
                    [
                        [
                            112.6131105,
                            -7.9688087
                        ],
                        [
                            112.6133241,
                            -7.968819
                        ],
                        [
                            112.6133298,
                            -7.9687325
                        ],
                        [
                            112.6131138,
                            -7.9687213
                        ],
                        [
                            112.6131105,
                            -7.9688087
                        ]
                    ]
                ]
            },
            "properties": {
                "osm_id": 948230594,
                "osm_type": "ways_poly",
                "opening_hours": null,
                "network": null,
                "operator": "Bank Mandiri",
                "name": "Bank Mandiri",
                "amenity": "bank"
            }
        },
        {
            "type": "Feature",
            "geometry": {
                "type": "Polygon",
                "coordinates": [
                    [
                        [
                            112.6134916,
                            -7.9685722
                        ],
                        [
                            112.6136283,
                            -7.968583
                        ],
                        [
                            112.6136329,
                            -7.9685313
                        ],
                        [
                            112.6135687,
                            -7.9685246
                        ],
                        [
                            112.6134966,
                            -7.9685184
                        ],
                        [
                            112.6134916,
                            -7.9685722
                        ]
                    ]
                ]
            },
            "properties": {
                "osm_id": 1359793962,
                "osm_type": "ways_poly",
                "opening_hours": null,
                "network": null,
                "operator": null,
                "name": "Mutiara Minang",
                "amenity": "restaurant"
            }
        },
        {
            "type": "Feature",
            "geometry": {
                "type": "Polygon",
                "coordinates": [
                    [
                        [
                            112.6125502,
                            -7.9838515
                        ],
                        [
                            112.6125592,
                            -7.9839025
                        ],
                        [
                            112.6126967,
                            -7.9838806
                        ],
                        [
                            112.6126887,
                            -7.9838448
                        ],
                        [
                            112.6126682,
                            -7.9838484
                        ],
                        [
                            112.6126656,
                            -7.9838334
                        ],
                        [
                            112.6125502,
                            -7.9838515
                        ]
                    ]
                ]
            },
            "properties": {
                "osm_id": 1383633679,
                "osm_type": "ways_poly",
                "opening_hours": null,
                "network": null,
                "operator": null,
                "name": "Special Belut Mergan",
                "amenity": "restaurant"
            }
        },
        {
            "type": "Feature",
            "geometry": {
                "type": "Polygon",
                "coordinates": [
                    [
                        [
                            112.6139896,
                            -7.9790583
                        ],
                        [
                            112.6140923,
                            -7.9791956
                        ],
                        [
                            112.614108,
                            -7.9792162
                        ],
                        [
                            112.6141565,
                            -7.9791777
                        ],
                        [
                            112.6141729,
                            -7.9791648
                        ],
                        [
                            112.6140449,
                            -7.979011
                        ],
                        [
                            112.6139896,
                            -7.9790583
                        ]
                    ]
                ]
            },
            "properties": {
                "osm_id": 1378577411,
                "osm_type": "ways_poly",
                "opening_hours": null,
                "network": null,
                "operator": null,
                "name": "Bakwan Subur B2/Babi",
                "amenity": "restaurant"
            }
        },
        {
            "type": "Feature",
            "geometry": {
                "type": "Polygon",
                "coordinates": [
                    [
                        [
                            112.6130562,
                            -7.9747717
                        ],
                        [
                            112.6131924,
                            -7.9747903
                        ],
                        [
                            112.6131991,
                            -7.9747408
                        ],
                        [
                            112.6132193,
                            -7.9747441
                        ],
                        [
                            112.6132403,
                            -7.9746089
                        ],
                        [
                            112.6130833,
                            -7.9745887
                        ],
                        [
                            112.6130562,
                            -7.9747717
                        ]
                    ]
                ]
            },
            "properties": {
                "osm_id": 630811613,
                "osm_type": "ways_poly",
                "opening_hours": null,
                "network": null,
                "operator": null,
                "name": "Special Soto Boyolali SSB Hj. Hesti Widodo",
                "amenity": "restaurant"
            }
        },
        {
            "type": "Feature",
            "geometry": {
                "type": "Polygon",
                "coordinates": [
                    [
                        [
                            112.6132655,
                            -7.960903
                        ],
                        [
                            112.6134694,
                            -7.9609189
                        ],
                        [
                            112.6134756,
                            -7.9608406
                        ],
                        [
                            112.6132718,
                            -7.9608246
                        ],
                        [
                            112.6132655,
                            -7.960903
                        ]
                    ]
                ]
            },
            "properties": {
                "osm_id": 403233817,
                "osm_type": "ways_poly",
                "opening_hours": null,
                "network": null,
                "operator": null,
                "name": "Bingsoo",
                "amenity": "cafe"
            }
        },
        {
            "type": "Feature",
            "geometry": {
                "type": "Polygon",
                "coordinates": [
                    [
                        [
                            112.6028505,
                            -7.9822541
                        ],
                        [
                            112.6029224,
                            -7.9822824
                        ],
                        [
                            112.6029355,
                            -7.982252
                        ],
                        [
                            112.6028637,
                            -7.9822226
                        ],
                        [
                            112.6028505,
                            -7.9822541
                        ]
                    ]
                ]
            },
            "properties": {
                "osm_id": 1374426824,
                "osm_type": "ways_poly",
                "opening_hours": null,
                "network": null,
                "operator": null,
                "name": "Bakso Pak Rindu",
                "amenity": "restaurant"
            }
        },
        {
            "type": "Feature",
            "geometry": {
                "type": "Polygon",
                "coordinates": [
                    [
                        [
                            112.6398313,
                            -7.9536079
                        ],
                        [
                            112.6399225,
                            -7.9536331
                        ],
                        [
                            112.6399641,
                            -7.9534936
                        ],
                        [
                            112.6398783,
                            -7.9534684
                        ],
                        [
                            112.6398313,
                            -7.9536079
                        ]
                    ]
                ]
            },
            "properties": {
                "osm_id": 746173935,
                "osm_type": "ways_poly",
                "opening_hours": null,
                "network": null,
                "operator": null,
                "name": null,
                "amenity": "restaurant"
            }
        },
        {
            "type": "Feature",
            "geometry": {
                "type": "Polygon",
                "coordinates": [
                    [
                        [
                            112.639885,
                            -7.9534525
                        ],
                        [
                            112.6399145,
                            -7.9534644
                        ],
                        [
                            112.6399547,
                            -7.9533728
                        ],
                        [
                            112.6399172,
                            -7.9533555
                        ],
                        [
                            112.639885,
                            -7.9534525
                        ]
                    ]
                ]
            },
            "properties": {
                "osm_id": 746173938,
                "osm_type": "ways_poly",
                "opening_hours": null,
                "network": null,
                "operator": null,
                "name": null,
                "amenity": "restaurant"
            }
        },
        {
            "type": "Feature",
            "geometry": {
                "type": "Polygon",
                "coordinates": [
                    [
                        [
                            112.6533137,
                            -7.9538167
                        ],
                        [
                            112.6534022,
                            -7.9538592
                        ],
                        [
                            112.6534156,
                            -7.9538233
                        ],
                        [
                            112.6533391,
                            -7.9537702
                        ],
                        [
                            112.6533137,
                            -7.9538167
                        ]
                    ]
                ]
            },
            "properties": {
                "osm_id": 746317243,
                "osm_type": "ways_poly",
                "opening_hours": null,
                "network": null,
                "operator": null,
                "name": null,
                "amenity": "cafe"
            }
        },
        {
            "type": "Feature",
            "geometry": {
                "type": "Polygon",
                "coordinates": [
                    [
                        [
                            112.5963626,
                            -7.9812879
                        ],
                        [
                            112.5963882,
                            -7.9812971
                        ],
                        [
                            112.5963943,
                            -7.9812768
                        ],
                        [
                            112.5963757,
                            -7.9812706
                        ],
                        [
                            112.5963695,
                            -7.9812688
                        ],
                        [
                            112.5963626,
                            -7.9812879
                        ]
                    ]
                ]
            },
            "properties": {
                "osm_id": 1375313242,
                "osm_type": "ways_poly",
                "opening_hours": null,
                "network": null,
                "operator": null,
                "name": null,
                "amenity": "fast_food"
            }
        },
        {
            "type": "Feature",
            "geometry": {
                "type": "Polygon",
                "coordinates": [
                    [
                        [
                            112.5247507,
                            -7.8685231
                        ],
                        [
                            112.5248225,
                            -7.8685536
                        ],
                        [
                            112.524858,
                            -7.8684447
                        ],
                        [
                            112.5247977,
                            -7.8684055
                        ],
                        [
                            112.5247507,
                            -7.8685231
                        ]
                    ]
                ]
            },
            "properties": {
                "osm_id": 545594039,
                "osm_type": "ways_poly",
                "opening_hours": null,
                "network": null,
                "operator": null,
                "name": "depot Brantas",
                "amenity": "restaurant"
            }
        },
        {
            "type": "Feature",
            "geometry": {
                "type": "Polygon",
                "coordinates": [
                    [
                        [
                            112.5617257,
                            -7.9781077
                        ],
                        [
                            112.5618503,
                            -7.9781609
                        ],
                        [
                            112.5619083,
                            -7.9780247
                        ],
                        [
                            112.5617837,
                            -7.9779715
                        ],
                        [
                            112.5617257,
                            -7.9781077
                        ]
                    ]
                ]
            },
            "properties": {
                "osm_id": 1321554534,
                "osm_type": "ways_poly",
                "opening_hours": null,
                "network": null,
                "operator": null,
                "name": "Pondok Wisata Latar Ombo \"L.O.\"",
                "amenity": "restaurant"
            }
        },
        {
            "type": "Feature",
            "geometry": {
                "type": "Polygon",
                "coordinates": [
                    [
                        [
                            112.6075286,
                            -7.9832343
                        ],
                        [
                            112.6075735,
                            -7.9832493
                        ],
                        [
                            112.6076028,
                            -7.9831699
                        ],
                        [
                            112.607557,
                            -7.983154
                        ],
                        [
                            112.6075286,
                            -7.9832343
                        ]
                    ]
                ]
            },
            "properties": {
                "osm_id": 1425746395,
                "osm_type": "ways_poly",
                "opening_hours": null,
                "network": null,
                "operator": null,
                "name": "Soto Ayam Lamongan",
                "amenity": "restaurant"
            }
        },
        {
            "type": "Feature",
            "geometry": {
                "type": "Polygon",
                "coordinates": [
                    [
                        [
                            112.6208356,
                            -7.9672387
                        ],
                        [
                            112.6208784,
                            -7.9672593
                        ],
                        [
                            112.6208724,
                            -7.9672712
                        ],
                        [
                            112.6209884,
                            -7.9673253
                        ],
                        [
                            112.6211044,
                            -7.9671021
                        ],
                        [
                            112.6210593,
                            -7.9670842
                        ],
                        [
                            112.6210738,
                            -7.9670561
                        ],
                        [
                            112.6210767,
                            -7.9670503
                        ],
                        [
                            112.6210576,
                            -7.967041
                        ],
                        [
                            112.6209806,
                            -7.9670033
                        ],
                        [
                            112.6209848,
                            -7.9669947
                        ],
                        [
                            112.6209657,
                            -7.9669846
                        ],
                        [
                            112.6208356,
                            -7.9672387
                        ]
                    ]
                ]
            },
            "properties": {
                "osm_id": 1465162401,
                "osm_type": "ways_poly",
                "opening_hours": null,
                "network": null,
                "operator": null,
                "name": "Javanine",
                "amenity": "restaurant"
            }
        },
        {
            "type": "Feature",
            "geometry": {
                "type": "Polygon",
                "coordinates": [
                    [
                        [
                            112.6169669,
                            -7.9730423
                        ],
                        [
                            112.6169832,
                            -7.973076
                        ],
                        [
                            112.6171204,
                            -7.9730211
                        ],
                        [
                            112.6171168,
                            -7.9730123
                        ],
                        [
                            112.6171051,
                            -7.9729875
                        ],
                        [
                            112.6169669,
                            -7.9730423
                        ]
                    ]
                ]
            },
            "properties": {
                "osm_id": 948367427,
                "osm_type": "ways_poly",
                "opening_hours": null,
                "network": null,
                "operator": null,
                "name": "Rawon Isor Uwit",
                "amenity": "restaurant"
            }
        },
        {
            "type": "Feature",
            "geometry": {
                "type": "Polygon",
                "coordinates": [
                    [
                        [
                            112.6296455,
                            -7.9830047
                        ],
                        [
                            112.6297917,
                            -7.9830456
                        ],
                        [
                            112.6298039,
                            -7.9830028
                        ],
                        [
                            112.6298333,
                            -7.983011
                        ],
                        [
                            112.6298832,
                            -7.9828359
                        ],
                        [
                            112.6299132,
                            -7.982843
                        ],
                        [
                            112.6299498,
                            -7.9827202
                        ],
                        [
                            112.629905,
                            -7.9827117
                        ],
                        [
                            112.6297445,
                            -7.9826743
                        ],
                        [
                            112.6296577,
                            -7.982962
                        ],
                        [
                            112.6296455,
                            -7.9830047
                        ]
                    ]
                ]
            },
            "properties": {
                "osm_id": 428366536,
                "osm_type": "ways_poly",
                "opening_hours": null,
                "network": null,
                "operator": null,
                "name": "Bank Mandiri",
                "amenity": "bank"
            }
        },
        {
            "type": "Feature",
            "geometry": {
                "type": "Polygon",
                "coordinates": [
                    [
                        [
                            112.6318091,
                            -7.9835413
                        ],
                        [
                            112.6318475,
                            -7.9835519
                        ],
                        [
                            112.6319058,
                            -7.9833463
                        ],
                        [
                            112.6318672,
                            -7.9833355
                        ],
                        [
                            112.6318091,
                            -7.9835413
                        ]
                    ]
                ]
            },
            "properties": {
                "osm_id": 428657066,
                "osm_type": "ways_poly",
                "opening_hours": "Mo-Su 09:00-21:00",
                "network": null,
                "operator": null,
                "name": "Martabak Agung Resto",
                "amenity": "restaurant"
            }
        },
        {
            "type": "Feature",
            "geometry": {
                "type": "Polygon",
                "coordinates": [
                    [
                        [
                            112.6259338,
                            -7.9880165
                        ],
                        [
                            112.6259847,
                            -7.9880687
                        ],
                        [
                            112.6259942,
                            -7.9880714
                        ],
                        [
                            112.6259773,
                            -7.9879883
                        ],
                        [
                            112.6259338,
                            -7.9880165
                        ]
                    ]
                ]
            },
            "properties": {
                "osm_id": 1455336468,
                "osm_type": "ways_poly",
                "opening_hours": null,
                "network": null,
                "operator": null,
                "name": null,
                "amenity": "fast_food"
            }
        },
        {
            "type": "Feature",
            "geometry": {
                "type": "Polygon",
                "coordinates": [
                    [
                        [
                            112.6387411,
                            -7.9523198
                        ],
                        [
                            112.6388584,
                            -7.9523463
                        ],
                        [
                            112.638893,
                            -7.9522007
                        ],
                        [
                            112.6387739,
                            -7.9521722
                        ],
                        [
                            112.6387411,
                            -7.9523198
                        ]
                    ]
                ]
            },
            "properties": {
                "osm_id": 631975768,
                "osm_type": "ways_poly",
                "opening_hours": null,
                "network": null,
                "operator": null,
                "name": "Bank INA",
                "amenity": "bank"
            }
        },
        {
            "type": "Feature",
            "geometry": {
                "type": "Polygon",
                "coordinates": [
                    [
                        [
                            112.6404542,
                            -7.9530185
                        ],
                        [
                            112.6405598,
                            -7.9530667
                        ],
                        [
                            112.640593,
                            -7.9529953
                        ],
                        [
                            112.6404874,
                            -7.9529472
                        ],
                        [
                            112.6404542,
                            -7.9530185
                        ]
                    ]
                ]
            },
            "properties": {
                "osm_id": 631984822,
                "osm_type": "ways_poly",
                "opening_hours": "Mo-Su 07:00-23:00",
                "network": null,
                "operator": null,
                "name": "Ayam Lodho Malang",
                "amenity": "restaurant"
            }
        },
        {
            "type": "Feature",
            "geometry": {
                "type": "Polygon",
                "coordinates": [
                    [
                        [
                            112.6392608,
                            -7.9505389
                        ],
                        [
                            112.6393057,
                            -7.9505538
                        ],
                        [
                            112.6393172,
                            -7.9505263
                        ],
                        [
                            112.6392666,
                            -7.9505087
                        ],
                        [
                            112.6392608,
                            -7.9505389
                        ]
                    ]
                ]
            },
            "properties": {
                "osm_id": 746173822,
                "osm_type": "ways_poly",
                "opening_hours": null,
                "network": null,
                "operator": null,
                "name": null,
                "amenity": "restaurant"
            }
        },
        {
            "type": "Feature",
            "geometry": {
                "type": "Polygon",
                "coordinates": [
                    [
                        [
                            112.6416037,
                            -8.030505
                        ],
                        [
                            112.641711,
                            -8.0305098
                        ],
                        [
                            112.6417148,
                            -8.0304262
                        ],
                        [
                            112.6416075,
                            -8.0304215
                        ],
                        [
                            112.6416037,
                            -8.030505
                        ]
                    ]
                ]
            },
            "properties": {
                "osm_id": 406576271,
                "osm_type": "ways_poly",
                "opening_hours": null,
                "network": null,
                "operator": null,
                "name": "Warung Anugrah",
                "amenity": "restaurant"
            }
        },
        {
            "type": "Feature",
            "geometry": {
                "type": "Polygon",
                "coordinates": [
                    [
                        [
                            112.5921041,
                            -7.8980155
                        ],
                        [
                            112.5922465,
                            -7.8981201
                        ],
                        [
                            112.5923547,
                            -7.8981056
                        ],
                        [
                            112.5923404,
                            -7.8980746
                        ],
                        [
                            112.5922172,
                            -7.897869
                        ],
                        [
                            112.5921041,
                            -7.8980155
                        ]
                    ]
                ]
            },
            "properties": {
                "osm_id": 893061425,
                "osm_type": "ways_poly",
                "opening_hours": "11:00-21:00",
                "network": null,
                "operator": null,
                "name": "Skipjack Seafood",
                "amenity": "restaurant"
            }
        },
        {
            "type": "Feature",
            "geometry": {
                "type": "Polygon",
                "coordinates": [
                    [
                        [
                            112.5676399,
                            -7.9174799
                        ],
                        [
                            112.5676942,
                            -7.9174792
                        ],
                        [
                            112.5676902,
                            -7.9173683
                        ],
                        [
                            112.5676419,
                            -7.9173683
                        ],
                        [
                            112.5676399,
                            -7.9174799
                        ]
                    ]
                ]
            },
            "properties": {
                "osm_id": 536058199,
                "osm_type": "ways_poly",
                "opening_hours": null,
                "network": null,
                "operator": null,
                "name": "Warung Bu Elok",
                "amenity": "restaurant"
            }
        },
        {
            "type": "Feature",
            "geometry": {
                "type": "Polygon",
                "coordinates": [
                    [
                        [
                            112.6406127,
                            -8.0308271
                        ],
                        [
                            112.6406851,
                            -8.0308305
                        ],
                        [
                            112.6406902,
                            -8.0307257
                        ],
                        [
                            112.6406178,
                            -8.0307223
                        ],
                        [
                            112.6406127,
                            -8.0308271
                        ]
                    ]
                ]
            },
            "properties": {
                "osm_id": 406576273,
                "osm_type": "ways_poly",
                "opening_hours": null,
                "network": null,
                "operator": null,
                "name": "Warung Hermanto",
                "amenity": "restaurant"
            }
        },
        {
            "type": "Feature",
            "geometry": {
                "type": "Polygon",
                "coordinates": [
                    [
                        [
                            112.6263102,
                            -7.979867
                        ],
                        [
                            112.6264528,
                            -7.9799421
                        ],
                        [
                            112.6264419,
                            -7.979962
                        ],
                        [
                            112.6264882,
                            -7.9799908
                        ],
                        [
                            112.626571,
                            -7.9798793
                        ],
                        [
                            112.6263597,
                            -7.979765
                        ],
                        [
                            112.6263489,
                            -7.9797591
                        ],
                        [
                            112.6263211,
                            -7.9798008
                        ],
                        [
                            112.6263426,
                            -7.9798141
                        ],
                        [
                            112.6263102,
                            -7.979867
                        ]
                    ]
                ]
            },
            "properties": {
                "osm_id": 949061333,
                "osm_type": "ways_poly",
                "opening_hours": null,
                "network": null,
                "operator": null,
                "name": "Richeese Factory",
                "amenity": "fast_food"
            }
        },
        {
            "type": "Feature",
            "geometry": {
                "type": "Polygon",
                "coordinates": [
                    [
                        [
                            112.618085,
                            -7.9739407
                        ],
                        [
                            112.6182302,
                            -7.9739719
                        ],
                        [
                            112.6182746,
                            -7.9738306
                        ],
                        [
                            112.6182428,
                            -7.9738241
                        ],
                        [
                            112.6181168,
                            -7.973799
                        ],
                        [
                            112.6180877,
                            -7.9739289
                        ],
                        [
                            112.618085,
                            -7.9739407
                        ]
                    ]
                ]
            },
            "properties": {
                "osm_id": 948487386,
                "osm_type": "ways_poly",
                "opening_hours": null,
                "network": null,
                "operator": null,
                "name": "Nomu",
                "amenity": "restaurant"
            }
        },
        {
            "type": "Feature",
            "geometry": {
                "type": "Polygon",
                "coordinates": [
                    [
                        [
                            112.5991894,
                            -7.961328
                        ],
                        [
                            112.5992645,
                            -7.9614064
                        ],
                        [
                            112.5994912,
                            -7.9612324
                        ],
                        [
                            112.5994121,
                            -7.9611408
                        ],
                        [
                            112.5993222,
                            -7.9612151
                        ],
                        [
                            112.599239,
                            -7.9612855
                        ],
                        [
                            112.5991894,
                            -7.961328
                        ]
                    ]
                ]
            },
            "properties": {
                "osm_id": 530920800,
                "osm_type": "ways_poly",
                "opening_hours": null,
                "network": null,
                "operator": null,
                "name": "Sego Sambel",
                "amenity": "restaurant"
            }
        },
        {
            "type": "Feature",
            "geometry": {
                "type": "Polygon",
                "coordinates": [
                    [
                        [
                            112.6068979,
                            -7.9630807
                        ],
                        [
                            112.6069619,
                            -7.9630958
                        ],
                        [
                            112.6070346,
                            -7.962832
                        ],
                        [
                            112.6069639,
                            -7.9628195
                        ],
                        [
                            112.6068979,
                            -7.9630807
                        ]
                    ]
                ]
            },
            "properties": {
                "osm_id": 1225738926,
                "osm_type": "ways_poly",
                "opening_hours": null,
                "network": null,
                "operator": null,
                "name": null,
                "amenity": "restaurant"
            }
        },
        {
            "type": "Feature",
            "geometry": {
                "type": "Polygon",
                "coordinates": [
                    [
                        [
                            112.6067181,
                            -7.9577202
                        ],
                        [
                            112.6068938,
                            -7.9577377
                        ],
                        [
                            112.6069071,
                            -7.9576443
                        ],
                        [
                            112.6067339,
                            -7.9576314
                        ],
                        [
                            112.6067181,
                            -7.9577202
                        ]
                    ]
                ]
            },
            "properties": {
                "osm_id": 403042257,
                "osm_type": "ways_poly",
                "opening_hours": null,
                "network": null,
                "operator": null,
                "name": "Bakso Tengkleng",
                "amenity": "restaurant"
            }
        },
        {
            "type": "Feature",
            "geometry": {
                "type": "Polygon",
                "coordinates": [
                    [
                        [
                            112.6271211,
                            -7.975893
                        ],
                        [
                            112.6272981,
                            -7.9759355
                        ],
                        [
                            112.6273392,
                            -7.9757677
                        ],
                        [
                            112.6271622,
                            -7.9757252
                        ],
                        [
                            112.6271211,
                            -7.975893
                        ]
                    ]
                ]
            },
            "properties": {
                "osm_id": 647735345,
                "osm_type": "ways_poly",
                "opening_hours": null,
                "network": null,
                "operator": null,
                "name": "Bank Permata",
                "amenity": "bank"
            }
        },
        {
            "type": "Feature",
            "geometry": {
                "type": "Polygon",
                "coordinates": [
                    [
                        [
                            112.5926198,
                            -7.9768792
                        ],
                        [
                            112.5926647,
                            -7.9769004
                        ],
                        [
                            112.592689,
                            -7.976852
                        ],
                        [
                            112.5926401,
                            -7.9768307
                        ],
                        [
                            112.5926198,
                            -7.9768792
                        ]
                    ]
                ]
            },
            "properties": {
                "osm_id": 476796691,
                "osm_type": "ways_poly",
                "opening_hours": null,
                "network": null,
                "operator": null,
                "name": null,
                "amenity": "restaurant"
            }
        },
        {
            "type": "Feature",
            "geometry": {
                "type": "Polygon",
                "coordinates": [
                    [
                        [
                            112.6039152,
                            -7.9822927
                        ],
                        [
                            112.6039397,
                            -7.982301
                        ],
                        [
                            112.6039497,
                            -7.9822709
                        ],
                        [
                            112.603925,
                            -7.9822626
                        ],
                        [
                            112.6039152,
                            -7.9822927
                        ]
                    ]
                ]
            },
            "properties": {
                "osm_id": 1386578088,
                "osm_type": "ways_poly",
                "opening_hours": null,
                "network": null,
                "operator": null,
                "name": "Pangsit Mie & Wonton Kuah Rejeki",
                "amenity": "restaurant"
            }
        },
        {
            "type": "Feature",
            "geometry": {
                "type": "Polygon",
                "coordinates": [
                    [
                        [
                            112.626045,
                            -7.986531
                        ],
                        [
                            112.6261936,
                            -7.9865661
                        ],
                        [
                            112.6262219,
                            -7.9865065
                        ],
                        [
                            112.6260857,
                            -7.9864644
                        ],
                        [
                            112.6260698,
                            -7.9864539
                        ],
                        [
                            112.626045,
                            -7.986531
                        ]
                    ]
                ]
            },
            "properties": {
                "osm_id": 397529927,
                "osm_type": "ways_poly",
                "opening_hours": null,
                "network": null,
                "operator": null,
                "name": "Warung Makan Soto Lombok",
                "amenity": "restaurant"
            }
        },
        {
            "type": "Feature",
            "geometry": {
                "type": "Polygon",
                "coordinates": [
                    [
                        [
                            112.6614862,
                            -7.9704701
                        ],
                        [
                            112.6615372,
                            -7.9705803
                        ],
                        [
                            112.6616552,
                            -7.9705192
                        ],
                        [
                            112.6615801,
                            -7.9704143
                        ],
                        [
                            112.6614862,
                            -7.9704701
                        ]
                    ]
                ]
            },
            "properties": {
                "osm_id": 746415636,
                "osm_type": "ways_poly",
                "opening_hours": null,
                "network": null,
                "operator": null,
                "name": null,
                "amenity": "cafe"
            }
        },
        {
            "type": "Feature",
            "geometry": {
                "type": "Polygon",
                "coordinates": [
                    [
                        [
                            112.6194839,
                            -7.9727301
                        ],
                        [
                            112.619637,
                            -7.9727484
                        ],
                        [
                            112.6196566,
                            -7.9727511
                        ],
                        [
                            112.6197059,
                            -7.9724531
                        ],
                        [
                            112.6195187,
                            -7.9724293
                        ],
                        [
                            112.6195075,
                            -7.9725264
                        ],
                        [
                            112.6194939,
                            -7.9726439
                        ],
                        [
                            112.6194839,
                            -7.9727301
                        ]
                    ]
                ]
            },
            "properties": {
                "osm_id": 1359427968,
                "osm_type": "ways_poly",
                "opening_hours": null,
                "network": null,
                "operator": null,
                "name": "Piring Asia",
                "amenity": "restaurant"
            }
        },
        {
            "type": "Feature",
            "geometry": {
                "type": "Polygon",
                "coordinates": [
                    [
                        [
                            112.6123023,
                            -7.9751754
                        ],
                        [
                            112.6124025,
                            -7.9751933
                        ],
                        [
                            112.6124002,
                            -7.9752082
                        ],
                        [
                            112.612506,
                            -7.9752289
                        ],
                        [
                            112.6125181,
                            -7.9752304
                        ],
                        [
                            112.6125286,
                            -7.9751723
                        ],
                        [
                            112.6125167,
                            -7.9751708
                        ],
                        [
                            112.6125314,
                            -7.9750886
                        ],
                        [
                            112.6125209,
                            -7.9750867
                        ],
                        [
                            112.6123269,
                            -7.9750524
                        ],
                        [
                            112.6123023,
                            -7.9751754
                        ]
                    ]
                ]
            },
            "properties": {
                "osm_id": 1311619864,
                "osm_type": "ways_poly",
                "opening_hours": null,
                "network": null,
                "operator": null,
                "name": "Warkop Agam Banglades",
                "amenity": "restaurant"
            }
        },
        {
            "type": "Feature",
            "geometry": {
                "type": "Polygon",
                "coordinates": [
                    [
                        [
                            112.6144411,
                            -7.9744163
                        ],
                        [
                            112.6144518,
                            -7.9745385
                        ],
                        [
                            112.6144864,
                            -7.9745352
                        ],
                        [
                            112.6146113,
                            -7.9745263
                        ],
                        [
                            112.6146338,
                            -7.9745252
                        ],
                        [
                            112.6146296,
                            -7.9744871
                        ],
                        [
                            112.6145912,
                            -7.974492
                        ],
                        [
                            112.6145864,
                            -7.9744473
                        ],
                        [
                            112.614625,
                            -7.9744451
                        ],
                        [
                            112.6146203,
                            -7.9744025
                        ],
                        [
                            112.6144411,
                            -7.9744163
                        ]
                    ]
                ]
            },
            "properties": {
                "osm_id": 630811575,
                "osm_type": "ways_poly",
                "opening_hours": null,
                "network": null,
                "operator": null,
                "name": "Bubur Jang Kie",
                "amenity": "restaurant"
            }
        },
        {
            "type": "Feature",
            "geometry": {
                "type": "Polygon",
                "coordinates": [
                    [
                        [
                            112.6342592,
                            -7.9650043
                        ],
                        [
                            112.6344414,
                            -7.9651198
                        ],
                        [
                            112.6344533,
                            -7.9651274
                        ],
                        [
                            112.6345367,
                            -7.9649923
                        ],
                        [
                            112.634335,
                            -7.9648755
                        ],
                        [
                            112.6342592,
                            -7.9650043
                        ]
                    ]
                ]
            },
            "properties": {
                "osm_id": 403420506,
                "osm_type": "ways_poly",
                "opening_hours": null,
                "network": null,
                "operator": null,
                "name": "BTN",
                "amenity": "bank"
            }
        },
        {
            "type": "Feature",
            "geometry": {
                "type": "Polygon",
                "coordinates": [
                    [
                        [
                            112.6200659,
                            -7.9646995
                        ],
                        [
                            112.6202159,
                            -7.9647826
                        ],
                        [
                            112.6202821,
                            -7.9646947
                        ],
                        [
                            112.6201337,
                            -7.9646085
                        ],
                        [
                            112.6200659,
                            -7.9646995
                        ]
                    ]
                ]
            },
            "properties": {
                "osm_id": 463211087,
                "osm_type": "ways_poly",
                "opening_hours": null,
                "network": null,
                "operator": null,
                "name": "Batavia Resto",
                "amenity": "restaurant"
            }
        },
        {
            "type": "Feature",
            "geometry": {
                "type": "Polygon",
                "coordinates": [
                    [
                        [
                            112.6869313,
                            -7.9825103
                        ],
                        [
                            112.687004,
                            -7.9825318
                        ],
                        [
                            112.6870211,
                            -7.982475
                        ],
                        [
                            112.6869484,
                            -7.9824535
                        ],
                        [
                            112.6869313,
                            -7.9825103
                        ]
                    ]
                ]
            },
            "properties": {
                "osm_id": 310089274,
                "osm_type": "ways_poly",
                "opening_hours": null,
                "network": null,
                "operator": null,
                "name": null,
                "amenity": "restaurant"
            }
        },
        {
            "type": "Feature",
            "geometry": {
                "type": "Polygon",
                "coordinates": [
                    [
                        [
                            112.6671875,
                            -7.8929838
                        ],
                        [
                            112.6672424,
                            -7.8930221
                        ],
                        [
                            112.667284,
                            -7.8929637
                        ],
                        [
                            112.6672291,
                            -7.8929253
                        ],
                        [
                            112.6671875,
                            -7.8929838
                        ]
                    ]
                ]
            },
            "properties": {
                "osm_id": 530717796,
                "osm_type": "ways_poly",
                "opening_hours": null,
                "network": null,
                "operator": null,
                "name": "Pondok Alam Restaurant",
                "amenity": "restaurant"
            }
        },
        {
            "type": "Feature",
            "geometry": {
                "type": "Polygon",
                "coordinates": [
                    [
                        [
                            112.6652241,
                            -7.8964919
                        ],
                        [
                            112.665334,
                            -7.8965397
                        ],
                        [
                            112.6653681,
                            -7.8964629
                        ],
                        [
                            112.6652581,
                            -7.8964151
                        ],
                        [
                            112.6652241,
                            -7.8964919
                        ]
                    ]
                ]
            },
            "properties": {
                "osm_id": 530717803,
                "osm_type": "ways_poly",
                "opening_hours": null,
                "network": null,
                "operator": null,
                "name": "Bank Mandiri Singosari",
                "amenity": "bank"
            }
        },
        {
            "type": "Feature",
            "geometry": {
                "type": "Polygon",
                "coordinates": [
                    [
                        [
                            112.5676493,
                            -7.9176253
                        ],
                        [
                            112.5677251,
                            -7.9176246
                        ],
                        [
                            112.5677244,
                            -7.9175137
                        ],
                        [
                            112.5676533,
                            -7.917513
                        ],
                        [
                            112.5676493,
                            -7.9176253
                        ]
                    ]
                ]
            },
            "properties": {
                "osm_id": 536058204,
                "osm_type": "ways_poly",
                "opening_hours": null,
                "network": null,
                "operator": null,
                "name": "Tombo Luwe",
                "amenity": "restaurant"
            }
        },
        {
            "type": "Feature",
            "geometry": {
                "type": "Polygon",
                "coordinates": [
                    [
                        [
                            112.5254588,
                            -7.8670726
                        ],
                        [
                            112.5255093,
                            -7.8671011
                        ],
                        [
                            112.5255536,
                            -7.8670243
                        ],
                        [
                            112.5255031,
                            -7.8669957
                        ],
                        [
                            112.5254588,
                            -7.8670726
                        ]
                    ]
                ]
            },
            "properties": {
                "osm_id": 545593903,
                "osm_type": "ways_poly",
                "opening_hours": null,
                "network": null,
                "operator": null,
                "name": "Warung Usaha",
                "amenity": "restaurant"
            }
        },
        {
            "type": "Feature",
            "geometry": {
                "type": "Polygon",
                "coordinates": [
                    [
                        [
                            112.5257641,
                            -7.866507
                        ],
                        [
                            112.5258207,
                            -7.8665407
                        ],
                        [
                            112.5258637,
                            -7.86647
                        ],
                        [
                            112.5258071,
                            -7.8664362
                        ],
                        [
                            112.5257641,
                            -7.866507
                        ]
                    ]
                ]
            },
            "properties": {
                "osm_id": 545593909,
                "osm_type": "ways_poly",
                "opening_hours": null,
                "network": null,
                "operator": null,
                "name": "Rumah dan Warung",
                "amenity": "restaurant"
            }
        },
        {
            "type": "Feature",
            "geometry": {
                "type": "Polygon",
                "coordinates": [
                    [
                        [
                            112.6051585,
                            -7.9655448
                        ],
                        [
                            112.6052505,
                            -7.9655663
                        ],
                        [
                            112.6052975,
                            -7.9653697
                        ],
                        [
                            112.6052055,
                            -7.9653482
                        ],
                        [
                            112.6051585,
                            -7.9655448
                        ]
                    ]
                ]
            },
            "properties": {
                "osm_id": 403233990,
                "osm_type": "ways_poly",
                "opening_hours": null,
                "network": null,
                "operator": null,
                "name": "MaLiBu Steak 'n' Pizza",
                "amenity": "fast_food"
            }
        },
        {
            "type": "Feature",
            "geometry": {
                "type": "Polygon",
                "coordinates": [
                    [
                        [
                            112.6200572,
                            -7.9658677
                        ],
                        [
                            112.6203368,
                            -7.9660324
                        ],
                        [
                            112.6204394,
                            -7.9658642
                        ],
                        [
                            112.6201457,
                            -7.965731
                        ],
                        [
                            112.6200572,
                            -7.9658677
                        ]
                    ]
                ]
            },
            "properties": {
                "osm_id": 463211085,
                "osm_type": "ways_poly",
                "opening_hours": null,
                "network": null,
                "operator": null,
                "name": "Mamah Sum",
                "amenity": "restaurant"
            }
        },
        {
            "type": "Feature",
            "geometry": {
                "type": "Polygon",
                "coordinates": [
                    [
                        [
                            112.6198789,
                            -7.9663669
                        ],
                        [
                            112.6201012,
                            -7.9664892
                        ],
                        [
                            112.6201816,
                            -7.9663458
                        ],
                        [
                            112.6199594,
                            -7.9662235
                        ],
                        [
                            112.6198789,
                            -7.9663669
                        ]
                    ]
                ]
            },
            "properties": {
                "osm_id": 403182857,
                "osm_type": "ways_poly",
                "opening_hours": null,
                "network": null,
                "operator": null,
                "name": "Kedai Kopi",
                "amenity": "cafe"
            }
        },
        {
            "type": "Feature",
            "geometry": {
                "type": "Polygon",
                "coordinates": [
                    [
                        [
                            112.6132193,
                            -7.9747441
                        ],
                        [
                            112.6134155,
                            -7.9747693
                        ],
                        [
                            112.6134334,
                            -7.9746635
                        ],
                        [
                            112.6134402,
                            -7.9746169
                        ],
                        [
                            112.6132903,
                            -7.9745918
                        ],
                        [
                            112.6132881,
                            -7.9746145
                        ],
                        [
                            112.6132403,
                            -7.9746089
                        ],
                        [
                            112.6132193,
                            -7.9747441
                        ]
                    ]
                ]
            },
            "properties": {
                "osm_id": 630811614,
                "osm_type": "ways_poly",
                "opening_hours": null,
                "network": null,
                "operator": null,
                "name": "Cafe Litchi",
                "amenity": "cafe"
            }
        },
        {
            "type": "Feature",
            "geometry": {
                "type": "Polygon",
                "coordinates": [
                    [
                        [
                            112.6266638,
                            -7.9754911
                        ],
                        [
                            112.6267024,
                            -7.9756274
                        ],
                        [
                            112.6267416,
                            -7.9756192
                        ],
                        [
                            112.6267512,
                            -7.9756403
                        ],
                        [
                            112.6267801,
                            -7.9756322
                        ],
                        [
                            112.6267918,
                            -7.9756703
                        ],
                        [
                            112.6268593,
                            -7.9756478
                        ],
                        [
                            112.6268476,
                            -7.9756138
                        ],
                        [
                            112.626871,
                            -7.9756042
                        ],
                        [
                            112.626862,
                            -7.975577
                        ],
                        [
                            112.6268964,
                            -7.9755674
                        ],
                        [
                            112.6268551,
                            -7.9754352
                        ],
                        [
                            112.6266638,
                            -7.9754911
                        ]
                    ]
                ]
            },
            "properties": {
                "osm_id": 1362661622,
                "osm_type": "ways_poly",
                "opening_hours": null,
                "network": null,
                "operator": null,
                "name": "BRI Prioritas",
                "amenity": "bank"
            }
        },
        {
            "type": "Feature",
            "geometry": {
                "type": "Polygon",
                "coordinates": [
                    [
                        [
                            112.5646415,
                            -7.9793867
                        ],
                        [
                            112.5649288,
                            -7.9795148
                        ],
                        [
                            112.5650224,
                            -7.9795565
                        ],
                        [
                            112.5652433,
                            -7.979655
                        ],
                        [
                            112.5652729,
                            -7.9796682
                        ],
                        [
                            112.5653366,
                            -7.9796966
                        ],
                        [
                            112.5655043,
                            -7.9792329
                        ],
                        [
                            112.5651173,
                            -7.9790536
                        ],
                        [
                            112.5648466,
                            -7.9789281
                        ],
                        [
                            112.5646415,
                            -7.9793867
                        ]
                    ]
                ]
            },
            "properties": {
                "osm_id": 1232809468,
                "osm_type": "ways_poly",
                "opening_hours": "Mo-Su 10:00-20:00",
                "network": null,
                "operator": null,
                "name": "Cafe Omah nDeso",
                "amenity": "restaurant"
            }
        },
        {
            "type": "Feature",
            "geometry": {
                "type": "Polygon",
                "coordinates": [
                    [
                        [
                            112.6191659,
                            -7.9699365
                        ],
                        [
                            112.6191967,
                            -7.969962
                        ],
                        [
                            112.6191707,
                            -7.9699926
                        ],
                        [
                            112.6192423,
                            -7.9700509
                        ],
                        [
                            112.6192674,
                            -7.9700208
                        ],
                        [
                            112.6193112,
                            -7.9700568
                        ],
                        [
                            112.6194236,
                            -7.9699034
                        ],
                        [
                            112.619278,
                            -7.9697895
                        ],
                        [
                            112.6191659,
                            -7.9699365
                        ]
                    ]
                ]
            },
            "properties": {
                "osm_id": 530920783,
                "osm_type": "ways_poly",
                "opening_hours": null,
                "network": null,
                "operator": null,
                "name": "Bangi Kopitiam",
                "amenity": "cafe"
            }
        },
        {
            "type": "Feature",
            "geometry": {
                "type": "Polygon",
                "coordinates": [
                    [
                        [
                            112.6159133,
                            -7.9834575
                        ],
                        [
                            112.6159192,
                            -7.9836864
                        ],
                        [
                            112.6159229,
                            -7.9837755
                        ],
                        [
                            112.6159891,
                            -7.9837624
                        ],
                        [
                            112.6159825,
                            -7.9834575
                        ],
                        [
                            112.6159642,
                            -7.9834575
                        ],
                        [
                            112.6159133,
                            -7.9834575
                        ]
                    ]
                ]
            },
            "properties": {
                "osm_id": 1376759168,
                "osm_type": "ways_poly",
                "opening_hours": null,
                "network": null,
                "operator": null,
                "name": "BRI",
                "amenity": "bank"
            }
        },
        {
            "type": "Feature",
            "geometry": {
                "type": "Polygon",
                "coordinates": [
                    [
                        [
                            112.614405,
                            -7.9761334
                        ],
                        [
                            112.6144087,
                            -7.9761571
                        ],
                        [
                            112.6144109,
                            -7.9761716
                        ],
                        [
                            112.6145541,
                            -7.9761531
                        ],
                        [
                            112.6145777,
                            -7.9761499
                        ],
                        [
                            112.6145725,
                            -7.9761107
                        ],
                        [
                            112.614405,
                            -7.9761334
                        ]
                    ]
                ]
            },
            "properties": {
                "osm_id": 1380308449,
                "osm_type": "ways_poly",
                "opening_hours": null,
                "network": null,
                "operator": null,
                "name": "Dapur Meme",
                "amenity": "restaurant"
            }
        },
        {
            "type": "Feature",
            "geometry": {
                "type": "Polygon",
                "coordinates": [
                    [
                        [
                            112.6384474,
                            -7.9401167
                        ],
                        [
                            112.6385383,
                            -7.940157
                        ],
                        [
                            112.6385769,
                            -7.9400746
                        ],
                        [
                            112.6386202,
                            -7.940095
                        ],
                        [
                            112.6386415,
                            -7.9400511
                        ],
                        [
                            112.638504,
                            -7.9399912
                        ],
                        [
                            112.6384474,
                            -7.9401167
                        ]
                    ]
                ]
            },
            "properties": {
                "osm_id": 633257320,
                "osm_type": "ways_poly",
                "opening_hours": null,
                "network": null,
                "operator": null,
                "name": "Depot Santo Yusup",
                "amenity": "restaurant"
            }
        },
        {
            "type": "Feature",
            "geometry": {
                "type": "Polygon",
                "coordinates": [
                    [
                        [
                            112.6131856,
                            -7.9675392
                        ],
                        [
                            112.6133771,
                            -7.9675467
                        ],
                        [
                            112.6133856,
                            -7.9674488
                        ],
                        [
                            112.6132042,
                            -7.9674325
                        ],
                        [
                            112.6131856,
                            -7.9675392
                        ]
                    ]
                ]
            },
            "properties": {
                "osm_id": 947596461,
                "osm_type": "ways_poly",
                "opening_hours": null,
                "network": null,
                "operator": null,
                "name": "Bank Central Asia",
                "amenity": "bank"
            }
        },
        {
            "type": "Feature",
            "geometry": {
                "type": "Polygon",
                "coordinates": [
                    [
                        [
                            112.6677515,
                            -7.9762807
                        ],
                        [
                            112.6678441,
                            -7.9763325
                        ],
                        [
                            112.6678883,
                            -7.9762674
                        ],
                        [
                            112.6677931,
                            -7.976213
                        ],
                        [
                            112.6677515,
                            -7.9762807
                        ]
                    ]
                ]
            },
            "properties": {
                "osm_id": 746415695,
                "osm_type": "ways_poly",
                "opening_hours": null,
                "network": null,
                "operator": null,
                "name": null,
                "amenity": "cafe"
            }
        },
        {
            "type": "Feature",
            "geometry": {
                "type": "Polygon",
                "coordinates": [
                    [
                        [
                            112.6399306,
                            -7.9534684
                        ],
                        [
                            112.6399815,
                            -7.9534857
                        ],
                        [
                            112.6400218,
                            -7.9533661
                        ],
                        [
                            112.6399614,
                            -7.9533515
                        ],
                        [
                            112.6399306,
                            -7.9534684
                        ]
                    ]
                ]
            },
            "properties": {
                "osm_id": 746173939,
                "osm_type": "ways_poly",
                "opening_hours": null,
                "network": null,
                "operator": null,
                "name": null,
                "amenity": "restaurant"
            }
        },
        {
            "type": "Feature",
            "geometry": {
                "type": "Polygon",
                "coordinates": [
                    [
                        [
                            112.5908331,
                            -7.9697026
                        ],
                        [
                            112.5908524,
                            -7.9697101
                        ],
                        [
                            112.5908396,
                            -7.9697441
                        ],
                        [
                            112.5908944,
                            -7.9697654
                        ],
                        [
                            112.590933,
                            -7.9696622
                        ],
                        [
                            112.5908772,
                            -7.9696406
                        ],
                        [
                            112.5908664,
                            -7.9696702
                        ],
                        [
                            112.5908482,
                            -7.9696632
                        ],
                        [
                            112.5908331,
                            -7.9697026
                        ]
                    ]
                ]
            },
            "properties": {
                "osm_id": 1326446372,
                "osm_type": "ways_poly",
                "opening_hours": null,
                "network": null,
                "operator": null,
                "name": null,
                "amenity": "cafe"
            }
        },
        {
            "type": "Feature",
            "geometry": {
                "type": "Polygon",
                "coordinates": [
                    [
                        [
                            112.5676406,
                            -7.9171777
                        ],
                        [
                            112.5676413,
                            -7.9173092
                        ],
                        [
                            112.5676936,
                            -7.9173079
                        ],
                        [
                            112.5676902,
                            -7.917195
                        ],
                        [
                            112.5676808,
                            -7.9171757
                        ],
                        [
                            112.5676406,
                            -7.9171777
                        ]
                    ]
                ]
            },
            "properties": {
                "osm_id": 536058202,
                "osm_type": "ways_poly",
                "opening_hours": null,
                "network": null,
                "operator": null,
                "name": "Warung Wareg",
                "amenity": "restaurant"
            }
        },
        {
            "type": "Feature",
            "geometry": {
                "type": "Polygon",
                "coordinates": [
                    [
                        [
                            112.527741,
                            -7.8728142
                        ],
                        [
                            112.527745,
                            -7.8729298
                        ],
                        [
                            112.5278764,
                            -7.8729139
                        ],
                        [
                            112.5278577,
                            -7.8728063
                        ],
                        [
                            112.527741,
                            -7.8728142
                        ]
                    ]
                ]
            },
            "properties": {
                "osm_id": 1286267208,
                "osm_type": "ways_poly",
                "opening_hours": "Mo-Su 08:00-23:00",
                "network": null,
                "operator": null,
                "name": "Kopi Agsa",
                "amenity": "cafe"
            }
        },
        {
            "type": "Feature",
            "geometry": {
                "type": "Polygon",
                "coordinates": [
                    [
                        [
                            112.6660291,
                            -7.8950598
                        ],
                        [
                            112.6661444,
                            -7.895113
                        ],
                        [
                            112.6661843,
                            -7.895028
                        ],
                        [
                            112.666069,
                            -7.8949748
                        ],
                        [
                            112.6660291,
                            -7.8950598
                        ]
                    ]
                ]
            },
            "properties": {
                "osm_id": 530717798,
                "osm_type": "ways_poly",
                "opening_hours": null,
                "network": null,
                "operator": null,
                "name": "Bakso Mbah'e Solo",
                "amenity": "restaurant"
            }
        },
        {
            "type": "Feature",
            "geometry": {
                "type": "Polygon",
                "coordinates": [
                    [
                        [
                            112.6654148,
                            -7.8962421
                        ],
                        [
                            112.6656026,
                            -7.8963138
                        ],
                        [
                            112.6656398,
                            -7.8962182
                        ],
                        [
                            112.6654521,
                            -7.8961465
                        ],
                        [
                            112.6654148,
                            -7.8962421
                        ]
                    ]
                ]
            },
            "properties": {
                "osm_id": 530717802,
                "osm_type": "ways_poly",
                "opening_hours": null,
                "network": null,
                "operator": null,
                "name": "Bank Muamalat",
                "amenity": "bank"
            }
        },
        {
            "type": "Feature",
            "geometry": {
                "type": "Polygon",
                "coordinates": [
                    [
                        [
                            112.6385925,
                            -7.9537555
                        ],
                        [
                            112.638622,
                            -7.9537544
                        ],
                        [
                            112.6386227,
                            -7.9537352
                        ],
                        [
                            112.6386126,
                            -7.9537381
                        ],
                        [
                            112.6385958,
                            -7.9537379
                        ],
                        [
                            112.6385925,
                            -7.9537555
                        ]
                    ]
                ]
            },
            "properties": {
                "osm_id": 631984443,
                "osm_type": "ways_poly",
                "opening_hours": null,
                "network": null,
                "operator": null,
                "name": null,
                "amenity": "bank"
            }
        },
        {
            "type": "Feature",
            "geometry": {
                "type": "Polygon",
                "coordinates": [
                    [
                        [
                            112.6379199,
                            -7.9390111
                        ],
                        [
                            112.6380134,
                            -7.939055
                        ],
                        [
                            112.6380569,
                            -7.9389658
                        ],
                        [
                            112.6380646,
                            -7.9389499
                        ],
                        [
                            112.6379717,
                            -7.938907
                        ],
                        [
                            112.6379199,
                            -7.9390111
                        ]
                    ]
                ]
            },
            "properties": {
                "osm_id": 1177800249,
                "osm_type": "ways_poly",
                "opening_hours": null,
                "network": null,
                "operator": null,
                "name": null,
                "amenity": "fast_food"
            }
        },
        {
            "type": "Feature",
            "geometry": {
                "type": "Polygon",
                "coordinates": [
                    [
                        [
                            112.5249829,
                            -7.8679904
                        ],
                        [
                            112.5252538,
                            -7.8681113
                        ],
                        [
                            112.5252986,
                            -7.8680129
                        ],
                        [
                            112.5250277,
                            -7.867892
                        ],
                        [
                            112.5249829,
                            -7.8679904
                        ]
                    ]
                ]
            },
            "properties": {
                "osm_id": 545592799,
                "osm_type": "ways_poly",
                "opening_hours": null,
                "network": null,
                "operator": null,
                "name": "Bank CIMB Niaga",
                "amenity": "bank"
            }
        },
        {
            "type": "Feature",
            "geometry": {
                "type": "Polygon",
                "coordinates": [
                    [
                        [
                            112.6774063,
                            -7.8747225
                        ],
                        [
                            112.6776549,
                            -7.8748457
                        ],
                        [
                            112.6777047,
                            -7.8747472
                        ],
                        [
                            112.6774628,
                            -7.8746128
                        ],
                        [
                            112.6774063,
                            -7.8747225
                        ]
                    ]
                ]
            },
            "properties": {
                "osm_id": 329613755,
                "osm_type": "ways_poly",
                "opening_hours": null,
                "network": null,
                "operator": null,
                "name": "RM Istana",
                "amenity": "restaurant"
            }
        },
        {
            "type": "Feature",
            "geometry": {
                "type": "Polygon",
                "coordinates": [
                    [
                        [
                            112.6599685,
                            -7.966596
                        ],
                        [
                            112.660118,
                            -7.9666947
                        ],
                        [
                            112.6601688,
                            -7.9666192
                        ],
                        [
                            112.6600193,
                            -7.9665205
                        ],
                        [
                            112.6599685,
                            -7.966596
                        ]
                    ]
                ]
            },
            "properties": {
                "osm_id": 746415609,
                "osm_type": "ways_poly",
                "opening_hours": "Mo-Su 06:00-15:00",
                "network": null,
                "operator": null,
                "name": "Warung Prasmanan Pagi 99",
                "amenity": "restaurant"
            }
        },
        {
            "type": "Feature",
            "geometry": {
                "type": "Polygon",
                "coordinates": [
                    [
                        [
                            112.641036,
                            -8.0308357
                        ],
                        [
                            112.6411418,
                            -8.0308406
                        ],
                        [
                            112.6411467,
                            -8.0307356
                        ],
                        [
                            112.6410409,
                            -8.0307308
                        ],
                        [
                            112.641036,
                            -8.0308357
                        ]
                    ]
                ]
            },
            "properties": {
                "osm_id": 406576272,
                "osm_type": "ways_poly",
                "opening_hours": null,
                "network": null,
                "operator": null,
                "name": "Warung Arema",
                "amenity": "restaurant"
            }
        },
        {
            "type": "Feature",
            "geometry": {
                "type": "Polygon",
                "coordinates": [
                    [
                        [
                            112.6027279,
                            -7.9821686
                        ],
                        [
                            112.6027913,
                            -7.9821947
                        ],
                        [
                            112.6028568,
                            -7.9820348
                        ],
                        [
                            112.6027941,
                            -7.9820067
                        ],
                        [
                            112.6027279,
                            -7.9821686
                        ]
                    ]
                ]
            },
            "properties": {
                "osm_id": 1327807847,
                "osm_type": "ways_poly",
                "opening_hours": null,
                "network": null,
                "operator": null,
                "name": "Sabana Fried Chicken",
                "amenity": "fast_food"
            }
        },
        {
            "type": "Feature",
            "geometry": {
                "type": "Polygon",
                "coordinates": [
                    [
                        [
                            112.6022901,
                            -7.9840902
                        ],
                        [
                            112.6023656,
                            -7.9841198
                        ],
                        [
                            112.6023807,
                            -7.9841257
                        ],
                        [
                            112.6024032,
                            -7.9840693
                        ],
                        [
                            112.602314,
                            -7.9840331
                        ],
                        [
                            112.6022901,
                            -7.9840902
                        ]
                    ]
                ]
            },
            "properties": {
                "osm_id": 1316977465,
                "osm_type": "ways_poly",
                "opening_hours": null,
                "network": null,
                "operator": null,
                "name": null,
                "amenity": "restaurant"
            }
        },
        {
            "type": "Feature",
            "geometry": {
                "type": "Polygon",
                "coordinates": [
                    [
                        [
                            112.6016096,
                            -7.9850342
                        ],
                        [
                            112.6017627,
                            -7.9850944
                        ],
                        [
                            112.6018075,
                            -7.984987
                        ],
                        [
                            112.6017712,
                            -7.9849722
                        ],
                        [
                            112.6016531,
                            -7.9849236
                        ],
                        [
                            112.6016096,
                            -7.9850342
                        ]
                    ]
                ]
            },
            "properties": {
                "osm_id": 679179678,
                "osm_type": "ways_poly",
                "opening_hours": null,
                "network": null,
                "operator": null,
                "name": "Ayam Geprek Sa`i",
                "amenity": "restaurant"
            }
        },
        {
            "type": "Feature",
            "geometry": {
                "type": "Polygon",
                "coordinates": [
                    [
                        [
                            112.6075205,
                            -7.9348121
                        ],
                        [
                            112.6075908,
                            -7.9349023
                        ],
                        [
                            112.6076967,
                            -7.9348213
                        ],
                        [
                            112.6076264,
                            -7.9347311
                        ],
                        [
                            112.6075205,
                            -7.9348121
                        ]
                    ]
                ]
            },
            "properties": {
                "osm_id": 410160544,
                "osm_type": "ways_poly",
                "opening_hours": null,
                "network": null,
                "operator": null,
                "name": "Surya Cafe",
                "amenity": "cafe"
            }
        },
        {
            "type": "Feature",
            "geometry": {
                "type": "Polygon",
                "coordinates": [
                    [
                        [
                            112.6109584,
                            -7.9447928
                        ],
                        [
                            112.6110348,
                            -7.9449004
                        ],
                        [
                            112.6111264,
                            -7.9448366
                        ],
                        [
                            112.6110499,
                            -7.944729
                        ],
                        [
                            112.6109584,
                            -7.9447928
                        ]
                    ]
                ]
            },
            "properties": {
                "osm_id": 403227805,
                "osm_type": "ways_poly",
                "opening_hours": null,
                "network": null,
                "operator": null,
                "name": "BCA",
                "amenity": "bank"
            }
        },
        {
            "type": "Feature",
            "geometry": {
                "type": "Polygon",
                "coordinates": [
                    [
                        [
                            112.5777648,
                            -8.0982337
                        ],
                        [
                            112.5780284,
                            -8.0983781
                        ],
                        [
                            112.5781383,
                            -8.0981831
                        ],
                        [
                            112.5780887,
                            -8.0981557
                        ],
                        [
                            112.578078,
                            -8.0981746
                        ],
                        [
                            112.5779976,
                            -8.0981302
                        ],
                        [
                            112.5779279,
                            -8.0982539
                        ],
                        [
                            112.5777948,
                            -8.0981804
                        ],
                        [
                            112.5777648,
                            -8.0982337
                        ]
                    ]
                ]
            },
            "properties": {
                "osm_id": 1009856826,
                "osm_type": "ways_poly",
                "opening_hours": null,
                "network": null,
                "operator": null,
                "name": "Bebek Kerto",
                "amenity": "restaurant"
            }
        },
        {
            "type": "Feature",
            "geometry": {
                "type": "Polygon",
                "coordinates": [
                    [
                        [
                            112.6520906,
                            -7.9537436
                        ],
                        [
                            112.6522193,
                            -7.9537915
                        ],
                        [
                            112.6522716,
                            -7.9537131
                        ],
                        [
                            112.6521469,
                            -7.9536507
                        ],
                        [
                            112.6520906,
                            -7.9537436
                        ]
                    ]
                ]
            },
            "properties": {
                "osm_id": 746317230,
                "osm_type": "ways_poly",
                "opening_hours": null,
                "network": null,
                "operator": null,
                "name": null,
                "amenity": "restaurant"
            }
        },
        {
            "type": "Feature",
            "geometry": {
                "type": "Polygon",
                "coordinates": [
                    [
                        [
                            112.6002381,
                            -7.9970976
                        ],
                        [
                            112.6004124,
                            -7.9971682
                        ],
                        [
                            112.6004396,
                            -7.997105
                        ],
                        [
                            112.6002653,
                            -7.9970328
                        ],
                        [
                            112.6002381,
                            -7.9970976
                        ]
                    ]
                ]
            },
            "properties": {
                "osm_id": 1379964444,
                "osm_type": "ways_poly",
                "opening_hours": null,
                "network": null,
                "operator": null,
                "name": "Pecel & Soto Khas Pacitan",
                "amenity": "restaurant"
            }
        },
        {
            "type": "Feature",
            "geometry": {
                "type": "Polygon",
                "coordinates": [
                    [
                        [
                            112.6057276,
                            -7.9777858
                        ],
                        [
                            112.6057784,
                            -7.9778075
                        ],
                        [
                            112.6057935,
                            -7.9777712
                        ],
                        [
                            112.6057413,
                            -7.9777494
                        ],
                        [
                            112.6057276,
                            -7.9777858
                        ]
                    ]
                ]
            },
            "properties": {
                "osm_id": 1328292783,
                "osm_type": "ways_poly",
                "opening_hours": null,
                "network": null,
                "operator": null,
                "name": "Kopicu",
                "amenity": "cafe"
            }
        },
        {
            "type": "Feature",
            "geometry": {
                "type": "Polygon",
                "coordinates": [
                    [
                        [
                            112.6257639,
                            -7.9794262
                        ],
                        [
                            112.6261193,
                            -7.9796178
                        ],
                        [
                            112.6262619,
                            -7.9793714
                        ],
                        [
                            112.6258886,
                            -7.9791774
                        ],
                        [
                            112.6257639,
                            -7.9794262
                        ]
                    ]
                ]
            },
            "properties": {
                "osm_id": 643654348,
                "osm_type": "ways_poly",
                "opening_hours": null,
                "network": null,
                "operator": "BRI",
                "name": "BRI",
                "amenity": "bank"
            }
        },
        {
            "type": "Feature",
            "geometry": {
                "type": "Polygon",
                "coordinates": [
                    [
                        [
                            112.609685,
                            -7.9525587
                        ],
                        [
                            112.6096917,
                            -7.9526597
                        ],
                        [
                            112.6096917,
                            -7.9527048
                        ],
                        [
                            112.6097708,
                            -7.9527022
                        ],
                        [
                            112.6097695,
                            -7.9525534
                        ],
                        [
                            112.609685,
                            -7.9525587
                        ]
                    ]
                ]
            },
            "properties": {
                "osm_id": 630826016,
                "osm_type": "ways_poly",
                "opening_hours": null,
                "network": null,
                "operator": null,
                "name": "KCP BRI Gajayana",
                "amenity": "bank"
            }
        },
        {
            "type": "Feature",
            "geometry": {
                "type": "Polygon",
                "coordinates": [
                    [
                        [
                            112.6271096,
                            -7.9765513
                        ],
                        [
                            112.6273244,
                            -7.9765928
                        ],
                        [
                            112.6273763,
                            -7.9766029
                        ],
                        [
                            112.6274213,
                            -7.9763183
                        ],
                        [
                            112.6272961,
                            -7.9763027
                        ],
                        [
                            112.6273018,
                            -7.9762212
                        ],
                        [
                            112.6272723,
                            -7.9762078
                        ],
                        [
                            112.6272403,
                            -7.9762752
                        ],
                        [
                            112.6271452,
                            -7.9764704
                        ],
                        [
                            112.6271096,
                            -7.9765513
                        ]
                    ]
                ]
            },
            "properties": {
                "osm_id": 632353079,
                "osm_type": "ways_poly",
                "opening_hours": null,
                "network": null,
                "operator": null,
                "name": "Bank Bukopin",
                "amenity": "bank"
            }
        },
        {
            "type": "Feature",
            "geometry": {
                "type": "Polygon",
                "coordinates": [
                    [
                        [
                            112.6269441,
                            -7.9763701
                        ],
                        [
                            112.6271452,
                            -7.9764704
                        ],
                        [
                            112.6272403,
                            -7.9762752
                        ],
                        [
                            112.6271668,
                            -7.9762391
                        ],
                        [
                            112.6271757,
                            -7.9762211
                        ],
                        [
                            112.6271132,
                            -7.9761875
                        ],
                        [
                            112.6271045,
                            -7.976204
                        ],
                        [
                            112.6270834,
                            -7.9761921
                        ],
                        [
                            112.627039,
                            -7.9762062
                        ],
                        [
                            112.6270274,
                            -7.9762298
                        ],
                        [
                            112.6270089,
                            -7.9762209
                        ],
                        [
                            112.6269734,
                            -7.9762901
                        ],
                        [
                            112.6269831,
                            -7.9762935
                        ],
                        [
                            112.6269441,
                            -7.9763701
                        ]
                    ]
                ]
            },
            "properties": {
                "osm_id": 1362599144,
                "osm_type": "ways_poly",
                "opening_hours": null,
                "network": null,
                "operator": null,
                "name": "Pizza Hut",
                "amenity": "restaurant"
            }
        },
        {
            "type": "Feature",
            "geometry": {
                "type": "Polygon",
                "coordinates": [
                    [
                        [
                            112.6250796,
                            -7.9795792
                        ],
                        [
                            112.6252081,
                            -7.9796662
                        ],
                        [
                            112.6253074,
                            -7.9795274
                        ],
                        [
                            112.6251844,
                            -7.9794408
                        ],
                        [
                            112.6250796,
                            -7.9795792
                        ]
                    ]
                ]
            },
            "properties": {
                "osm_id": 643654336,
                "osm_type": "ways_poly",
                "opening_hours": null,
                "network": null,
                "operator": null,
                "name": "Maybank",
                "amenity": "bank"
            }
        },
        {
            "type": "Feature",
            "geometry": {
                "type": "Polygon",
                "coordinates": [
                    [
                        [
                            112.6261846,
                            -7.9750655
                        ],
                        [
                            112.6262554,
                            -7.9751433
                        ],
                        [
                            112.6263933,
                            -7.9750126
                        ],
                        [
                            112.6263178,
                            -7.9749382
                        ],
                        [
                            112.6261846,
                            -7.9750655
                        ]
                    ]
                ]
            },
            "properties": {
                "osm_id": 1362661619,
                "osm_type": "ways_poly",
                "opening_hours": null,
                "network": null,
                "operator": null,
                "name": "Naiki",
                "amenity": "cafe"
            }
        },
        {
            "type": "Feature",
            "geometry": {
                "type": "Polygon",
                "coordinates": [
                    [
                        [
                            112.6270594,
                            -7.9766453
                        ],
                        [
                            112.62731,
                            -7.9766851
                        ],
                        [
                            112.6273244,
                            -7.9765928
                        ],
                        [
                            112.6271096,
                            -7.9765513
                        ],
                        [
                            112.6270594,
                            -7.9766453
                        ]
                    ]
                ]
            },
            "properties": {
                "osm_id": 1362599145,
                "osm_type": "ways_poly",
                "opening_hours": null,
                "network": null,
                "operator": null,
                "name": "BNI",
                "amenity": "bank"
            }
        },
        {
            "type": "Feature",
            "geometry": {
                "type": "Polygon",
                "coordinates": [
                    [
                        [
                            112.6283874,
                            -7.9867977
                        ],
                        [
                            112.6284522,
                            -7.986823
                        ],
                        [
                            112.6284796,
                            -7.9867544
                        ],
                        [
                            112.6284148,
                            -7.9867291
                        ],
                        [
                            112.6283874,
                            -7.9867977
                        ]
                    ]
                ]
            },
            "properties": {
                "osm_id": 328916845,
                "osm_type": "ways_poly",
                "opening_hours": "17:00-23:00",
                "network": null,
                "operator": null,
                "name": "Rumah Makan Kairo Jagalan",
                "amenity": "restaurant"
            }
        },
        {
            "type": "Feature",
            "geometry": {
                "type": "Polygon",
                "coordinates": [
                    [
                        [
                            112.6196566,
                            -7.9727511
                        ],
                        [
                            112.6198022,
                            -7.9727864
                        ],
                        [
                            112.6198093,
                            -7.9727879
                        ],
                        [
                            112.6198233,
                            -7.9727229
                        ],
                        [
                            112.6197381,
                            -7.9727104
                        ],
                        [
                            112.6197529,
                            -7.9726229
                        ],
                        [
                            112.6198404,
                            -7.9726383
                        ],
                        [
                            112.6198746,
                            -7.9724607
                        ],
                        [
                            112.6197651,
                            -7.9724477
                        ],
                        [
                            112.6197631,
                            -7.9724614
                        ],
                        [
                            112.6197059,
                            -7.9724531
                        ],
                        [
                            112.6196566,
                            -7.9727511
                        ]
                    ]
                ]
            },
            "properties": {
                "osm_id": 475771514,
                "osm_type": "ways_poly",
                "opening_hours": null,
                "network": null,
                "operator": null,
                "name": "Neo Kedaton",
                "amenity": "restaurant"
            }
        },
        {
            "type": "Feature",
            "geometry": {
                "type": "Polygon",
                "coordinates": [
                    [
                        [
                            112.6201999,
                            -7.9765083
                        ],
                        [
                            112.6202995,
                            -7.9765413
                        ],
                        [
                            112.6203161,
                            -7.976487
                        ],
                        [
                            112.6202175,
                            -7.9764561
                        ],
                        [
                            112.6201999,
                            -7.9765083
                        ]
                    ]
                ]
            },
            "properties": {
                "osm_id": 1369866186,
                "osm_type": "ways_poly",
                "opening_hours": null,
                "network": null,
                "operator": null,
                "name": "Kedai Soto Banjar",
                "amenity": "restaurant"
            }
        },
        {
            "type": "Feature",
            "geometry": {
                "type": "Polygon",
                "coordinates": [
                    [
                        [
                            112.6181398,
                            -7.9724496
                        ],
                        [
                            112.6181519,
                            -7.9725375
                        ],
                        [
                            112.6181751,
                            -7.9727065
                        ],
                        [
                            112.6183686,
                            -7.9726875
                        ],
                        [
                            112.6183395,
                            -7.9724279
                        ],
                        [
                            112.6181398,
                            -7.9724496
                        ]
                    ]
                ]
            },
            "properties": {
                "osm_id": 475770034,
                "osm_type": "ways_poly",
                "opening_hours": null,
                "network": null,
                "operator": null,
                "name": "Kaizen",
                "amenity": "restaurant"
            }
        },
        {
            "type": "Feature",
            "geometry": {
                "type": "Polygon",
                "coordinates": [
                    [
                        [
                            112.6132045,
                            -7.9783537
                        ],
                        [
                            112.61323,
                            -7.9783917
                        ],
                        [
                            112.6132111,
                            -7.9784094
                        ],
                        [
                            112.6132453,
                            -7.9784536
                        ],
                        [
                            112.6132732,
                            -7.9784324
                        ],
                        [
                            112.6132956,
                            -7.978461
                        ],
                        [
                            112.6133108,
                            -7.9784492
                        ],
                        [
                            112.6133293,
                            -7.978471
                        ],
                        [
                            112.6133433,
                            -7.9784602
                        ],
                        [
                            112.6134661,
                            -7.9783659
                        ],
                        [
                            112.6134293,
                            -7.9783169
                        ],
                        [
                            112.6133797,
                            -7.978354
                        ],
                        [
                            112.6133465,
                            -7.9783085
                        ],
                        [
                            112.6133963,
                            -7.9782731
                        ],
                        [
                            112.6133763,
                            -7.9782465
                        ],
                        [
                            112.6132045,
                            -7.9783537
                        ]
                    ]
                ]
            },
            "properties": {
                "osm_id": 1362264089,
                "osm_type": "ways_poly",
                "opening_hours": null,
                "network": null,
                "operator": null,
                "name": null,
                "amenity": "cafe"
            }
        },
        {
            "type": "Feature",
            "geometry": {
                "type": "Polygon",
                "coordinates": [
                    [
                        [
                            112.613546,
                            -7.9789162
                        ],
                        [
                            112.6135622,
                            -7.9789384
                        ],
                        [
                            112.6136128,
                            -7.978904
                        ],
                        [
                            112.6136802,
                            -7.9788574
                        ],
                        [
                            112.6136643,
                            -7.9788345
                        ],
                        [
                            112.6136067,
                            -7.9788748
                        ],
                        [
                            112.613546,
                            -7.9789162
                        ]
                    ]
                ]
            },
            "properties": {
                "osm_id": 1378577450,
                "osm_type": "ways_poly",
                "opening_hours": null,
                "network": null,
                "operator": null,
                "name": "Sego Srimben Bu Tjipto",
                "amenity": "restaurant"
            }
        },
        {
            "type": "Feature",
            "geometry": {
                "type": "Polygon",
                "coordinates": [
                    [
                        [
                            112.6121759,
                            -7.975628
                        ],
                        [
                            112.6123355,
                            -7.9756777
                        ],
                        [
                            112.6124125,
                            -7.9754591
                        ],
                        [
                            112.6122391,
                            -7.9754083
                        ],
                        [
                            112.6121984,
                            -7.9755516
                        ],
                        [
                            112.6121759,
                            -7.975628
                        ]
                    ]
                ]
            },
            "properties": {
                "osm_id": 1310642270,
                "osm_type": "ways_poly",
                "opening_hours": null,
                "network": null,
                "operator": null,
                "name": "Kotäsk Kaffe Co.",
                "amenity": "cafe"
            }
        },
        {
            "type": "Feature",
            "geometry": {
                "type": "Polygon",
                "coordinates": [
                    [
                        [
                            112.6129233,
                            -7.9787654
                        ],
                        [
                            112.6129464,
                            -7.9787966
                        ],
                        [
                            112.6129936,
                            -7.9787616
                        ],
                        [
                            112.6129699,
                            -7.9787309
                        ],
                        [
                            112.6129331,
                            -7.9787581
                        ],
                        [
                            112.6129233,
                            -7.9787654
                        ]
                    ]
                ]
            },
            "properties": {
                "osm_id": 1379099268,
                "osm_type": "ways_poly",
                "opening_hours": null,
                "network": null,
                "operator": null,
                "name": "Chicken Box",
                "amenity": "restaurant"
            }
        },
        {
            "type": "Feature",
            "geometry": {
                "type": "Polygon",
                "coordinates": [
                    [
                        [
                            112.6196502,
                            -7.9779881
                        ],
                        [
                            112.6197857,
                            -7.9780293
                        ],
                        [
                            112.6198154,
                            -7.9779358
                        ],
                        [
                            112.6196801,
                            -7.9778928
                        ],
                        [
                            112.6196502,
                            -7.9779881
                        ]
                    ]
                ]
            },
            "properties": {
                "osm_id": 1357127147,
                "osm_type": "ways_poly",
                "opening_hours": null,
                "network": null,
                "operator": null,
                "name": "Sari Lambau",
                "amenity": "cafe"
            }
        },
        {
            "type": "Feature",
            "geometry": {
                "type": "Polygon",
                "coordinates": [
                    [
                        [
                            112.5607871,
                            -7.9489338
                        ],
                        [
                            112.5610153,
                            -7.9488354
                        ],
                        [
                            112.5614516,
                            -7.94864
                        ],
                        [
                            112.5615302,
                            -7.948606
                        ],
                        [
                            112.5614648,
                            -7.948523
                        ],
                        [
                            112.5613433,
                            -7.9483981
                        ],
                        [
                            112.5612206,
                            -7.9483209
                        ],
                        [
                            112.5607871,
                            -7.9489338
                        ]
                    ]
                ]
            },
            "properties": {
                "osm_id": 1324828161,
                "osm_type": "ways_poly",
                "opening_hours": null,
                "network": null,
                "operator": null,
                "name": "Lataran Sendayu",
                "amenity": "restaurant"
            }
        },
        {
            "type": "Feature",
            "geometry": {
                "type": "Polygon",
                "coordinates": [
                    [
                        [
                            112.599628,
                            -7.9670339
                        ],
                        [
                            112.5999525,
                            -7.9672039
                        ],
                        [
                            112.6000893,
                            -7.9669435
                        ],
                        [
                            112.5997755,
                            -7.9667682
                        ],
                        [
                            112.599628,
                            -7.9670339
                        ]
                    ]
                ]
            },
            "properties": {
                "osm_id": 530920790,
                "osm_type": "ways_poly",
                "opening_hours": null,
                "network": null,
                "operator": null,
                "name": "Warung Lesehan Yogyakarta",
                "amenity": "restaurant"
            }
        },
        {
            "type": "Feature",
            "geometry": {
                "type": "Polygon",
                "coordinates": [
                    [
                        [
                            112.6252913,
                            -7.967759
                        ],
                        [
                            112.6254912,
                            -7.9677643
                        ],
                        [
                            112.6254925,
                            -7.9676156
                        ],
                        [
                            112.625294,
                            -7.9676129
                        ],
                        [
                            112.6252913,
                            -7.967759
                        ]
                    ]
                ]
            },
            "properties": {
                "osm_id": 530920772,
                "osm_type": "ways_poly",
                "opening_hours": null,
                "network": null,
                "operator": null,
                "name": "Warung Rindu",
                "amenity": "restaurant"
            }
        },
        {
            "type": "Feature",
            "geometry": {
                "type": "MultiPolygon",
                "coordinates": [
                    [
                        [
                            [
                                112.6141765,
                                -7.9836435
                            ],
                            [
                                112.6141774,
                                -7.9837984
                            ],
                            [
                                112.6142209,
                                -7.9837973
                            ],
                            [
                                112.6142183,
                                -7.9836388
                            ],
                            [
                                112.6141765,
                                -7.9836435
                            ]
                        ]
                    ],
                    [
                        [
                            [
                                112.6142464,
                                -7.983698
                            ],
                            [
                                112.614279,
                                -7.9836981
                            ],
                            [
                                112.614277,
                                -7.9836307
                            ],
                            [
                                112.6142464,
                                -7.9836338
                            ],
                            [
                                112.6142464,
                                -7.983698
                            ]
                        ]
                    ]
                ]
            },
            "properties": {
                "osm_id": 18972434,
                "osm_type": "relations",
                "opening_hours": null,
                "network": null,
                "operator": null,
                "name": "Warung Samudra",
                "amenity": "restaurant"
            }
        },
        {
            "type": "Feature",
            "geometry": {
                "type": "Polygon",
                "coordinates": [
                    [
                        [
                            112.6188825,
                            -7.9729266
                        ],
                        [
                            112.6190934,
                            -7.9729499
                        ],
                        [
                            112.6191011,
                            -7.9728871
                        ],
                        [
                            112.6191111,
                            -7.9726939
                        ],
                        [
                            112.6190248,
                            -7.9726895
                        ],
                        [
                            112.618942,
                            -7.9726882
                        ],
                        [
                            112.6189047,
                            -7.9726869
                        ],
                        [
                            112.6188825,
                            -7.9729266
                        ]
                    ],
                    [
                        [
                            112.6189784,
                            -7.9727647
                        ],
                        [
                            112.6189816,
                            -7.9727282
                        ],
                        [
                            112.6190441,
                            -7.9727329
                        ],
                        [
                            112.6190404,
                            -7.9727689
                        ],
                        [
                            112.6189784,
                            -7.9727647
                        ]
                    ]
                ]
            },
            "properties": {
                "osm_id": 18721045,
                "osm_type": "relations",
                "opening_hours": null,
                "network": null,
                "operator": null,
                "name": "Madame Wang Secret Garden",
                "amenity": "restaurant"
            }
        }
    ]
}